{
"type": "FeatureCollection",
"crs": { "type": "name", "properties": { "name": "urn:ogc:def:crs:EPSG::6668"} },
"features": [
{ "type": "Feature", "properties": { "連番": 1, "索引番号": "1", "山名＜山頂名＞": "知床岳", "山名よみ＜山頂名よみ＞": "しれとこだけ", "標高値(m)": 1254, "種別": "三角点", "都道府県": "北海道", "緯度": 44.235726, "経度": 145.27394 }, "geometry": { "type": "Point", "coordinates": [ 145.273939750, 44.235725667 ] } }
,
{ "type": "Feature", "properties": { "連番": 2, "索引番号": "2", "山名＜山頂名＞": "硫黄山", "山名よみ＜山頂名よみ＞": "いおうざん", "標高値(m)": 1562, "種別": "三角点", "都道府県": "北海道", "緯度": 44.133258, "経度": 145.16129 }, "geometry": { "type": "Point", "coordinates": [ 145.161290222, 44.133257944 ] } }
,
{ "type": "Feature", "properties": { "連番": 3, "索引番号": "3", "山名＜山頂名＞": "知円別岳", "山名よみ＜山頂名よみ＞": "ちえんべつだけ", "標高値(m)": 1544, "種別": "標高点", "都道府県": "北海道", "緯度": 44.124615, "経度": 145.168839 }, "geometry": { "type": "Point", "coordinates": [ 145.168839167, 44.124614722 ] } }
,
{ "type": "Feature", "properties": { "連番": 4, "索引番号": "4", "山名＜山頂名＞": "サシルイ岳", "山名よみ＜山頂名よみ＞": "さしるいだけ", "標高値(m)": 1564, "種別": "標高点", "都道府県": "北海道", "緯度": 44.095319, "経度": 145.143678 }, "geometry": { "type": "Point", "coordinates": [ 145.143677778, 44.095319166 ] } }
,
{ "type": "Feature", "properties": { "連番": 5, "索引番号": "5", "山名＜山頂名＞": "羅臼岳", "山名よみ＜山頂名よみ＞": "らうすだけ", "標高値(m)": 1660, "種別": "測定点", "都道府県": "北海道", "緯度": 44.075917, "経度": 145.122246 }, "geometry": { "type": "Point", "coordinates": [ 145.122245868, 44.075916684 ] } }
,
{ "type": "Feature", "properties": { "連番": 6, "索引番号": "6", "山名＜山頂名＞": "遠音別岳", "山名よみ＜山頂名よみ＞": "おんねべつだけ", "標高値(m)": 1330, "種別": "三角点", "都道府県": "北海道", "緯度": 43.993399, "経度": 145.013274 }, "geometry": { "type": "Point", "coordinates": [ 145.013274250, 43.993398722 ] } }
,
{ "type": "Feature", "properties": { "連番": 7, "索引番号": "7", "山名＜山頂名＞": "海別岳", "山名よみ＜山頂名よみ＞": "うなべつだけ", "標高値(m)": 1419, "種別": "三角点", "都道府県": "北海道", "緯度": 43.876845, "経度": 144.87654 }, "geometry": { "type": "Point", "coordinates": [ 144.876539778, 43.876845389 ] } }
,
{ "type": "Feature", "properties": { "連番": 8, "索引番号": "8", "山名＜山頂名＞": "斜里岳", "山名よみ＜山頂名よみ＞": "しゃりだけ", "標高値(m)": 1547, "種別": "標高点", "都道府県": "北海道", "緯度": 43.765743, "経度": 144.717659 }, "geometry": { "type": "Point", "coordinates": [ 144.717658612, 43.765742778 ] } }
,
{ "type": "Feature", "properties": { "連番": 9, "索引番号": "9", "山名＜山頂名＞": "標津岳", "山名よみ＜山頂名よみ＞": "しべつだけ", "標高値(m)": 1061, "種別": "標高点", "都道府県": "北海道", "緯度": 43.668171, "経度": 144.704818 }, "geometry": { "type": "Point", "coordinates": [ 144.704818055, 43.668171111 ] } }
,
{ "type": "Feature", "properties": { "連番": 10, "索引番号": "10", "山名＜山頂名＞": "藻琴山", "山名よみ＜山頂名よみ＞": "もことやま", "標高値(m)": 1000, "種別": "三角点", "都道府県": "北海道", "緯度": 43.704313, "経度": 144.330987 }, "geometry": { "type": "Point", "coordinates": [ 144.330987028, 43.704313194 ] } }
,
{ "type": "Feature", "properties": { "連番": 11, "索引番号": "11", "山名＜山頂名＞": "アトサヌプリ（硫黄山）", "山名よみ＜山頂名よみ＞": "あとさぬぷり（いおうざん）", "標高値(m)": 508, "種別": "標高点", "都道府県": "北海道", "緯度": 43.610395, "経度": 144.438652 }, "geometry": { "type": "Point", "coordinates": [ 144.438651667, 43.610395278 ] } }
,
{ "type": "Feature", "properties": { "連番": 12, "索引番号": "12", "山名＜山頂名＞": "カムイヌプリ（摩周岳）", "山名よみ＜山頂名よみ＞": "かむいぬぷり（ましゅうだけ）", "標高値(m)": 857, "種別": "標高点", "都道府県": "北海道", "緯度": 43.572273, "経度": 144.560902 }, "geometry": { "type": "Point", "coordinates": [ 144.560901944, 43.572273055 ] } }
,
{ "type": "Feature", "properties": { "連番": 13, "索引番号": "13", "山名＜山頂名＞": "雄阿寒岳", "山名よみ＜山頂名よみ＞": "おあかんだけ", "標高値(m)": 1370, "種別": "三角点", "都道府県": "北海道", "緯度": 43.454056, "経度": 144.164617 }, "geometry": { "type": "Point", "coordinates": [ 144.164617000, 43.454056194 ] } }
,
{ "type": "Feature", "properties": { "連番": 14, "索引番号": "14-1", "山名＜山頂名＞": "雌阿寒岳", "山名よみ＜山頂名よみ＞": "めあかんだけ", "標高値(m)": 1499, "種別": "標高点", "都道府県": "北海道", "緯度": 43.386318, "経度": 144.008813 }, "geometry": { "type": "Point", "coordinates": [ 144.008813414, 43.386317628 ] } }
,
{ "type": "Feature", "properties": { "連番": 15, "索引番号": "14-2", "山名＜山頂名＞": "雌阿寒岳＜阿寒富士＞", "山名よみ＜山頂名よみ＞": "めあかんだけ＜あかんふじ＞", "標高値(m)": 1476, "種別": "三角点", "都道府県": "北海道", "緯度": 43.374063, "経度": 144.006504 }, "geometry": { "type": "Point", "coordinates": [ 144.006504056, 43.374063000 ] } }
,
{ "type": "Feature", "properties": { "連番": 16, "索引番号": "15", "山名＜山頂名＞": "ウコタキヌプリ", "山名よみ＜山頂名よみ＞": "うこたきぬぷり", "標高値(m)": 747, "種別": "標高点", "都道府県": "北海道", "緯度": 43.208527, "経度": 143.797571 }, "geometry": { "type": "Point", "coordinates": [ 143.797570556, 43.208526667 ] } }
,
{ "type": "Feature", "properties": { "連番": 17, "索引番号": "16", "山名＜山頂名＞": "礼文岳", "山名よみ＜山頂名よみ＞": "れぶんだけ", "標高値(m)": 490, "種別": "三角点", "都道府県": "北海道", "緯度": 45.37252, "経度": 141.015803 }, "geometry": { "type": "Point", "coordinates": [ 141.015803417, 45.372520472 ] } }
,
{ "type": "Feature", "properties": { "連番": 18, "索引番号": "17", "山名＜山頂名＞": "利尻山（利尻富士）", "山名よみ＜山頂名よみ＞": "りしりざん（りしりふじ）", "標高値(m)": 1721, "種別": "標高点", "都道府県": "北海道", "緯度": 45.178536, "経度": 141.242036 }, "geometry": { "type": "Point", "coordinates": [ 141.242035556, 45.178535834 ] } }
,
{ "type": "Feature", "properties": { "連番": 19, "索引番号": "18", "山名＜山頂名＞": "幌尻山", "山名よみ＜山頂名よみ＞": "ぽろしりやま", "標高値(m)": 427, "種別": "三角点", "都道府県": "北海道", "緯度": 45.165622, "経度": 142.008524 }, "geometry": { "type": "Point", "coordinates": [ 142.008524472, 45.165622111 ] } }
,
{ "type": "Feature", "properties": { "連番": 20, "索引番号": "19", "山名＜山頂名＞": "パンケ山", "山名よみ＜山頂名よみ＞": "ぱんけざん", "標高値(m)": 632, "種別": "三角点", "都道府県": "北海道", "緯度": 44.857042, "経度": 142.149839 }, "geometry": { "type": "Point", "coordinates": [ 142.149838639, 44.857041611 ] } }
,
{ "type": "Feature", "properties": { "連番": 21, "索引番号": "20", "山名＜山頂名＞": "ポロヌプリ山", "山名よみ＜山頂名よみ＞": "ぽろぬぷりざん", "標高値(m)": 841, "種別": "標高点", "都道府県": "北海道", "緯度": 44.961847, "経度": 142.420377 }, "geometry": { "type": "Point", "coordinates": [ 142.420377223, 44.961847222 ] } }
,
{ "type": "Feature", "properties": { "連番": 22, "索引番号": "21", "山名＜山頂名＞": "敏音知岳", "山名よみ＜山頂名よみ＞": "ぴんねしりだけ", "標高値(m)": 703, "種別": "三角点", "都道府県": "北海道", "緯度": 44.89306, "経度": 142.234535 }, "geometry": { "type": "Point", "coordinates": [ 142.234534528, 44.893059833 ] } }
,
{ "type": "Feature", "properties": { "連番": 23, "索引番号": "22", "山名＜山頂名＞": "函岳", "山名よみ＜山頂名よみ＞": "はこだけ", "標高値(m)": 1129, "種別": "三角点", "都道府県": "北海道", "緯度": 44.665888, "経度": 142.412131 }, "geometry": { "type": "Point", "coordinates": [ 142.412131194, 44.665888250 ] } }
,
{ "type": "Feature", "properties": { "連番": 24, "索引番号": "23", "山名＜山頂名＞": "ピヤシリ山", "山名よみ＜山頂名よみ＞": "ぴやしりやま", "標高値(m)": 987, "種別": "三角点", "都道府県": "北海道", "緯度": 44.433695, "経度": 142.584098 }, "geometry": { "type": "Point", "coordinates": [ 142.584097778, 44.433695333 ] } }
,
{ "type": "Feature", "properties": { "連番": 25, "索引番号": "24", "山名＜山頂名＞": "欝岳", "山名よみ＜山頂名よみ＞": "うつだけ", "標高値(m)": 818, "種別": "三角点", "都道府県": "北海道", "緯度": 44.291743, "経度": 143.08253 }, "geometry": { "type": "Point", "coordinates": [ 143.082529583, 44.291742833 ] } }
,
{ "type": "Feature", "properties": { "連番": 26, "索引番号": "25", "山名＜山頂名＞": "ウエンシリ岳", "山名よみ＜山頂名よみ＞": "うえんしりだけ", "標高値(m)": 1142, "種別": "三角点", "都道府県": "北海道", "緯度": 44.228801, "経度": 142.876338 }, "geometry": { "type": "Point", "coordinates": [ 142.876337972, 44.228800667 ] } }
,
{ "type": "Feature", "properties": { "連番": 27, "索引番号": "26", "山名＜山頂名＞": "渚滑岳", "山名よみ＜山頂名よみ＞": "しょこつだけ", "標高値(m)": 1345, "種別": "三角点", "都道府県": "北海道", "緯度": 44.040358, "経度": 142.917386 }, "geometry": { "type": "Point", "coordinates": [ 142.917386361, 44.040357528 ] } }
,
{ "type": "Feature", "properties": { "連番": 28, "索引番号": "27", "山名＜山頂名＞": "天塩岳", "山名よみ＜山頂名よみ＞": "てしおだけ", "標高値(m)": 1557, "種別": "三角点", "都道府県": "北海道", "緯度": 43.964372, "経度": 142.887986 }, "geometry": { "type": "Point", "coordinates": [ 142.887985500, 43.964372222 ] } }
,
{ "type": "Feature", "properties": { "連番": 29, "索引番号": "28", "山名＜山頂名＞": "チトカニウシ山", "山名よみ＜山頂名よみ＞": "ちとかにうしやま", "標高値(m)": 1445, "種別": "三角点", "都道府県": "北海道", "緯度": 43.906794, "経度": 143.048547 }, "geometry": { "type": "Point", "coordinates": [ 143.048546917, 43.906794333 ] } }
,
{ "type": "Feature", "properties": { "連番": 30, "索引番号": "29", "山名＜山頂名＞": "仁頃山", "山名よみ＜山頂名よみ＞": "にころやま", "標高値(m)": 829, "種別": "三角点", "都道府県": "北海道", "緯度": 43.878268, "経度": 143.718209 }, "geometry": { "type": "Point", "coordinates": [ 143.718209361, 43.878267778 ] } }
,
{ "type": "Feature", "properties": { "連番": 31, "索引番号": "30", "山名＜山頂名＞": "ニセイカウシュッペ山", "山名よみ＜山頂名よみ＞": "にせいかうしゅっぺやま", "標高値(m)": 1883, "種別": "標高点", "都道府県": "北海道", "緯度": 43.779967, "経度": 142.985346 }, "geometry": { "type": "Point", "coordinates": [ 142.985346111, 43.779966945 ] } }
,
{ "type": "Feature", "properties": { "連番": 32, "索引番号": "31", "山名＜山頂名＞": "武利岳", "山名よみ＜山頂名よみ＞": "むりいだけ", "標高値(m)": 1876, "種別": "三角点", "都道府県": "北海道", "緯度": 43.732934, "経度": 143.176511 }, "geometry": { "type": "Point", "coordinates": [ 143.176510722, 43.732934444 ] } }
,
{ "type": "Feature", "properties": { "連番": 33, "索引番号": "32", "山名＜山頂名＞": "武華山", "山名よみ＜山頂名よみ＞": "むかやま", "標高値(m)": 1759, "種別": "三角点", "都道府県": "北海道", "緯度": 43.705705, "経度": 143.160519 }, "geometry": { "type": "Point", "coordinates": [ 143.160519250, 43.705704861 ] } }
,
{ "type": "Feature", "properties": { "連番": 34, "索引番号": "33", "山名＜山頂名＞": "北見富士", "山名よみ＜山頂名よみ＞": "きたみふじ", "標高値(m)": 1291, "種別": "三角点", "都道府県": "北海道", "緯度": 43.693735, "経度": 143.295921 }, "geometry": { "type": "Point", "coordinates": [ 143.295920861, 43.693734500 ] } }
,
{ "type": "Feature", "properties": { "連番": 35, "索引番号": "34-1", "山名＜山頂名＞": "大雪山（ヌタプカウシペ）＜旭岳＞", "山名よみ＜山頂名よみ＞": "たいせつざん（ぬたぷかうしぺ）＜あさひだけ＞", "標高値(m)": 2291, "種別": "三角点", "都道府県": "北海道", "緯度": 43.663582, "経度": 142.854138 }, "geometry": { "type": "Point", "coordinates": [ 142.854138028, 43.663582028 ] } }
,
{ "type": "Feature", "properties": { "連番": 36, "索引番号": "34-2", "山名＜山頂名＞": "大雪山（ヌタプカウシペ）＜黒岳＞", "山名よみ＜山頂名よみ＞": "たいせつざん（ぬたぷかうしぺ）＜くろだけ＞", "標高値(m)": 1984, "種別": "標高点", "都道府県": "北海道", "緯度": 43.6975, "経度": 142.920277 }, "geometry": { "type": "Point", "coordinates": [ 142.920276945, 43.697500000 ] } }
,
{ "type": "Feature", "properties": { "連番": 37, "索引番号": "34-3", "山名＜山頂名＞": "大雪山（ヌタプカウシペ）＜北鎮岳＞", "山名よみ＜山頂名よみ＞": "たいせつざん（ぬたぷかうしぺ）＜ほくちんだけ＞", "標高値(m)": 2244, "種別": "標高点", "都道府県": "北海道", "緯度": 43.692768, "経度": 142.8799 }, "geometry": { "type": "Point", "coordinates": [ 142.879900278, 43.692768056 ] } }
,
{ "type": "Feature", "properties": { "連番": 38, "索引番号": "34-4", "山名＜山頂名＞": "大雪山（ヌタプカウシペ）＜愛別岳＞", "山名よみ＜山頂名よみ＞": "たいせつざん（ぬたぷかうしぺ）＜あいべつだけ＞", "標高値(m)": 2113, "種別": "標高点", "都道府県": "北海道", "緯度": 43.707911, "経度": 142.857119 }, "geometry": { "type": "Point", "coordinates": [ 142.857119444, 43.707911389 ] } }
,
{ "type": "Feature", "properties": { "連番": 39, "索引番号": "34-5", "山名＜山頂名＞": "大雪山（ヌタプカウシペ）＜白雲岳＞", "山名よみ＜山頂名よみ＞": "たいせつざん（ぬたぷかうしぺ）＜はくうんだけ＞", "標高値(m)": 2230, "種別": "三角点", "都道府県": "北海道", "緯度": 43.661188, "経度": 142.905915 }, "geometry": { "type": "Point", "coordinates": [ 142.905914917, 43.661187694 ] } }
,
{ "type": "Feature", "properties": { "連番": 40, "索引番号": "35", "山名＜山頂名＞": "忠別岳", "山名よみ＜山頂名よみ＞": "ちゅうべつだけ", "標高値(m)": 1963, "種別": "標高点", "都道府県": "北海道", "緯度": 43.59108, "経度": 142.894507 }, "geometry": { "type": "Point", "coordinates": [ 142.894507500, 43.591079722 ] } }
,
{ "type": "Feature", "properties": { "連番": 41, "索引番号": "36", "山名＜山頂名＞": "トムラウシ山", "山名よみ＜山頂名よみ＞": "とむらうしやま", "標高値(m)": 2141, "種別": "三角点", "都道府県": "北海道", "緯度": 43.527111, "経度": 142.84879 }, "geometry": { "type": "Point", "coordinates": [ 142.848789889, 43.527110528 ] } }
,
{ "type": "Feature", "properties": { "連番": 42, "索引番号": "37", "山名＜山頂名＞": "オプタテシケ山", "山名よみ＜山頂名よみ＞": "おぷたてしけやま", "標高値(m)": 2012, "種別": "三角点", "都道府県": "北海道", "緯度": 43.470244, "経度": 142.751538 }, "geometry": { "type": "Point", "coordinates": [ 142.751538472, 43.470244000 ] } }
,
{ "type": "Feature", "properties": { "連番": 43, "索引番号": "38", "山名＜山頂名＞": "美瑛岳", "山名よみ＜山頂名よみ＞": "びえいだけ", "標高値(m)": 2052, "種別": "三角点", "都道府県": "北海道", "緯度": 43.439895, "経度": 142.706563 }, "geometry": { "type": "Point", "coordinates": [ 142.706562583, 43.439895083 ] } }
,
{ "type": "Feature", "properties": { "連番": 44, "索引番号": "39", "山名＜山頂名＞": "十勝岳", "山名よみ＜山頂名よみ＞": "とかちだけ", "標高値(m)": 2077, "種別": "標高点", "都道府県": "北海道", "緯度": 43.417859, "経度": 142.686283 }, "geometry": { "type": "Point", "coordinates": [ 142.686283333, 43.417858889 ] } }
,
{ "type": "Feature", "properties": { "連番": 45, "索引番号": "40", "山名＜山頂名＞": "上ホロカメットク山", "山名よみ＜山頂名よみ＞": "かみほろかめっとくやま", "標高値(m)": 1920, "種別": "標高点", "都道府県": "北海道", "緯度": 43.404887, "経度": 142.671772 }, "geometry": { "type": "Point", "coordinates": [ 142.671771945, 43.404886667 ] } }
,
{ "type": "Feature", "properties": { "連番": 46, "索引番号": "41", "山名＜山頂名＞": "富良野岳", "山名よみ＜山頂名よみ＞": "ふらのだけ", "標高値(m)": 1912, "種別": "三角点", "都道府県": "北海道", "緯度": 43.393723, "経度": 142.634976 }, "geometry": { "type": "Point", "coordinates": [ 142.634976389, 43.393722639 ] } }
,
{ "type": "Feature", "properties": { "連番": 47, "索引番号": "42", "山名＜山頂名＞": "三国山", "山名よみ＜山頂名よみ＞": "みくにやま", "標高値(m)": 1541, "種別": "三角点", "都道府県": "北海道", "緯度": 43.595395, "経度": 143.146416 }, "geometry": { "type": "Point", "coordinates": [ 143.146416278, 43.595395444 ] } }
,
{ "type": "Feature", "properties": { "連番": 48, "索引番号": "43", "山名＜山頂名＞": "石狩岳", "山名よみ＜山頂名よみ＞": "いしかりだけ", "標高値(m)": 1967, "種別": "標高点", "都道府県": "北海道", "緯度": 43.546573, "経度": 143.022311 }, "geometry": { "type": "Point", "coordinates": [ 143.022310555, 43.546572778 ] } }
,
{ "type": "Feature", "properties": { "連番": 49, "索引番号": "44", "山名＜山頂名＞": "音更山", "山名よみ＜山頂名よみ＞": "おとふけやま", "標高値(m)": 1932, "種別": "三角点", "都道府県": "北海道", "緯度": 43.561775, "経度": 143.03531 }, "geometry": { "type": "Point", "coordinates": [ 143.035310444, 43.561774500 ] } }
,
{ "type": "Feature", "properties": { "連番": 50, "索引番号": "45", "山名＜山頂名＞": "ニペソツ山", "山名よみ＜山頂名よみ＞": "にぺそつやま", "標高値(m)": 2013, "種別": "標高点", "都道府県": "北海道", "緯度": 43.455985, "経度": 143.032245 }, "geometry": { "type": "Point", "coordinates": [ 143.032244722, 43.455984723 ] } }
,
{ "type": "Feature", "properties": { "連番": 51, "索引番号": "46", "山名＜山頂名＞": "ウペペサンケ山", "山名よみ＜山頂名よみ＞": "うぺぺさんけやま", "標高値(m)": 1848, "種別": "標高点", "都道府県": "北海道", "緯度": 43.389519, "経度": 143.082096 }, "geometry": { "type": "Point", "coordinates": [ 143.082096389, 43.389519444 ] } }
,
{ "type": "Feature", "properties": { "連番": 52, "索引番号": "47", "山名＜山頂名＞": "東ヌプカウシヌプリ", "山名よみ＜山頂名よみ＞": "ひがしぬぷかうしぬぷり", "標高値(m)": 1252, "種別": "三角点", "都道府県": "北海道", "緯度": 43.245784, "経度": 143.102143 }, "geometry": { "type": "Point", "coordinates": [ 143.102142722, 43.245784278 ] } }
,
{ "type": "Feature", "properties": { "連番": 53, "索引番号": "48", "山名＜山頂名＞": "佐幌岳", "山名よみ＜山頂名よみ＞": "さほろだけ", "標高値(m)": 1059, "種別": "三角点", "都道府県": "北海道", "緯度": 43.173381, "経度": 142.780995 }, "geometry": { "type": "Point", "coordinates": [ 142.780994694, 43.173380528 ] } }
,
{ "type": "Feature", "properties": { "連番": 54, "索引番号": "49", "山名＜山頂名＞": "西クマネシリ岳", "山名よみ＜山頂名よみ＞": "にしくまねしりだけ", "標高値(m)": 1635, "種別": "標高点", "都道府県": "北海道", "緯度": 43.519124, "経度": 143.233282 }, "geometry": { "type": "Point", "coordinates": [ 143.233282223, 43.519124166 ] } }
,
{ "type": "Feature", "properties": { "連番": 55, "索引番号": "50", "山名＜山頂名＞": "東三国山", "山名よみ＜山頂名よみ＞": "ひがしみくにやま", "標高値(m)": 1230, "種別": "三角点", "都道府県": "北海道", "緯度": 43.508208, "経度": 143.463732 }, "geometry": { "type": "Point", "coordinates": [ 143.463732167, 43.508207722 ] } }
,
{ "type": "Feature", "properties": { "連番": 56, "索引番号": "51", "山名＜山頂名＞": "喜登牛山", "山名よみ＜山頂名よみ＞": "きとうしやま", "標高値(m)": 1312, "種別": "三角点", "都道府県": "北海道", "緯度": 43.447692, "経度": 143.456324 }, "geometry": { "type": "Point", "coordinates": [ 143.456323833, 43.447691639 ] } }
,
{ "type": "Feature", "properties": { "連番": 57, "索引番号": "52", "山名＜山頂名＞": "ピッシリ山", "山名よみ＜山頂名よみ＞": "ぴっしりざん", "標高値(m)": 1031, "種別": "三角点", "都道府県": "北海道", "緯度": 44.355624, "経度": 142.032063 }, "geometry": { "type": "Point", "coordinates": [ 142.032062833, 44.355624111 ] } }
,
{ "type": "Feature", "properties": { "連番": 58, "索引番号": "53", "山名＜山頂名＞": "三頭山", "山名よみ＜山頂名よみ＞": "さんとうさん", "標高値(m)": 1009, "種別": "三角点", "都道府県": "北海道", "緯度": 44.091549, "経度": 142.085817 }, "geometry": { "type": "Point", "coordinates": [ 142.085816833, 44.091549278 ] } }
,
{ "type": "Feature", "properties": { "連番": 59, "索引番号": "54", "山名＜山頂名＞": "ポロシリ山", "山名よみ＜山頂名よみ＞": "ぽろしりやま", "標高値(m)": 730, "種別": "三角点", "都道府県": "北海道", "緯度": 43.962587, "経度": 141.836233 }, "geometry": { "type": "Point", "coordinates": [ 141.836233417, 43.962587306 ] } }
,
{ "type": "Feature", "properties": { "連番": 60, "索引番号": "55", "山名＜山頂名＞": "暑寒別岳", "山名よみ＜山頂名よみ＞": "しょかんべつだけ", "標高値(m)": 1491, "種別": "三角点", "都道府県": "北海道", "緯度": 43.715865, "経度": 141.522949 }, "geometry": { "type": "Point", "coordinates": [ 141.522949444, 43.715865194 ] } }
,
{ "type": "Feature", "properties": { "連番": 61, "索引番号": "56", "山名＜山頂名＞": "群別岳", "山名よみ＜山頂名よみ＞": "くんべつだけ", "標高値(m)": 1376, "種別": "三角点", "都道府県": "北海道", "緯度": 43.68474, "経度": 141.487671 }, "geometry": { "type": "Point", "coordinates": [ 141.487671250, 43.684739972 ] } }
,
{ "type": "Feature", "properties": { "連番": 62, "索引番号": "57", "山名＜山頂名＞": "ピンネシリ", "山名よみ＜山頂名よみ＞": "ぴんねしり", "標高値(m)": 1100, "種別": "三角点", "都道府県": "北海道", "緯度": 43.491807, "経度": 141.70674 }, "geometry": { "type": "Point", "coordinates": [ 141.706739861, 43.491807361 ] } }
,
{ "type": "Feature", "properties": { "連番": 63, "索引番号": "58", "山名＜山頂名＞": "イルムケップ山", "山名よみ＜山頂名よみ＞": "いるむけっぷやま", "標高値(m)": 864, "種別": "三角点", "都道府県": "北海道", "緯度": 43.629214, "経度": 142.110281 }, "geometry": { "type": "Point", "coordinates": [ 142.110280556, 43.629213806 ] } }
,
{ "type": "Feature", "properties": { "連番": 64, "索引番号": "59", "山名＜山頂名＞": "富良野西岳", "山名よみ＜山頂名よみ＞": "ふらのにしだけ", "標高値(m)": 1331, "種別": "三角点", "都道府県": "北海道", "緯度": 43.309197, "経度": 142.311645 }, "geometry": { "type": "Point", "coordinates": [ 142.311644917, 43.309196528 ] } }
,
{ "type": "Feature", "properties": { "連番": 65, "索引番号": "60", "山名＜山頂名＞": "芦別岳", "山名よみ＜山頂名よみ＞": "あしべつだけ", "標高値(m)": 1726, "種別": "三角点", "都道府県": "北海道", "緯度": 43.23573, "経度": 142.283553 }, "geometry": { "type": "Point", "coordinates": [ 142.283553000, 43.235730333 ] } }
,
{ "type": "Feature", "properties": { "連番": 66, "索引番号": "61", "山名＜山頂名＞": "幾春別岳", "山名よみ＜山頂名よみ＞": "いくしゅんべつだけ", "標高値(m)": 1068, "種別": "標高点", "都道府県": "北海道", "緯度": 43.227072, "経度": 142.159415 }, "geometry": { "type": "Point", "coordinates": [ 142.159414722, 43.227071945 ] } }
,
{ "type": "Feature", "properties": { "連番": 67, "索引番号": "62", "山名＜山頂名＞": "夕張岳", "山名よみ＜山頂名よみ＞": "ゆうばりだけ", "標高値(m)": 1668, "種別": "三角点", "都道府県": "北海道", "緯度": 43.099691, "経度": 142.251011 }, "geometry": { "type": "Point", "coordinates": [ 142.251010806, 43.099691472 ] } }
,
{ "type": "Feature", "properties": { "連番": 68, "索引番号": "63", "山名＜山頂名＞": "ハッタオマナイ岳", "山名よみ＜山頂名よみ＞": "はったおまないだけ", "標高値(m)": 1021, "種別": "三角点", "都道府県": "北海道", "緯度": 42.846969, "経度": 142.313123 }, "geometry": { "type": "Point", "coordinates": [ 142.313122944, 42.846969028 ] } }
,
{ "type": "Feature", "properties": { "連番": 69, "索引番号": "64", "山名＜山頂名＞": "トマム山", "山名よみ＜山頂名よみ＞": "とまむやま", "標高値(m)": 1239, "種別": "三角点", "都道府県": "北海道", "緯度": 43.078634, "経度": 142.596096 }, "geometry": { "type": "Point", "coordinates": [ 142.596096083, 43.078634139 ] } }
,
{ "type": "Feature", "properties": { "連番": 70, "索引番号": "65", "山名＜山頂名＞": "芽室岳", "山名よみ＜山頂名よみ＞": "めむろだけ", "標高値(m)": 1753, "種別": "三角点", "都道府県": "北海道", "緯度": 42.868967, "経度": 142.785395 }, "geometry": { "type": "Point", "coordinates": [ 142.785395139, 42.868967306 ] } }
,
{ "type": "Feature", "properties": { "連番": 71, "索引番号": "66", "山名＜山頂名＞": "剣山", "山名よみ＜山頂名よみ＞": "つるぎやま", "標高値(m)": 1205, "種別": "三角点", "都道府県": "北海道", "緯度": 42.848703, "経度": 142.885059 }, "geometry": { "type": "Point", "coordinates": [ 142.885059417, 42.848702694 ] } }
,
{ "type": "Feature", "properties": { "連番": 72, "索引番号": "67", "山名＜山頂名＞": "チロロ岳", "山名よみ＜山頂名よみ＞": "ちろろだけ", "標高値(m)": 1880, "種別": "三角点", "都道府県": "北海道", "緯度": 42.825585, "経度": 142.675406 }, "geometry": { "type": "Point", "coordinates": [ 142.675405583, 42.825585278 ] } }
,
{ "type": "Feature", "properties": { "連番": 73, "索引番号": "68", "山名＜山頂名＞": "ピパイロ岳", "山名よみ＜山頂名よみ＞": "ぴぱいろだけ", "標高値(m)": 1916, "種別": "三角点", "都道府県": "北海道", "緯度": 42.773184, "経度": 142.72761 }, "geometry": { "type": "Point", "coordinates": [ 142.727609667, 42.773184056 ] } }
,
{ "type": "Feature", "properties": { "連番": 74, "索引番号": "69", "山名＜山頂名＞": "戸蔦別岳", "山名よみ＜山頂名よみ＞": "とったべつだけ", "標高値(m)": 1959, "種別": "標高点", "都道府県": "北海道", "緯度": 42.738665, "経度": 142.695107 }, "geometry": { "type": "Point", "coordinates": [ 142.695106666, 42.738665278 ] } }
,
{ "type": "Feature", "properties": { "連番": 75, "索引番号": "70", "山名＜山頂名＞": "幌尻岳", "山名よみ＜山頂名よみ＞": "ぽろしりだけ", "標高値(m)": 2052, "種別": "三角点", "都道府県": "北海道", "緯度": 42.719435, "経度": 142.682894 }, "geometry": { "type": "Point", "coordinates": [ 142.682893639, 42.719435139 ] } }
,
{ "type": "Feature", "properties": { "連番": 76, "索引番号": "71", "山名＜山頂名＞": "エサオマントッタベツ岳", "山名よみ＜山頂名よみ＞": "えさおまんとったべつだけ", "標高値(m)": 1902, "種別": "標高点", "都道府県": "北海道", "緯度": 42.689411, "経度": 142.757826 }, "geometry": { "type": "Point", "coordinates": [ 142.757825556, 42.689411389 ] } }
,
{ "type": "Feature", "properties": { "連番": 77, "索引番号": "72", "山名＜山頂名＞": "札内岳", "山名よみ＜山頂名よみ＞": "さつないだけ", "標高値(m)": 1895, "種別": "三角点", "都道府県": "北海道", "緯度": 42.693848, "経度": 142.79675 }, "geometry": { "type": "Point", "coordinates": [ 142.796750278, 42.693848278 ] } }
,
{ "type": "Feature", "properties": { "連番": 78, "索引番号": "73", "山名＜山頂名＞": "十勝幌尻岳", "山名よみ＜山頂名よみ＞": "とかちぽろしりだけ", "標高値(m)": 1846, "種別": "三角点", "都道府県": "北海道", "緯度": 42.695467, "経度": 142.859408 }, "geometry": { "type": "Point", "coordinates": [ 142.859408167, 42.695466556 ] } }
,
{ "type": "Feature", "properties": { "連番": 79, "索引番号": "74", "山名＜山頂名＞": "イドンナップ岳", "山名よみ＜山頂名よみ＞": "いどんなっぷだけ", "標高値(m)": 1752, "種別": "標高点", "都道府県": "北海道", "緯度": 42.630386, "経度": 142.648841 }, "geometry": { "type": "Point", "coordinates": [ 142.648841111, 42.630385555 ] } }
,
{ "type": "Feature", "properties": { "連番": 80, "索引番号": "75", "山名＜山頂名＞": "カムイエクウチカウシ山", "山名よみ＜山頂名よみ＞": "かむいえくうちかうしやま", "標高値(m)": 1979, "種別": "三角点", "都道府県": "北海道", "緯度": 42.625112, "経度": 142.766406 }, "geometry": { "type": "Point", "coordinates": [ 142.766405611, 42.625111667 ] } }
,
{ "type": "Feature", "properties": { "連番": 81, "索引番号": "76", "山名＜山頂名＞": "１８３９峰", "山名よみ＜山頂名よみ＞": "いっぱさんきゅうほう", "標高値(m)": 1842, "種別": "標高点", "都道府県": "北海道", "緯度": 42.539346, "経度": 142.808116 }, "geometry": { "type": "Point", "coordinates": [ 142.808116388, 42.539346389 ] } }
,
{ "type": "Feature", "properties": { "連番": 82, "索引番号": "77", "山名＜山頂名＞": "ペテガリ岳", "山名よみ＜山頂名よみ＞": "ぺてがりだけ", "標高値(m)": 1736, "種別": "三角点", "都道府県": "北海道", "緯度": 42.499337, "経度": 142.871019 }, "geometry": { "type": "Point", "coordinates": [ 142.871019389, 42.499337167 ] } }
,
{ "type": "Feature", "properties": { "連番": 83, "索引番号": "78", "山名＜山頂名＞": "中ノ岳", "山名よみ＜山頂名よみ＞": "なかのだけ", "標高値(m)": 1519, "種別": "標高点", "都道府県": "北海道", "緯度": 42.468032, "経度": 142.884608 }, "geometry": { "type": "Point", "coordinates": [ 142.884608055, 42.468031667 ] } }
,
{ "type": "Feature", "properties": { "連番": 84, "索引番号": "79", "山名＜山頂名＞": "神威岳", "山名よみ＜山頂名よみ＞": "かむいだけ", "標高値(m)": 1600, "種別": "三角点", "都道府県": "北海道", "緯度": 42.428465, "経度": 142.906866 }, "geometry": { "type": "Point", "coordinates": [ 142.906866111, 42.428465250 ] } }
,
{ "type": "Feature", "properties": { "連番": 85, "索引番号": "80", "山名＜山頂名＞": "ピリカヌプリ", "山名よみ＜山頂名よみ＞": "ぴりかぬぷり", "標高値(m)": 1630, "種別": "三角点", "都道府県": "北海道", "緯度": 42.402225, "経度": 142.966802 }, "geometry": { "type": "Point", "coordinates": [ 142.966802222, 42.402225306 ] } }
,
{ "type": "Feature", "properties": { "連番": 86, "索引番号": "81", "山名＜山頂名＞": "楽古岳", "山名よみ＜山頂名よみ＞": "らっこだけ", "標高値(m)": 1471, "種別": "三角点", "都道府県": "北海道", "緯度": 42.272513, "経度": 143.111252 }, "geometry": { "type": "Point", "coordinates": [ 143.111251750, 42.272512556 ] } }
,
{ "type": "Feature", "properties": { "連番": 87, "索引番号": "82", "山名＜山頂名＞": "豊似岳", "山名よみ＜山頂名よみ＞": "とよにだけ", "標高値(m)": 1104, "種別": "三角点", "都道府県": "北海道", "緯度": 42.076973, "経度": 143.232975 }, "geometry": { "type": "Point", "coordinates": [ 143.232974583, 42.076973194 ] } }
,
{ "type": "Feature", "properties": { "連番": 88, "索引番号": "83", "山名＜山頂名＞": "アポイ岳", "山名よみ＜山頂名よみ＞": "あぽいだけ", "標高値(m)": 810, "種別": "三角点", "都道府県": "北海道", "緯度": 42.107849, "経度": 143.025658 }, "geometry": { "type": "Point", "coordinates": [ 143.025658139, 42.107849250 ] } }
,
{ "type": "Feature", "properties": { "連番": 89, "索引番号": "84", "山名＜山頂名＞": "藻岩山", "山名よみ＜山頂名よみ＞": "もいわやま", "標高値(m)": 531, "種別": "三角点", "都道府県": "北海道", "緯度": 43.02238, "経度": 141.322328 }, "geometry": { "type": "Point", "coordinates": [ 141.322328083, 43.022380222 ] } }
,
{ "type": "Feature", "properties": { "連番": 90, "索引番号": "85", "山名＜山頂名＞": "手稲山", "山名よみ＜山頂名よみ＞": "ていねやま", "標高値(m)": 1023, "種別": "三角点", "都道府県": "北海道", "緯度": 43.076737, "経度": 141.192632 }, "geometry": { "type": "Point", "coordinates": [ 141.192632139, 43.076737028 ] } }
,
{ "type": "Feature", "properties": { "連番": 91, "索引番号": "86", "山名＜山頂名＞": "余市岳", "山名よみ＜山頂名よみ＞": "よいちだけ", "標高値(m)": 1488, "種別": "三角点", "都道府県": "北海道", "緯度": 43.032728, "経度": 141.019787 }, "geometry": { "type": "Point", "coordinates": [ 141.019787306, 43.032728306 ] } }
,
{ "type": "Feature", "properties": { "連番": 92, "索引番号": "87", "山名＜山頂名＞": "本倶登山", "山名よみ＜山頂名よみ＞": "ぽんくとさん", "標高値(m)": 1009, "種別": "三角点", "都道府県": "北海道", "緯度": 42.955178, "経度": 140.912621 }, "geometry": { "type": "Point", "coordinates": [ 140.912621167, 42.955178000 ] } }
,
{ "type": "Feature", "properties": { "連番": 93, "索引番号": "88", "山名＜山頂名＞": "無意根山", "山名よみ＜山頂名よみ＞": "むいねやま", "標高値(m)": 1464, "種別": "標高点", "都道府県": "北海道", "緯度": 42.930775, "経度": 141.040671 }, "geometry": { "type": "Point", "coordinates": [ 141.040670833, 42.930774722 ] } }
,
{ "type": "Feature", "properties": { "連番": 94, "索引番号": "89", "山名＜山頂名＞": "札幌岳", "山名よみ＜山頂名よみ＞": "さっぽろだけ", "標高値(m)": 1293, "種別": "三角点", "都道府県": "北海道", "緯度": 42.900189, "経度": 141.200521 }, "geometry": { "type": "Point", "coordinates": [ 141.200520917, 42.900188583 ] } }
,
{ "type": "Feature", "properties": { "連番": 95, "索引番号": "90", "山名＜山頂名＞": "空沼岳", "山名よみ＜山頂名よみ＞": "そらぬまだけ", "標高値(m)": 1251, "種別": "標高点", "都道府県": "北海道", "緯度": 42.865007, "経度": 141.253694 }, "geometry": { "type": "Point", "coordinates": [ 141.253693611, 42.865006667 ] } }
,
{ "type": "Feature", "properties": { "連番": 96, "索引番号": "91", "山名＜山頂名＞": "恵庭岳", "山名よみ＜山頂名よみ＞": "えにわだけ", "標高値(m)": 1320, "種別": "標高点", "都道府県": "北海道", "緯度": 42.793311, "経度": 141.285351 }, "geometry": { "type": "Point", "coordinates": [ 141.285351111, 42.793311389 ] } }
,
{ "type": "Feature", "properties": { "連番": 97, "索引番号": "92", "山名＜山頂名＞": "風不死岳", "山名よみ＜山頂名よみ＞": "ふっぷしだけ", "標高値(m)": 1102, "種別": "三角点", "都道府県": "北海道", "緯度": 42.716842, "経度": 141.358874 }, "geometry": { "type": "Point", "coordinates": [ 141.358874417, 42.716842111 ] } }
,
{ "type": "Feature", "properties": { "連番": 98, "索引番号": "93", "山名＜山頂名＞": "樽前山", "山名よみ＜山頂名よみ＞": "たるまえさん", "標高値(m)": 1041, "種別": "標高点", "都道府県": "北海道", "緯度": 42.690539, "経度": 141.37665 }, "geometry": { "type": "Point", "coordinates": [ 141.376649723, 42.690538889 ] } }
,
{ "type": "Feature", "properties": { "連番": 99, "索引番号": "94", "山名＜山頂名＞": "ホロホロ山", "山名よみ＜山頂名よみ＞": "ほろほろやま", "標高値(m)": 1322, "種別": "三角点", "都道府県": "北海道", "緯度": 42.633513, "経度": 141.142532 }, "geometry": { "type": "Point", "coordinates": [ 141.142531583, 42.633513250 ] } }
,
{ "type": "Feature", "properties": { "連番": 100, "索引番号": "95", "山名＜山頂名＞": "余別岳", "山名よみ＜山頂名よみ＞": "よべつだけ", "標高値(m)": 1298, "種別": "三角点", "都道府県": "北海道", "緯度": 43.26006, "経度": 140.459136 }, "geometry": { "type": "Point", "coordinates": [ 140.459136389, 43.260059944 ] } }
,
{ "type": "Feature", "properties": { "連番": 101, "索引番号": "96", "山名＜山頂名＞": "天狗岳", "山名よみ＜山頂名よみ＞": "てんぐだけ", "標高値(m)": 872, "種別": "三角点", "都道府県": "北海道", "緯度": 43.184805, "経度": 140.660816 }, "geometry": { "type": "Point", "coordinates": [ 140.660815833, 43.184805333 ] } }
,
{ "type": "Feature", "properties": { "連番": 102, "索引番号": "97", "山名＜山頂名＞": "雷電山", "山名よみ＜山頂名よみ＞": "らいでんやま", "標高値(m)": 1211, "種別": "三角点", "都道府県": "北海道", "緯度": 42.903633, "経度": 140.469623 }, "geometry": { "type": "Point", "coordinates": [ 140.469622889, 42.903633167 ] } }
,
{ "type": "Feature", "properties": { "連番": 103, "索引番号": "98", "山名＜山頂名＞": "目国内岳", "山名よみ＜山頂名よみ＞": "めくんないだけ", "標高値(m)": 1220, "種別": "標高点", "都道府県": "北海道", "緯度": 42.899746, "経度": 140.515293 }, "geometry": { "type": "Point", "coordinates": [ 140.515292500, 42.899746111 ] } }
,
{ "type": "Feature", "properties": { "連番": 104, "索引番号": "99", "山名＜山頂名＞": "ニセコアンヌプリ", "山名よみ＜山頂名よみ＞": "にせこあんぬぷり", "標高値(m)": 1308, "種別": "三角点", "都道府県": "北海道", "緯度": 42.875018, "経度": 140.658839 }, "geometry": { "type": "Point", "coordinates": [ 140.658838722, 42.875018222 ] } }
,
{ "type": "Feature", "properties": { "連番": 105, "索引番号": "100", "山名＜山頂名＞": "羊蹄山（蝦夷富士）", "山名よみ＜山頂名よみ＞": "ようていざん（えぞふじ）", "標高値(m)": 1898, "種別": "標高点", "都道府県": "北海道", "緯度": 42.826659, "経度": 140.811488 }, "geometry": { "type": "Point", "coordinates": [ 140.811488055, 42.826659444 ] } }
,
{ "type": "Feature", "properties": { "連番": 106, "索引番号": "101", "山名＜山頂名＞": "尻別岳", "山名よみ＜山頂名よみ＞": "しりべつだけ", "標高値(m)": 1107, "種別": "三角点", "都道府県": "北海道", "緯度": 42.772572, "経度": 140.910348 }, "geometry": { "type": "Point", "coordinates": [ 140.910347750, 42.772571667 ] } }
,
{ "type": "Feature", "properties": { "連番": 107, "索引番号": "102", "山名＜山頂名＞": "貫気別山", "山名よみ＜山頂名よみ＞": "ぬっきべつやま", "標高値(m)": 993, "種別": "三角点", "都道府県": "北海道", "緯度": 42.710081, "経度": 140.92273 }, "geometry": { "type": "Point", "coordinates": [ 140.922730389, 42.710081083 ] } }
,
{ "type": "Feature", "properties": { "連番": 108, "索引番号": "103", "山名＜山頂名＞": "昆布岳", "山名よみ＜山頂名よみ＞": "こんぶだけ", "標高値(m)": 1045, "種別": "三角点", "都道府県": "北海道", "緯度": 42.71037, "経度": 140.655469 }, "geometry": { "type": "Point", "coordinates": [ 140.655468806, 42.710370250 ] } }
,
{ "type": "Feature", "properties": { "連番": 109, "索引番号": "104", "山名＜山頂名＞": "昭和新山", "山名よみ＜山頂名よみ＞": "しょうわしんざん", "標高値(m)": 398, "種別": "標高点", "都道府県": "北海道", "緯度": 42.542555, "経度": 140.86435 }, "geometry": { "type": "Point", "coordinates": [ 140.864350278, 42.542554722 ] } }
,
{ "type": "Feature", "properties": { "連番": 110, "索引番号": "105", "山名＜山頂名＞": "有珠山＜大有珠＞", "山名よみ＜山頂名よみ＞": "うすざん＜おおうす＞", "標高値(m)": 733, "種別": "標高点", "都道府県": "北海道", "緯度": 42.543998, "経度": 140.839251 }, "geometry": { "type": "Point", "coordinates": [ 140.839250834, 42.543998333 ] } }
,
{ "type": "Feature", "properties": { "連番": 111, "索引番号": "106", "山名＜山頂名＞": "母衣月山", "山名よみ＜山頂名よみ＞": "ほろづきやま", "標高値(m)": 503, "種別": "三角点", "都道府県": "北海道", "緯度": 42.770126, "経度": 140.214933 }, "geometry": { "type": "Point", "coordinates": [ 140.214933167, 42.770126472 ] } }
,
{ "type": "Feature", "properties": { "連番": 112, "索引番号": "107", "山名＜山頂名＞": "大平山", "山名よみ＜山頂名よみ＞": "おおびらやま", "標高値(m)": 1191, "種別": "三角点", "都道府県": "北海道", "緯度": 42.635959, "経度": 140.135584 }, "geometry": { "type": "Point", "coordinates": [ 140.135584444, 42.635959306 ] } }
,
{ "type": "Feature", "properties": { "連番": 113, "索引番号": "108", "山名＜山頂名＞": "狩場山", "山名よみ＜山頂名よみ＞": "かりばやま", "標高値(m)": 1520, "種別": "三角点", "都道府県": "北海道", "緯度": 42.613353, "経度": 139.940602 }, "geometry": { "type": "Point", "coordinates": [ 139.940602250, 42.613353361 ] } }
,
{ "type": "Feature", "properties": { "連番": 114, "索引番号": "109", "山名＜山頂名＞": "毛無山", "山名よみ＜山頂名よみ＞": "けなしやま", "標高値(m)": 816, "種別": "標高点", "都道府県": "北海道", "緯度": 42.295409, "経度": 139.810731 }, "geometry": { "type": "Point", "coordinates": [ 139.810731389, 42.295408889 ] } }
,
{ "type": "Feature", "properties": { "連番": 115, "索引番号": "110", "山名＜山頂名＞": "遊楽部岳（見市岳）", "山名よみ＜山頂名よみ＞": "ゆうらっぷだけ（けんいちだけ）", "標高値(m)": 1277, "種別": "標高点", "都道府県": "北海道", "緯度": 42.219023, "経度": 140.01034 }, "geometry": { "type": "Point", "coordinates": [ 140.010340278, 42.219023333 ] } }
,
{ "type": "Feature", "properties": { "連番": 116, "索引番号": "111", "山名＜山頂名＞": "乙部岳", "山名よみ＜山頂名よみ＞": "おとべだけ", "標高値(m)": 1017, "種別": "三角点", "都道府県": "北海道", "緯度": 42.03937, "経度": 140.274586 }, "geometry": { "type": "Point", "coordinates": [ 140.274586000, 42.039370194 ] } }
,
{ "type": "Feature", "properties": { "連番": 117, "索引番号": "112", "山名＜山頂名＞": "駒ヶ岳＜剣ヶ峯＞", "山名よみ＜山頂名よみ＞": "こまがたけ＜けんがみね＞", "標高値(m)": 1131, "種別": "標高点", "都道府県": "北海道", "緯度": 42.063344, "経度": 140.677287 }, "geometry": { "type": "Point", "coordinates": [ 140.677286667, 42.063343611 ] } }
,
{ "type": "Feature", "properties": { "連番": 118, "索引番号": "113", "山名＜山頂名＞": "横津岳", "山名よみ＜山頂名よみ＞": "よこつだけ", "標高値(m)": 1167, "種別": "標高点", "都道府県": "北海道", "緯度": 41.937884, "経度": 140.771135 }, "geometry": { "type": "Point", "coordinates": [ 140.771135278, 41.937884167 ] } }
,
{ "type": "Feature", "properties": { "連番": 119, "索引番号": "114", "山名＜山頂名＞": "恵山", "山名よみ＜山頂名よみ＞": "えさん", "標高値(m)": 617, "種別": "三角点", "都道府県": "北海道", "緯度": 41.804707, "経度": 141.166031 }, "geometry": { "type": "Point", "coordinates": [ 141.166031278, 41.804707056 ] } }
,
{ "type": "Feature", "properties": { "連番": 120, "索引番号": "115", "山名＜山頂名＞": "函館山", "山名よみ＜山頂名よみ＞": "はこだてやま", "標高値(m)": 334, "種別": "標高点", "都道府県": "北海道", "緯度": 41.759027, "経度": 140.704302 }, "geometry": { "type": "Point", "coordinates": [ 140.704301977, 41.759026995 ] } }
,
{ "type": "Feature", "properties": { "連番": 121, "索引番号": "116", "山名＜山頂名＞": "八幡岳", "山名よみ＜山頂名よみ＞": "はちまんだけ", "標高値(m)": 664, "種別": "三角点", "都道府県": "北海道", "緯度": 41.851881, "経度": 140.229991 }, "geometry": { "type": "Point", "coordinates": [ 140.229990861, 41.851880944 ] } }
,
{ "type": "Feature", "properties": { "連番": 122, "索引番号": "117", "山名＜山頂名＞": "桂岳", "山名よみ＜山頂名よみ＞": "かつらだけ", "標高値(m)": 734, "種別": "三角点", "都道府県": "北海道", "緯度": 41.789257, "経度": 140.4644 }, "geometry": { "type": "Point", "coordinates": [ 140.464399528, 41.789257111 ] } }
,
{ "type": "Feature", "properties": { "連番": 123, "索引番号": "118", "山名＜山頂名＞": "七ッ岳", "山名よみ＜山頂名よみ＞": "ななつだけ", "標高値(m)": 957, "種別": "三角点", "都道府県": "北海道", "緯度": 41.624218, "経度": 140.21407 }, "geometry": { "type": "Point", "coordinates": [ 140.214070028, 41.624218417 ] } }
,
{ "type": "Feature", "properties": { "連番": 124, "索引番号": "119", "山名＜山頂名＞": "大千軒岳", "山名よみ＜山頂名よみ＞": "だいせんげんだけ", "標高値(m)": 1072, "種別": "三角点", "都道府県": "北海道", "緯度": 41.579319, "経度": 140.160818 }, "geometry": { "type": "Point", "coordinates": [ 140.160817611, 41.579319083 ] } }
,
{ "type": "Feature", "properties": { "連番": 125, "索引番号": "120", "山名＜山頂名＞": "岩部岳", "山名よみ＜山頂名よみ＞": "いわべだけ", "標高値(m)": 794, "種別": "三角点", "都道府県": "北海道", "緯度": 41.527175, "経度": 140.310867 }, "geometry": { "type": "Point", "coordinates": [ 140.310866556, 41.527175056 ] } }
,
{ "type": "Feature", "properties": { "連番": 126, "索引番号": "121", "山名＜山頂名＞": "神威山", "山名よみ＜山頂名よみ＞": "かむいやま", "標高値(m)": 584, "種別": "標高点", "都道府県": "北海道", "緯度": 42.160273, "経度": 139.442662 }, "geometry": { "type": "Point", "coordinates": [ 139.442661666, 42.160272778 ] } }
,
{ "type": "Feature", "properties": { "連番": 127, "索引番号": "122", "山名＜山頂名＞": "江良岳", "山名よみ＜山頂名よみ＞": "えらだけ", "標高値(m)": 731, "種別": "三角点", "都道府県": "北海道", "緯度": 41.509904, "経度": 139.367158 }, "geometry": { "type": "Point", "coordinates": [ 139.367158083, 41.509903556 ] } }
,
{ "type": "Feature", "properties": { "連番": 128, "索引番号": "123", "山名＜山頂名＞": "燧岳", "山名よみ＜山頂名よみ＞": "ひうちだけ", "標高値(m)": 781, "種別": "三角点", "都道府県": "青森県", "緯度": 41.439132, "経度": 141.052919 }, "geometry": { "type": "Point", "coordinates": [ 141.052918750, 41.439131917 ] } }
,
{ "type": "Feature", "properties": { "連番": 129, "索引番号": "124", "山名＜山頂名＞": "釜臥山", "山名よみ＜山頂名よみ＞": "かまふせやま", "標高値(m)": 878, "種別": "三角点", "都道府県": "青森県", "緯度": 41.278517, "経度": 141.120015 }, "geometry": { "type": "Point", "coordinates": [ 141.120015028, 41.278516944 ] } }
,
{ "type": "Feature", "properties": { "連番": 130, "索引番号": "125", "山名＜山頂名＞": "桑畑山", "山名よみ＜山頂名よみ＞": "くわばたやま", "標高値(m)": 400, "種別": "三角点", "都道府県": "青森県", "緯度": 41.387582, "経度": 141.440735 }, "geometry": { "type": "Point", "coordinates": [ 141.440734611, 41.387582056 ] } }
,
{ "type": "Feature", "properties": { "連番": 131, "索引番号": "126", "山名＜山頂名＞": "吹越烏帽子", "山名よみ＜山頂名よみ＞": "ふっこしえぼし", "標高値(m)": 508, "種別": "三角点", "都道府県": "青森県", "緯度": 41.037443, "経度": 141.317141 }, "geometry": { "type": "Point", "coordinates": [ 141.317141056, 41.037442639 ] } }
,
{ "type": "Feature", "properties": { "連番": 132, "索引番号": "127", "山名＜山頂名＞": "丸屋形岳", "山名よみ＜山頂名よみ＞": "まるやがただけ", "標高値(m)": 718, "種別": "三角点", "都道府県": "青森県", "緯度": 41.152825, "経度": 140.586625 }, "geometry": { "type": "Point", "coordinates": [ 140.586625111, 41.152825361 ] } }
,
{ "type": "Feature", "properties": { "連番": 133, "索引番号": "128", "山名＜山頂名＞": "四ッ滝山", "山名よみ＜山頂名よみ＞": "よつだきやま", "標高値(m)": 669, "種別": "三角点", "都道府県": "青森県", "緯度": 41.12169, "経度": 140.400483 }, "geometry": { "type": "Point", "coordinates": [ 140.400483444, 41.121690389 ] } }
,
{ "type": "Feature", "properties": { "連番": 134, "索引番号": "129", "山名＜山頂名＞": "梵珠山", "山名よみ＜山頂名よみ＞": "ぼんじゅさん", "標高値(m)": 468, "種別": "三角点", "都道府県": "青森県", "緯度": 40.799693, "経度": 140.575489 }, "geometry": { "type": "Point", "coordinates": [ 140.575489250, 40.799692750 ] } }
,
{ "type": "Feature", "properties": { "連番": 135, "索引番号": "130", "山名＜山頂名＞": "階上岳（種市岳）", "山名よみ＜山頂名よみ＞": "はしかみだけ（たねいちだけ）", "標高値(m)": 739, "種別": "三角点", "都道府県": "青森県 岩手県", "緯度": 40.400693, "経度": 141.584364 }, "geometry": { "type": "Point", "coordinates": [ 141.584364083, 40.400693000 ] } }
,
{ "type": "Feature", "properties": { "連番": 136, "索引番号": "131", "山名＜山頂名＞": "名久井岳", "山名よみ＜山頂名よみ＞": "なくいだけ", "標高値(m)": 615, "種別": "三角点", "都道府県": "青森県", "緯度": 40.387975, "経度": 141.308363 }, "geometry": { "type": "Point", "coordinates": [ 141.308362500, 40.387975222 ] } }
,
{ "type": "Feature", "properties": { "連番": 137, "索引番号": "132", "山名＜山頂名＞": "折爪岳", "山名よみ＜山頂名よみ＞": "おりつめだけ", "標高値(m)": 852, "種別": "三角点", "都道府県": "岩手県", "緯度": 40.26876, "経度": 141.374481 }, "geometry": { "type": "Point", "coordinates": [ 141.374480500, 40.268760028 ] } }
,
{ "type": "Feature", "properties": { "連番": 138, "索引番号": "133", "山名＜山頂名＞": "安家森", "山名よみ＜山頂名よみ＞": "あっかもり", "標高値(m)": 1239, "種別": "三角点", "都道府県": "岩手県", "緯度": 40.038037, "経度": 141.540989 }, "geometry": { "type": "Point", "coordinates": [ 141.540988722, 40.038037333 ] } }
,
{ "type": "Feature", "properties": { "連番": 139, "索引番号": "134", "山名＜山頂名＞": "遠島山", "山名よみ＜山頂名よみ＞": "とおしまやま", "標高値(m)": 1262, "種別": "三角点", "都道府県": "岩手県", "緯度": 40.020655, "経度": 141.644249 }, "geometry": { "type": "Point", "coordinates": [ 141.644249278, 40.020654778 ] } }
,
{ "type": "Feature", "properties": { "連番": 140, "索引番号": "135", "山名＜山頂名＞": "三巣子岳", "山名よみ＜山頂名よみ＞": "みすごだけ", "標高値(m)": 1181, "種別": "三角点", "都道府県": "岩手県", "緯度": 39.900078, "経度": 141.485421 }, "geometry": { "type": "Point", "coordinates": [ 141.485420917, 39.900078222 ] } }
,
{ "type": "Feature", "properties": { "連番": 141, "索引番号": "136", "山名＜山頂名＞": "姫神山", "山名よみ＜山頂名よみ＞": "ひめかみやま", "標高値(m)": 1123, "種別": "三角点", "都道府県": "岩手県", "緯度": 39.844024, "経度": 141.246896 }, "geometry": { "type": "Point", "coordinates": [ 141.246896444, 39.844024444 ] } }
,
{ "type": "Feature", "properties": { "連番": 142, "索引番号": "137", "山名＜山頂名＞": "堺ノ神岳", "山名よみ＜山頂名よみ＞": "さかいのかみだけ", "標高値(m)": 1319, "種別": "三角点", "都道府県": "岩手県", "緯度": 39.750263, "経度": 141.626389 }, "geometry": { "type": "Point", "coordinates": [ 141.626389444, 39.750262806 ] } }
,
{ "type": "Feature", "properties": { "連番": 143, "索引番号": "138", "山名＜山頂名＞": "害鷹森", "山名よみ＜山頂名よみ＞": "がいたかもり", "標高値(m)": 1304, "種別": "三角点", "都道府県": "岩手県", "緯度": 39.711729, "経度": 141.604551 }, "geometry": { "type": "Point", "coordinates": [ 141.604551417, 39.711729417 ] } }
,
{ "type": "Feature", "properties": { "連番": 144, "索引番号": "139", "山名＜山頂名＞": "青松葉山", "山名よみ＜山頂名よみ＞": "あおまつばやま", "標高値(m)": 1365, "種別": "三角点", "都道府県": "岩手県", "緯度": 39.697498, "経度": 141.483563 }, "geometry": { "type": "Point", "coordinates": [ 141.483563056, 39.697497972 ] } }
,
{ "type": "Feature", "properties": { "連番": 145, "索引番号": "140", "山名＜山頂名＞": "峠ノ神山", "山名よみ＜山頂名よみ＞": "とうげのかみやま", "標高値(m)": 1229, "種別": "三角点", "都道府県": "岩手県", "緯度": 39.726881, "経度": 141.781082 }, "geometry": { "type": "Point", "coordinates": [ 141.781082333, 39.726880556 ] } }
,
{ "type": "Feature", "properties": { "連番": 146, "索引番号": "141", "山名＜山頂名＞": "早池峰山", "山名よみ＜山頂名よみ＞": "はやちねさん", "標高値(m)": 1917, "種別": "標高点", "都道府県": "岩手県", "緯度": 39.558445, "経度": 141.488876 }, "geometry": { "type": "Point", "coordinates": [ 141.488876111, 39.558445000 ] } }
,
{ "type": "Feature", "properties": { "連番": 147, "索引番号": "142", "山名＜山頂名＞": "薬師岳", "山名よみ＜山頂名よみ＞": "やくしだけ", "標高値(m)": 1645, "種別": "三角点", "都道府県": "岩手県", "緯度": 39.529927, "経度": 141.495734 }, "geometry": { "type": "Point", "coordinates": [ 141.495733972, 39.529926806 ] } }
,
{ "type": "Feature", "properties": { "連番": 148, "索引番号": "143", "山名＜山頂名＞": "十二神山", "山名よみ＜山頂名よみ＞": "じゅうにしんざん", "標高値(m)": 731, "種別": "三角点", "都道府県": "岩手県", "緯度": 39.538579, "経度": 141.974887 }, "geometry": { "type": "Point", "coordinates": [ 141.974886889, 39.538578972 ] } }
,
{ "type": "Feature", "properties": { "連番": 149, "索引番号": "144", "山名＜山頂名＞": "六角牛山", "山名よみ＜山頂名よみ＞": "ろっこうしさん", "標高値(m)": 1293, "種別": "三角点", "都道府県": "岩手県", "緯度": 39.318339, "経度": 141.650179 }, "geometry": { "type": "Point", "coordinates": [ 141.650178583, 39.318339389 ] } }
,
{ "type": "Feature", "properties": { "連番": 150, "索引番号": "145", "山名＜山頂名＞": "五葉山", "山名よみ＜山頂名よみ＞": "ごようざん", "標高値(m)": 1351, "種別": "標高点", "都道府県": "岩手県", "緯度": 39.205453, "経度": 141.732123 }, "geometry": { "type": "Point", "coordinates": [ 141.732122777, 39.205452778 ] } }
,
{ "type": "Feature", "properties": { "連番": 151, "索引番号": "146", "山名＜山頂名＞": "物見山（種山）", "山名よみ＜山頂名よみ＞": "ものみやま（たねやま）", "標高値(m)": 870, "種別": "三角点", "都道府県": "岩手県", "緯度": 39.201143, "経度": 141.401724 }, "geometry": { "type": "Point", "coordinates": [ 141.401724417, 39.201143444 ] } }
,
{ "type": "Feature", "properties": { "連番": 152, "索引番号": "147", "山名＜山頂名＞": "氷上山", "山名よみ＜山頂名よみ＞": "ひかみさん", "標高値(m)": 874, "種別": "三角点", "都道府県": "岩手県", "緯度": 39.058929, "経度": 141.660547 }, "geometry": { "type": "Point", "coordinates": [ 141.660546750, 39.058928917 ] } }
,
{ "type": "Feature", "properties": { "連番": 153, "索引番号": "148", "山名＜山頂名＞": "室根山", "山名よみ＜山頂名よみ＞": "むろねさん", "標高値(m)": 895, "種別": "三角点", "都道府県": "岩手県", "緯度": 38.975194, "経度": 141.447249 }, "geometry": { "type": "Point", "coordinates": [ 141.447248556, 38.975194167 ] } }
,
{ "type": "Feature", "properties": { "連番": 154, "索引番号": "149", "山名＜山頂名＞": "徳仙丈山", "山名よみ＜山頂名よみ＞": "とくせんじょうやま", "標高値(m)": 711, "種別": "三角点", "都道府県": "宮城県", "緯度": 38.848421, "経度": 141.469945 }, "geometry": { "type": "Point", "coordinates": [ 141.469945444, 38.848421167 ] } }
,
{ "type": "Feature", "properties": { "連番": 155, "索引番号": "150", "山名＜山頂名＞": "金華山", "山名よみ＜山頂名よみ＞": "きんかさん", "標高値(m)": 444, "種別": "三角点", "都道府県": "宮城県", "緯度": 38.295305, "経度": 141.566804 }, "geometry": { "type": "Point", "coordinates": [ 141.566804306, 38.295304500 ] } }
,
{ "type": "Feature", "properties": { "連番": 156, "索引番号": "151-1", "山名＜山頂名＞": "八甲田山＜大岳＞", "山名よみ＜山頂名よみ＞": "はっこうださん＜おおだけ＞", "標高値(m)": 1584, "種別": "三角点", "都道府県": "青森県", "緯度": 40.658907, "経度": 140.877249 }, "geometry": { "type": "Point", "coordinates": [ 140.877248611, 40.658906944 ] } }
,
{ "type": "Feature", "properties": { "連番": 157, "索引番号": "151-2", "山名＜山頂名＞": "八甲田山＜高田大岳＞", "山名よみ＜山頂名よみ＞": "はっこうださん＜たかだおおだけ＞", "標高値(m)": 1559, "種別": "標高点", "都道府県": "青森県", "緯度": 40.65305, "経度": 140.907131 }, "geometry": { "type": "Point", "coordinates": [ 140.907130555, 40.653050000 ] } }
,
{ "type": "Feature", "properties": { "連番": 158, "索引番号": "152", "山名＜山頂名＞": "櫛ヶ峯（上岳）", "山名よみ＜山頂名よみ＞": "くしがみね（かみだけ）", "標高値(m)": 1516, "種別": "三角点", "都道府県": "青森県", "緯度": 40.603174, "経度": 140.842575 }, "geometry": { "type": "Point", "coordinates": [ 140.842575389, 40.603173944 ] } }
,
{ "type": "Feature", "properties": { "連番": 159, "索引番号": "153", "山名＜山頂名＞": "戸来岳＜三ッ岳＞", "山名よみ＜山頂名よみ＞": "へらいだけ＜みつだけ＞", "標高値(m)": 1159, "種別": "三角点", "都道府県": "青森県", "緯度": 40.452926, "経度": 141.001503 }, "geometry": { "type": "Point", "coordinates": [ 141.001502722, 40.452925667 ] } }
,
{ "type": "Feature", "properties": { "連番": 160, "索引番号": "154", "山名＜山頂名＞": "白地山", "山名よみ＜山頂名よみ＞": "しろじやま", "標高値(m)": 1034, "種別": "三角点", "都道府県": "秋田県", "緯度": 40.447215, "経度": 140.788164 }, "geometry": { "type": "Point", "coordinates": [ 140.788163500, 40.447215250 ] } }
,
{ "type": "Feature", "properties": { "連番": 161, "索引番号": "155", "山名＜山頂名＞": "中岳", "山名よみ＜山頂名よみ＞": "なかだけ", "標高値(m)": 1024, "種別": "三角点", "都道府県": "秋田県 岩手県", "緯度": 40.246022, "経度": 140.944368 }, "geometry": { "type": "Point", "coordinates": [ 140.944368000, 40.246022417 ] } }
,
{ "type": "Feature", "properties": { "連番": 162, "索引番号": "156", "山名＜山頂名＞": "稲庭岳", "山名よみ＜山頂名よみ＞": "いなにわだけ", "標高値(m)": 1078, "種別": "三角点", "都道府県": "岩手県", "緯度": 40.198619, "経度": 141.04621 }, "geometry": { "type": "Point", "coordinates": [ 141.046210139, 40.198618833 ] } }
,
{ "type": "Feature", "properties": { "連番": 163, "索引番号": "157", "山名＜山頂名＞": "五ノ宮嶽", "山名よみ＜山頂名よみ＞": "ごのみやだけ", "標高値(m)": 1115, "種別": "三角点", "都道府県": "秋田県", "緯度": 40.145836, "経度": 140.845939 }, "geometry": { "type": "Point", "coordinates": [ 140.845939278, 40.145835722 ] } }
,
{ "type": "Feature", "properties": { "連番": 164, "索引番号": "158", "山名＜山頂名＞": "七時雨山", "山名よみ＜山頂名よみ＞": "ななしぐれやま", "標高値(m)": 1063, "種別": "標高点", "都道府県": "岩手県", "緯度": 40.069278, "経度": 141.105652 }, "geometry": { "type": "Point", "coordinates": [ 141.105651945, 40.069278055 ] } }
,
{ "type": "Feature", "properties": { "連番": 165, "索引番号": "159", "山名＜山頂名＞": "森吉山", "山名よみ＜山頂名よみ＞": "もりよしざん", "標高値(m)": 1454, "種別": "三角点", "都道府県": "秋田県", "緯度": 39.976753, "経度": 140.544174 }, "geometry": { "type": "Point", "coordinates": [ 140.544173806, 39.976752722 ] } }
,
{ "type": "Feature", "properties": { "連番": 166, "索引番号": "160", "山名＜山頂名＞": "焼山", "山名よみ＜山頂名よみ＞": "やけやま", "標高値(m)": 1366, "種別": "三角点", "都道府県": "秋田県", "緯度": 39.963818, "経度": 140.757004 }, "geometry": { "type": "Point", "coordinates": [ 140.757004278, 39.963817722 ] } }
,
{ "type": "Feature", "properties": { "連番": 167, "索引番号": "161-1", "山名＜山頂名＞": "八幡平", "山名よみ＜山頂名よみ＞": "はちまんたい", "標高値(m)": 1613, "種別": "三角点", "都道府県": "岩手県", "緯度": 39.957808, "経度": 140.854094 }, "geometry": { "type": "Point", "coordinates": [ 140.854094389, 39.957808222 ] } }
,
{ "type": "Feature", "properties": { "連番": 168, "索引番号": "161-2", "山名＜山頂名＞": "八幡平＜茶臼岳＞", "山名よみ＜山頂名よみ＞": "はちまんたい＜ちゃうすだけ＞", "標高値(m)": 1578, "種別": "三角点", "都道府県": "岩手県", "緯度": 39.950761, "経度": 140.898932 }, "geometry": { "type": "Point", "coordinates": [ 140.898932139, 39.950760583 ] } }
,
{ "type": "Feature", "properties": { "連番": 169, "索引番号": "161-3", "山名＜山頂名＞": "八幡平＜畚岳＞", "山名よみ＜山頂名よみ＞": "はちまんたい＜もっこだけ＞", "標高値(m)": 1577, "種別": "三角点", "都道府県": "秋田県", "緯度": 39.935921, "経度": 140.850603 }, "geometry": { "type": "Point", "coordinates": [ 140.850602833, 39.935920611 ] } }
,
{ "type": "Feature", "properties": { "連番": 170, "索引番号": "162", "山名＜山頂名＞": "大深岳", "山名よみ＜山頂名よみ＞": "おおふかだけ", "標高値(m)": 1541, "種別": "三角点", "都道府県": "岩手県 秋田県", "緯度": 39.881092, "経度": 140.879683 }, "geometry": { "type": "Point", "coordinates": [ 140.879682639, 39.881092361 ] } }
,
{ "type": "Feature", "properties": { "連番": 171, "索引番号": "163", "山名＜山頂名＞": "岩手山", "山名よみ＜山頂名よみ＞": "いわてさん", "標高値(m)": 2038, "種別": "三角点", "都道府県": "岩手県", "緯度": 39.852607, "経度": 141.001018 }, "geometry": { "type": "Point", "coordinates": [ 141.001017694, 39.852606639 ] } }
,
{ "type": "Feature", "properties": { "連番": 172, "索引番号": "164", "山名＜山頂名＞": "烏帽子岳（乳頭山）", "山名よみ＜山頂名よみ＞": "えぼしだけ（にゅうとうざん）", "標高値(m)": 1478, "種別": "標高点", "都道府県": "岩手県 秋田県", "緯度": 39.804889, "経度": 140.838626 }, "geometry": { "type": "Point", "coordinates": [ 140.838626389, 39.804889167 ] } }
,
{ "type": "Feature", "properties": { "連番": 173, "索引番号": "165", "山名＜山頂名＞": "駒ヶ岳＜男女岳＞", "山名よみ＜山頂名よみ＞": "こまがだけ＜おなめだけ＞", "標高値(m)": 1637, "種別": "三角点", "都道府県": "秋田県", "緯度": 39.761097, "経度": 140.799381 }, "geometry": { "type": "Point", "coordinates": [ 140.799380694, 39.761096889 ] } }
,
{ "type": "Feature", "properties": { "連番": 174, "索引番号": "166", "山名＜山頂名＞": "岩木山", "山名よみ＜山頂名よみ＞": "いわきさん", "標高値(m)": 1624, "種別": "三角点", "都道府県": "青森県", "緯度": 40.655916, "経度": 140.303075 }, "geometry": { "type": "Point", "coordinates": [ 140.303074528, 40.655915778 ] } }
,
{ "type": "Feature", "properties": { "連番": 175, "索引番号": "167", "山名＜山頂名＞": "向白神岳", "山名よみ＜山頂名よみ＞": "むかいしらかみだけ", "標高値(m)": 1250, "種別": "標高点", "都道府県": "青森県", "緯度": 40.523919, "経度": 140.045433 }, "geometry": { "type": "Point", "coordinates": [ 140.045433055, 40.523918889 ] } }
,
{ "type": "Feature", "properties": { "連番": 176, "索引番号": "168", "山名＜山頂名＞": "白神岳", "山名よみ＜山頂名よみ＞": "しらかみだけ", "標高値(m)": 1235, "種別": "標高点", "都道府県": "青森県", "緯度": 40.507426, "経度": 140.01823 }, "geometry": { "type": "Point", "coordinates": [ 140.018230278, 40.507425834 ] } }
,
{ "type": "Feature", "properties": { "連番": 177, "索引番号": "169", "山名＜山頂名＞": "二ッ森", "山名よみ＜山頂名よみ＞": "ふたつもり", "標高値(m)": 1086, "種別": "三角点", "都道府県": "青森県 秋田県", "緯度": 40.435045, "経度": 140.117906 }, "geometry": { "type": "Point", "coordinates": [ 140.117905694, 40.435044639 ] } }
,
{ "type": "Feature", "properties": { "連番": 178, "索引番号": "170", "山名＜山頂名＞": "駒ヶ岳", "山名よみ＜山頂名よみ＞": "こまがたけ", "標高値(m)": 1158, "種別": "三角点", "都道府県": "秋田県", "緯度": 40.412911, "経度": 140.251138 }, "geometry": { "type": "Point", "coordinates": [ 140.251137528, 40.412911417 ] } }
,
{ "type": "Feature", "properties": { "連番": 179, "索引番号": "171", "山名＜山頂名＞": "田代岳", "山名よみ＜山頂名よみ＞": "たしろだけ", "標高値(m)": 1178, "種別": "三角点", "都道府県": "秋田県", "緯度": 40.428486, "経度": 140.408843 }, "geometry": { "type": "Point", "coordinates": [ 140.408842972, 40.428486167 ] } }
,
{ "type": "Feature", "properties": { "連番": 180, "索引番号": "172", "山名＜山頂名＞": "房住山", "山名よみ＜山頂名よみ＞": "ぼうじゅうざん", "標高値(m)": 409, "種別": "三角点", "都道府県": "秋田県", "緯度": 40.060516, "経度": 140.216095 }, "geometry": { "type": "Point", "coordinates": [ 140.216095333, 40.060516389 ] } }
,
{ "type": "Feature", "properties": { "連番": 181, "索引番号": "173", "山名＜山頂名＞": "太平山", "山名よみ＜山頂名よみ＞": "たいへいざん", "標高値(m)": 1170, "種別": "三角点", "都道府県": "秋田県", "緯度": 39.796992, "経度": 140.310685 }, "geometry": { "type": "Point", "coordinates": [ 140.310684722, 39.796991500 ] } }
,
{ "type": "Feature", "properties": { "連番": 182, "索引番号": "174", "山名＜山頂名＞": "大仏岳", "山名よみ＜山頂名よみ＞": "だいぶつだけ", "標高値(m)": 1166, "種別": "三角点", "都道府県": "秋田県", "緯度": 39.813647, "経度": 140.515642 }, "geometry": { "type": "Point", "coordinates": [ 140.515641806, 39.813646861 ] } }
,
{ "type": "Feature", "properties": { "連番": 183, "索引番号": "175", "山名＜山頂名＞": "東光山", "山名よみ＜山頂名よみ＞": "とうこうさん", "標高値(m)": 594, "種別": "標高点", "都道府県": "秋田県", "緯度": 39.40658, "経度": 140.161576 }, "geometry": { "type": "Point", "coordinates": [ 140.161576389, 39.406580278 ] } }
,
{ "type": "Feature", "properties": { "連番": 184, "索引番号": "176", "山名＜山頂名＞": "八塩山", "山名よみ＜山頂名よみ＞": "やしおやま", "標高値(m)": 713, "種別": "三角点", "都道府県": "秋田県", "緯度": 39.236573, "経度": 140.227682 }, "geometry": { "type": "Point", "coordinates": [ 140.227682111, 39.236572917 ] } }
,
{ "type": "Feature", "properties": { "連番": 185, "索引番号": "177", "山名＜山頂名＞": "鳥海山＜新山＞", "山名よみ＜山頂名よみ＞": "ちょうかいさん＜しんざん＞", "標高値(m)": 2236, "種別": "測定点", "都道府県": "山形県", "緯度": 39.099369, "経度": 140.048885 }, "geometry": { "type": "Point", "coordinates": [ 140.048885000, 39.099368889 ] } }
,
{ "type": "Feature", "properties": { "連番": 186, "索引番号": "178", "山名＜山頂名＞": "丁岳", "山名よみ＜山頂名よみ＞": "ひのとだけ", "標高値(m)": 1145, "種別": "三角点", "都道府県": "秋田県 山形県", "緯度": 39.032022, "経度": 140.219333 }, "geometry": { "type": "Point", "coordinates": [ 140.219333306, 39.032021750 ] } }
,
{ "type": "Feature", "properties": { "連番": 187, "索引番号": "179", "山名＜山頂名＞": "甑山＜男甑山＞", "山名よみ＜山頂名よみ＞": "こしきやま＜おとここしきやま＞", "標高値(m)": 981, "種別": "三角点", "都道府県": "山形県", "緯度": 39.012053, "経度": 140.310571 }, "geometry": { "type": "Point", "coordinates": [ 140.310570861, 39.012052611 ] } }
,
{ "type": "Feature", "properties": { "連番": 188, "索引番号": "180", "山名＜山頂名＞": "男加無山", "山名よみ＜山頂名よみ＞": "おかぶやま", "標高値(m)": 997, "種別": "三角点", "都道府県": "山形県", "緯度": 39.009413, "経度": 140.260287 }, "geometry": { "type": "Point", "coordinates": [ 140.260286611, 39.009412583 ] } }
,
{ "type": "Feature", "properties": { "連番": 189, "索引番号": "181", "山名＜山頂名＞": "寒風山", "山名よみ＜山頂名よみ＞": "かんぷうざん", "標高値(m)": 355, "種別": "三角点", "都道府県": "秋田県", "緯度": 39.933704, "経度": 139.875349 }, "geometry": { "type": "Point", "coordinates": [ 139.875349333, 39.933704167 ] } }
,
{ "type": "Feature", "properties": { "連番": 190, "索引番号": "182", "山名＜山頂名＞": "本山", "山名よみ＜山頂名よみ＞": "ほんざん", "標高値(m)": 715, "種別": "三角点", "都道府県": "秋田県", "緯度": 39.906841, "経度": 139.753772 }, "geometry": { "type": "Point", "coordinates": [ 139.753772444, 39.906840917 ] } }
,
{ "type": "Feature", "properties": { "連番": 191, "索引番号": "183", "山名＜山頂名＞": "東根山", "山名よみ＜山頂名よみ＞": "あずまねさん", "標高値(m)": 928, "種別": "三角点", "都道府県": "岩手県", "緯度": 39.58735, "経度": 141.059766 }, "geometry": { "type": "Point", "coordinates": [ 141.059765750, 39.587350444 ] } }
,
{ "type": "Feature", "properties": { "連番": 192, "索引番号": "184", "山名＜山頂名＞": "和賀岳", "山名よみ＜山頂名よみ＞": "わがだけ", "標高値(m)": 1439, "種別": "三角点", "都道府県": "岩手県 秋田県", "緯度": 39.570396, "経度": 140.754255 }, "geometry": { "type": "Point", "coordinates": [ 140.754255333, 39.570396278 ] } }
,
{ "type": "Feature", "properties": { "連番": 193, "索引番号": "185", "山名＜山頂名＞": "真昼岳", "山名よみ＜山頂名よみ＞": "まひるだけ", "標高値(m)": 1059, "種別": "標高点", "都道府県": "岩手県 秋田県", "緯度": 39.447854, "経度": 140.676545 }, "geometry": { "type": "Point", "coordinates": [ 140.676544722, 39.447853611 ] } }
,
{ "type": "Feature", "properties": { "連番": 194, "索引番号": "186", "山名＜山頂名＞": "黒森", "山名よみ＜山頂名よみ＞": "くろもり", "標高値(m)": 944, "種別": "三角点", "都道府県": "岩手県", "緯度": 39.348275, "経度": 140.86838 }, "geometry": { "type": "Point", "coordinates": [ 140.868380083, 39.348274611 ] } }
,
{ "type": "Feature", "properties": { "連番": 195, "索引番号": "187", "山名＜山頂名＞": "焼石岳", "山名よみ＜山頂名よみ＞": "やけいしだけ", "標高値(m)": 1547, "種別": "三角点", "都道府県": "岩手県", "緯度": 39.163672, "経度": 140.828835 }, "geometry": { "type": "Point", "coordinates": [ 140.828834556, 39.163672306 ] } }
,
{ "type": "Feature", "properties": { "連番": 196, "索引番号": "188", "山名＜山頂名＞": "栗駒山（須川岳）", "山名よみ＜山頂名よみ＞": "くりこまやま（すかわだけ）", "標高値(m)": 1626, "種別": "三角点", "都道府県": "岩手県 宮城県", "緯度": 38.960912, "経度": 140.78843 }, "geometry": { "type": "Point", "coordinates": [ 140.788429694, 38.960912056 ] } }
,
{ "type": "Feature", "properties": { "連番": 197, "索引番号": "189", "山名＜山頂名＞": "高松岳", "山名よみ＜山頂名よみ＞": "たかまつだけ", "標高値(m)": 1348, "種別": "標高点", "都道府県": "秋田県", "緯度": 38.967703, "経度": 140.606336 }, "geometry": { "type": "Point", "coordinates": [ 140.606336111, 38.967702500 ] } }
,
{ "type": "Feature", "properties": { "連番": 198, "索引番号": "190", "山名＜山頂名＞": "虎毛山", "山名よみ＜山頂名よみ＞": "とらげさん", "標高値(m)": 1432, "種別": "三角点", "都道府県": "秋田県", "緯度": 38.90458, "経度": 140.618816 }, "geometry": { "type": "Point", "coordinates": [ 140.618815556, 38.904580306 ] } }
,
{ "type": "Feature", "properties": { "連番": 199, "索引番号": "191", "山名＜山頂名＞": "荒雄岳", "山名よみ＜山頂名よみ＞": "あらおだけ", "標高値(m)": 984, "種別": "三角点", "都道府県": "宮城県", "緯度": 38.833153, "経度": 140.691545 }, "geometry": { "type": "Point", "coordinates": [ 140.691544972, 38.833153000 ] } }
,
{ "type": "Feature", "properties": { "連番": 200, "索引番号": "192", "山名＜山頂名＞": "神室山", "山名よみ＜山頂名よみ＞": "かむろさん", "標高値(m)": 1365, "種別": "三角点", "都道府県": "秋田県 山形県", "緯度": 38.902253, "経度": 140.4923 }, "geometry": { "type": "Point", "coordinates": [ 140.492299694, 38.902252917 ] } }
,
{ "type": "Feature", "properties": { "連番": 201, "索引番号": "193", "山名＜山頂名＞": "火打岳", "山名よみ＜山頂名よみ＞": "ひうちだけ", "標高値(m)": 1237, "種別": "三角点", "都道府県": "山形県", "緯度": 38.84021, "経度": 140.448473 }, "geometry": { "type": "Point", "coordinates": [ 140.448473111, 38.840209806 ] } }
,
{ "type": "Feature", "properties": { "連番": 202, "索引番号": "194", "山名＜山頂名＞": "杢蔵山", "山名よみ＜山頂名よみ＞": "もくぞうやま", "標高値(m)": 1026, "種別": "三角点", "都道府県": "山形県", "緯度": 38.789521, "経度": 140.40138 }, "geometry": { "type": "Point", "coordinates": [ 140.401380444, 38.789521028 ] } }
,
{ "type": "Feature", "properties": { "連番": 203, "索引番号": "195", "山名＜山頂名＞": "禿岳（小鏑山）", "山名よみ＜山頂名よみ＞": "かむろだけ（こかぶらやま）", "標高値(m)": 1261, "種別": "三角点", "都道府県": "山形県 宮城県", "緯度": 38.810947, "経度": 140.595092 }, "geometry": { "type": "Point", "coordinates": [ 140.595092028, 38.810947472 ] } }
,
{ "type": "Feature", "properties": { "連番": 204, "索引番号": "196", "山名＜山頂名＞": "箟岳山", "山名よみ＜山頂名よみ＞": "ののだけやま", "標高値(m)": 236, "種別": "標高点", "都道府県": "宮城県", "緯度": 38.565746, "経度": 141.178755 }, "geometry": { "type": "Point", "coordinates": [ 141.178755383, 38.565746361 ] } }
,
{ "type": "Feature", "properties": { "連番": 205, "索引番号": "197", "山名＜山頂名＞": "大高森", "山名よみ＜山頂名よみ＞": "おおたかもり", "標高値(m)": 105, "種別": "三角点", "都道府県": "宮城県", "緯度": 38.340614, "経度": 141.152511 }, "geometry": { "type": "Point", "coordinates": [ 141.152510750, 38.340613694 ] } }
,
{ "type": "Feature", "properties": { "連番": 206, "索引番号": "198", "山名＜山頂名＞": "翁山", "山名よみ＜山頂名よみ＞": "おきなさん", "標高値(m)": 1075, "種別": "三角点", "都道府県": "山形県", "緯度": 38.650866, "経度": 140.544798 }, "geometry": { "type": "Point", "coordinates": [ 140.544797944, 38.650865639 ] } }
,
{ "type": "Feature", "properties": { "連番": 207, "索引番号": "199", "山名＜山頂名＞": "薬萊山", "山名よみ＜山頂名よみ＞": "やくらいさん", "標高値(m)": 553, "種別": "三角点", "都道府県": "宮城県", "緯度": 38.575542, "経度": 140.705262 }, "geometry": { "type": "Point", "coordinates": [ 140.705262333, 38.575542083 ] } }
,
{ "type": "Feature", "properties": { "連番": 208, "索引番号": "200", "山名＜山頂名＞": "船形山（御所山）", "山名よみ＜山頂名よみ＞": "ふながたやま（ごしょざん）", "標高値(m)": 1500, "種別": "三角点", "都道府県": "宮城県 山形県", "緯度": 38.455447, "経度": 140.619866 }, "geometry": { "type": "Point", "coordinates": [ 140.619866222, 38.455446556 ] } }
,
{ "type": "Feature", "properties": { "連番": 209, "索引番号": "201", "山名＜山頂名＞": "泉ヶ岳", "山名よみ＜山頂名よみ＞": "いずみがたけ", "標高値(m)": 1175, "種別": "測定点", "都道府県": "宮城県", "緯度": 38.411987, "経度": 140.708761 }, "geometry": { "type": "Point", "coordinates": [ 140.708761292, 38.411987448 ] } }
,
{ "type": "Feature", "properties": { "連番": 210, "索引番号": "202", "山名＜山頂名＞": "太白山", "山名よみ＜山頂名よみ＞": "たいはくさん", "標高値(m)": 321, "種別": "三角点", "都道府県": "宮城県", "緯度": 38.234935, "経度": 140.802178 }, "geometry": { "type": "Point", "coordinates": [ 140.802177917, 38.234934722 ] } }
,
{ "type": "Feature", "properties": { "連番": 211, "索引番号": "203", "山名＜山頂名＞": "大東岳", "山名よみ＜山頂名よみ＞": "だいとうだけ", "標高値(m)": 1365, "種別": "三角点", "都道府県": "宮城県", "緯度": 38.302146, "経度": 140.523563 }, "geometry": { "type": "Point", "coordinates": [ 140.523563194, 38.302145917 ] } }
,
{ "type": "Feature", "properties": { "連番": 212, "索引番号": "204-1", "山名＜山頂名＞": "蔵王山＜熊野岳＞", "山名よみ＜山頂名よみ＞": "ざおうざん（ざおうさん）＜くまのだけ＞", "標高値(m)": 1841, "種別": "測定点", "都道府県": "山形県", "緯度": 38.143878, "経度": 140.439741 }, "geometry": { "type": "Point", "coordinates": [ 140.439741111, 38.143877777 ] } }
,
{ "type": "Feature", "properties": { "連番": 213, "索引番号": "204-2", "山名＜山頂名＞": "蔵王山＜刈田岳＞", "山名よみ＜山頂名よみ＞": "ざおうざん（ざおうさん）＜かっただけ＞", "標高値(m)": 1758, "種別": "三角点", "都道府県": "宮城県", "緯度": 38.127754, "経度": 140.448187 }, "geometry": { "type": "Point", "coordinates": [ 140.448187444, 38.127754333 ] } }
,
{ "type": "Feature", "properties": { "連番": 214, "索引番号": "204-3", "山名＜山頂名＞": "蔵王山＜屛風岳＞", "山名よみ＜山頂名よみ＞": "ざおうざん（ざおうさん）＜びょうぶだけ＞", "標高値(m)": 1825, "種別": "標高点", "都道府県": "宮城県", "緯度": 38.095707, "経度": 140.476135 }, "geometry": { "type": "Point", "coordinates": [ 140.476135377, 38.095706870 ] } }
,
{ "type": "Feature", "properties": { "連番": 215, "索引番号": "204-4", "山名＜山頂名＞": "蔵王山＜不忘山（御前岳）＞", "山名よみ＜山頂名よみ＞": "ざおうざん（ざおうさん）＜ふぼうさん（おまえだけ）＞", "標高値(m)": 1705, "種別": "三角点", "都道府県": "宮城県", "緯度": 38.075661, "経度": 140.478859 }, "geometry": { "type": "Point", "coordinates": [ 140.478859389, 38.075661417 ] } }
,
{ "type": "Feature", "properties": { "連番": 216, "索引番号": "205", "山名＜山頂名＞": "青麻山", "山名よみ＜山頂名よみ＞": "あおそやま", "標高値(m)": 799, "種別": "三角点", "都道府県": "宮城県", "緯度": 38.084769, "経度": 140.607578 }, "geometry": { "type": "Point", "coordinates": [ 140.607577833, 38.084769278 ] } }
,
{ "type": "Feature", "properties": { "連番": 217, "索引番号": "206", "山名＜山頂名＞": "栗子山", "山名よみ＜山頂名よみ＞": "くりこやま", "標高値(m)": 1217, "種別": "三角点", "都道府県": "福島県 山形県", "緯度": 37.874343, "経度": 140.269967 }, "geometry": { "type": "Point", "coordinates": [ 140.269967306, 37.874343444 ] } }
,
{ "type": "Feature", "properties": { "連番": 218, "索引番号": "207", "山名＜山頂名＞": "信夫山", "山名よみ＜山頂名よみ＞": "しのぶやま", "標高値(m)": 275, "種別": "測定点", "都道府県": "福島県", "緯度": 37.770714, "経度": 140.46159 }, "geometry": { "type": "Point", "coordinates": [ 140.461589819, 37.770714114 ] } }
,
{ "type": "Feature", "properties": { "連番": 219, "索引番号": "208-1", "山名＜山頂名＞": "西吾妻山", "山名よみ＜山頂名よみ＞": "にしあづまやま", "標高値(m)": 2035, "種別": "標高点", "都道府県": "福島県 山形県", "緯度": 37.73814, "経度": 140.1408 }, "geometry": { "type": "Point", "coordinates": [ 140.140800000, 37.738139722 ] } }
,
{ "type": "Feature", "properties": { "連番": 220, "索引番号": "208-2", "山名＜山頂名＞": "西吾妻山＜西大巓＞", "山名よみ＜山頂名よみ＞": "にしあづまやま＜にしだいてん＞", "標高値(m)": 1982, "種別": "標高点", "都道府県": "山形県 福島県", "緯度": 37.733973, "経度": 140.12769 }, "geometry": { "type": "Point", "coordinates": [ 140.127690278, 37.733972778 ] } }
,
{ "type": "Feature", "properties": { "連番": 221, "索引番号": "208-3", "山名＜山頂名＞": "西吾妻山＜東大巓＞", "山名よみ＜山頂名よみ＞": "にしあづまやま＜ひがしだいてん＞", "標高値(m)": 1928, "種別": "三角点", "都道府県": "福島県 山形県", "緯度": 37.754466, "経度": 140.188764 }, "geometry": { "type": "Point", "coordinates": [ 140.188764444, 37.754466028 ] } }
,
{ "type": "Feature", "properties": { "連番": 222, "索引番号": "209-1", "山名＜山頂名＞": "東吾妻山", "山名よみ＜山頂名よみ＞": "ひがしあづまやま", "標高値(m)": 1975, "種別": "三角点", "都道府県": "福島県", "緯度": 37.711673, "経度": 140.230302 }, "geometry": { "type": "Point", "coordinates": [ 140.230302417, 37.711673222 ] } }
,
{ "type": "Feature", "properties": { "連番": 223, "索引番号": "209-2", "山名＜山頂名＞": "東吾妻山＜一切経山＞", "山名よみ＜山頂名よみ＞": "ひがしあづまやま＜いっさいきょうざん＞", "標高値(m)": 1949, "種別": "三角点", "都道府県": "福島県", "緯度": 37.735364, "経度": 140.244343 }, "geometry": { "type": "Point", "coordinates": [ 140.244342861, 37.735364306 ] } }
,
{ "type": "Feature", "properties": { "連番": 224, "索引番号": "209-3", "山名＜山頂名＞": "東吾妻山＜吾妻小富士＞", "山名よみ＜山頂名よみ＞": "ひがしあづまやま＜あづまこふじ＞", "標高値(m)": 1707, "種別": "標高点", "都道府県": "福島県", "緯度": 37.722134, "経度": 140.263596 }, "geometry": { "type": "Point", "coordinates": [ 140.263595833, 37.722133611 ] } }
,
{ "type": "Feature", "properties": { "連番": 225, "索引番号": "210", "山名＜山頂名＞": "箕輪山", "山名よみ＜山頂名よみ＞": "みのわやま", "標高値(m)": 1728, "種別": "標高点", "都道府県": "福島県", "緯度": 37.647091, "経度": 140.280908 }, "geometry": { "type": "Point", "coordinates": [ 140.280907778, 37.647090556 ] } }
,
{ "type": "Feature", "properties": { "連番": 226, "索引番号": "211-1", "山名＜山頂名＞": "安達太良山＜鉄山＞", "山名よみ＜山頂名よみ＞": "あだたらやま＜てつざん＞", "標高値(m)": 1709, "種別": "測定点", "都道府県": "福島県", "緯度": 37.633051, "経度": 140.283175 }, "geometry": { "type": "Point", "coordinates": [ 140.283174900, 37.633051185 ] } }
,
{ "type": "Feature", "properties": { "連番": 227, "索引番号": "211-2", "山名＜山頂名＞": "安達太良山", "山名よみ＜山頂名よみ＞": "あだたらやま", "標高値(m)": 1700, "種別": "三角点", "都道府県": "福島県", "緯度": 37.621123, "経度": 140.287891 }, "geometry": { "type": "Point", "coordinates": [ 140.287891056, 37.621122889 ] } }
,
{ "type": "Feature", "properties": { "連番": 228, "索引番号": "212", "山名＜山頂名＞": "磐梯山", "山名よみ＜山頂名よみ＞": "ばんだいさん", "標高値(m)": 1816, "種別": "三角点", "都道府県": "福島県", "緯度": 37.600975, "経度": 140.072248 }, "geometry": { "type": "Point", "coordinates": [ 140.072247611, 37.600975000 ] } }
,
{ "type": "Feature", "properties": { "連番": 229, "索引番号": "213", "山名＜山頂名＞": "高館山", "山名よみ＜山頂名よみ＞": "たかだてやま", "標高値(m)": 273, "種別": "三角点", "都道府県": "山形県", "緯度": 38.762963, "経度": 139.747502 }, "geometry": { "type": "Point", "coordinates": [ 139.747502194, 38.762963333 ] } }
,
{ "type": "Feature", "properties": { "連番": 230, "索引番号": "214", "山名＜山頂名＞": "金峯山", "山名よみ＜山頂名よみ＞": "きんぼうざん", "標高値(m)": 471, "種別": "標高点", "都道府県": "山形県", "緯度": 38.682144, "経度": 139.798184 }, "geometry": { "type": "Point", "coordinates": [ 139.798183611, 38.682144445 ] } }
,
{ "type": "Feature", "properties": { "連番": 231, "索引番号": "215", "山名＜山頂名＞": "羽黒山", "山名よみ＜山頂名よみ＞": "はぐろさん", "標高値(m)": 414, "種別": "標高点", "都道府県": "山形県", "緯度": 38.702594, "経度": 139.982693 }, "geometry": { "type": "Point", "coordinates": [ 139.982692611, 38.702593797 ] } }
,
{ "type": "Feature", "properties": { "連番": 232, "索引番号": "216", "山名＜山頂名＞": "月山", "山名よみ＜山頂名よみ＞": "がっさん", "標高値(m)": 1984, "種別": "標高点", "都道府県": "山形県", "緯度": 38.549136, "経度": 140.026971 }, "geometry": { "type": "Point", "coordinates": [ 140.026971389, 38.549135556 ] } }
,
{ "type": "Feature", "properties": { "連番": 233, "索引番号": "217", "山名＜山頂名＞": "葉山", "山名よみ＜山頂名よみ＞": "はやま", "標高値(m)": 1462, "種別": "三角点", "都道府県": "山形県", "緯度": 38.529262, "経度": 140.210522 }, "geometry": { "type": "Point", "coordinates": [ 140.210522278, 38.529262167 ] } }
,
{ "type": "Feature", "properties": { "連番": 234, "索引番号": "218", "山名＜山頂名＞": "温海岳", "山名よみ＜山頂名よみ＞": "あつみだけ", "標高値(m)": 735, "種別": "三角点", "都道府県": "山形県", "緯度": 38.62013, "経度": 139.630738 }, "geometry": { "type": "Point", "coordinates": [ 139.630737944, 38.620129750 ] } }
,
{ "type": "Feature", "properties": { "連番": 235, "索引番号": "219", "山名＜山頂名＞": "摩耶山", "山名よみ＜山頂名よみ＞": "まやさん", "標高値(m)": 1020, "種別": "三角点", "都道府県": "山形県", "緯度": 38.520194, "経度": 139.727851 }, "geometry": { "type": "Point", "coordinates": [ 139.727850889, 38.520193917 ] } }
,
{ "type": "Feature", "properties": { "連番": 236, "索引番号": "220", "山名＜山頂名＞": "以東岳", "山名よみ＜山頂名よみ＞": "いとうだけ", "標高値(m)": 1772, "種別": "三角点", "都道府県": "山形県 新潟県", "緯度": 38.342954, "経度": 139.849062 }, "geometry": { "type": "Point", "coordinates": [ 139.849062389, 38.342954056 ] } }
,
{ "type": "Feature", "properties": { "連番": 237, "索引番号": "221", "山名＜山頂名＞": "朝日岳＜大朝日岳＞", "山名よみ＜山頂名よみ＞": "あさひだけ＜おおあさひだけ＞", "標高値(m)": 1870, "種別": "三角点", "都道府県": "山形県", "緯度": 38.260533, "経度": 139.922321 }, "geometry": { "type": "Point", "coordinates": [ 139.922320500, 38.260532944 ] } }
,
{ "type": "Feature", "properties": { "連番": 238, "索引番号": "222", "山名＜山頂名＞": "祝瓶山", "山名よみ＜山頂名よみ＞": "いわいがめやま", "標高値(m)": 1417, "種別": "三角点", "都道府県": "山形県", "緯度": 38.19761, "経度": 139.879609 }, "geometry": { "type": "Point", "coordinates": [ 139.879609056, 38.197610250 ] } }
,
{ "type": "Feature", "properties": { "連番": 239, "索引番号": "223", "山名＜山頂名＞": "鷲ヶ巣山", "山名よみ＜山頂名よみ＞": "わしがすやま", "標高値(m)": 1093, "種別": "三角点", "都道府県": "新潟県", "緯度": 38.221927, "経度": 139.668993 }, "geometry": { "type": "Point", "coordinates": [ 139.668993417, 38.221927000 ] } }
,
{ "type": "Feature", "properties": { "連番": 240, "索引番号": "224", "山名＜山頂名＞": "新保岳", "山名よみ＜山頂名よみ＞": "しんぼだけ", "標高値(m)": 852, "種別": "三角点", "都道府県": "新潟県", "緯度": 38.361136, "経度": 139.510815 }, "geometry": { "type": "Point", "coordinates": [ 139.510815333, 38.361136278 ] } }
,
{ "type": "Feature", "properties": { "連番": 241, "索引番号": "225", "山名＜山頂名＞": "白鷹山", "山名よみ＜山頂名よみ＞": "しらたかやま", "標高値(m)": 994, "種別": "標高点", "都道府県": "山形県", "緯度": 38.222663, "経度": 140.173121 }, "geometry": { "type": "Point", "coordinates": [ 140.173120556, 38.222662778 ] } }
,
{ "type": "Feature", "properties": { "連番": 242, "索引番号": "226", "山名＜山頂名＞": "朳差岳", "山名よみ＜山頂名よみ＞": "えぶりさしだけ", "標高値(m)": 1636, "種別": "三角点", "都道府県": "新潟県", "緯度": 37.942611, "経度": 139.608833 }, "geometry": { "type": "Point", "coordinates": [ 139.608832639, 37.942610778 ] } }
,
{ "type": "Feature", "properties": { "連番": 243, "索引番号": "227", "山名＜山頂名＞": "北股岳", "山名よみ＜山頂名よみ＞": "きたまただけ", "標高値(m)": 2025, "種別": "三角点", "都道府県": "新潟県 山形県", "緯度": 37.879955, "経度": 139.638576 }, "geometry": { "type": "Point", "coordinates": [ 139.638576167, 37.879954667 ] } }
,
{ "type": "Feature", "properties": { "連番": 244, "索引番号": "228", "山名＜山頂名＞": "飯豊山", "山名よみ＜山頂名よみ＞": "いいでさん", "標高値(m)": 2105, "種別": "三角点", "都道府県": "福島県", "緯度": 37.854831, "経度": 139.70711 }, "geometry": { "type": "Point", "coordinates": [ 139.707109806, 37.854831222 ] } }
,
{ "type": "Feature", "properties": { "連番": 245, "索引番号": "229", "山名＜山頂名＞": "大日岳", "山名よみ＜山頂名よみ＞": "だいにちだけ", "標高値(m)": 2128, "種別": "標高点", "都道府県": "新潟県", "緯度": 37.833203, "経度": 139.660672 }, "geometry": { "type": "Point", "coordinates": [ 139.660671736, 37.833203229 ] } }
,
{ "type": "Feature", "properties": { "連番": 246, "索引番号": "230", "山名＜山頂名＞": "二王子岳", "山名よみ＜山頂名よみ＞": "にのうじだけ", "標高値(m)": 1420, "種別": "三角点", "都道府県": "新潟県", "緯度": 37.899648, "経度": 139.499151 }, "geometry": { "type": "Point", "coordinates": [ 139.499150972, 37.899647750 ] } }
,
{ "type": "Feature", "properties": { "連番": 247, "索引番号": "231", "山名＜山頂名＞": "五頭山", "山名よみ＜山頂名よみ＞": "ごずさん", "標高値(m)": 912, "種別": "三角点", "都道府県": "新潟県", "緯度": 37.800974, "経度": 139.345673 }, "geometry": { "type": "Point", "coordinates": [ 139.345672917, 37.800973889 ] } }
,
{ "type": "Feature", "properties": { "連番": 248, "索引番号": "232", "山名＜山頂名＞": "高陽山", "山名よみ＜山頂名よみ＞": "こうようさん", "標高値(m)": 1126, "種別": "三角点", "都道府県": "福島県 新潟県", "緯度": 37.729076, "経度": 139.649601 }, "geometry": { "type": "Point", "coordinates": [ 139.649601167, 37.729075917 ] } }
,
{ "type": "Feature", "properties": { "連番": 249, "索引番号": "233", "山名＜山頂名＞": "飯森山", "山名よみ＜山頂名よみ＞": "いいもりやま", "標高値(m)": 1595, "種別": "三角点", "都道府県": "山形県 福島県", "緯度": 37.813858, "経度": 139.9256 }, "geometry": { "type": "Point", "coordinates": [ 139.925600194, 37.813858361 ] } }
,
{ "type": "Feature", "properties": { "連番": 250, "索引番号": "234", "山名＜山頂名＞": "霊山", "山名よみ＜山頂名よみ＞": "りょうぜん", "標高値(m)": 825, "種別": "標高点", "都道府県": "福島県", "緯度": 37.768747, "経度": 140.687197 }, "geometry": { "type": "Point", "coordinates": [ 140.687196666, 37.768747223 ] } }
,
{ "type": "Feature", "properties": { "連番": 251, "索引番号": "235", "山名＜山頂名＞": "日山（天王山）", "山名よみ＜山頂名よみ＞": "ひやま（てんのうざん）", "標高値(m)": 1057, "種別": "標高点", "都道府県": "福島県", "緯度": 37.542852, "経度": 140.683566 }, "geometry": { "type": "Point", "coordinates": [ 140.683565833, 37.542851666 ] } }
,
{ "type": "Feature", "properties": { "連番": 252, "索引番号": "236", "山名＜山頂名＞": "鎌倉岳", "山名よみ＜山頂名よみ＞": "かまくらだけ", "標高値(m)": 967, "種別": "三角点", "都道府県": "福島県", "緯度": 37.467024, "経度": 140.68891 }, "geometry": { "type": "Point", "coordinates": [ 140.688909889, 37.467024389 ] } }
,
{ "type": "Feature", "properties": { "連番": 253, "索引番号": "237", "山名＜山頂名＞": "大滝根山", "山名よみ＜山頂名よみ＞": "おおたきねやま", "標高値(m)": 1192, "種別": "三角点", "都道府県": "福島県", "緯度": 37.354899, "経度": 140.701664 }, "geometry": { "type": "Point", "coordinates": [ 140.701664361, 37.354899028 ] } }
,
{ "type": "Feature", "properties": { "連番": 254, "索引番号": "238", "山名＜山頂名＞": "屹兎屋山", "山名よみ＜山頂名よみ＞": "きっとやさん", "標高値(m)": 875, "種別": "三角点", "都道府県": "福島県", "緯度": 37.210624, "経度": 140.867466 }, "geometry": { "type": "Point", "coordinates": [ 140.867466333, 37.210623778 ] } }
,
{ "type": "Feature", "properties": { "連番": 255, "索引番号": "239", "山名＜山頂名＞": "蓬田岳", "山名よみ＜山頂名よみ＞": "よもぎだだけ", "標高値(m)": 952, "種別": "三角点", "都道府県": "福島県", "緯度": 37.265799, "経度": 140.534758 }, "geometry": { "type": "Point", "coordinates": [ 140.534758389, 37.265798833 ] } }
,
{ "type": "Feature", "properties": { "連番": 256, "索引番号": "240", "山名＜山頂名＞": "三大明神山", "山名よみ＜山頂名よみ＞": "さんだいみょうじんやま", "標高値(m)": 706, "種別": "標高点", "都道府県": "福島県", "緯度": 37.052097, "経度": 140.762644 }, "geometry": { "type": "Point", "coordinates": [ 140.762643889, 37.052096945 ] } }
,
{ "type": "Feature", "properties": { "連番": 257, "索引番号": "241", "山名＜山頂名＞": "竪破山", "山名よみ＜山頂名よみ＞": "たつわれさん", "標高値(m)": 658, "種別": "三角点", "都道府県": "茨城県", "緯度": 36.710793, "経度": 140.562278 }, "geometry": { "type": "Point", "coordinates": [ 140.562278083, 36.710793472 ] } }
,
{ "type": "Feature", "properties": { "連番": 258, "索引番号": "242", "山名＜山頂名＞": "男体山", "山名よみ＜山頂名よみ＞": "なんたいさん", "標高値(m)": 654, "種別": "三角点", "都道府県": "茨城県", "緯度": 36.724207, "経度": 140.419684 }, "geometry": { "type": "Point", "coordinates": [ 140.419683722, 36.724207222 ] } }
,
{ "type": "Feature", "properties": { "連番": 259, "索引番号": "243", "山名＜山頂名＞": "高鈴山", "山名よみ＜山頂名よみ＞": "たかすずやま", "標高値(m)": 623, "種別": "三角点", "都道府県": "茨城県", "緯度": 36.62098, "経度": 140.58784 }, "geometry": { "type": "Point", "coordinates": [ 140.587839583, 36.620980306 ] } }
,
{ "type": "Feature", "properties": { "連番": 260, "索引番号": "244", "山名＜山頂名＞": "八溝山", "山名よみ＜山頂名よみ＞": "やみぞさん", "標高値(m)": 1022, "種別": "三角点", "都道府県": "茨城県 福島県", "緯度": 36.930151, "経度": 140.272988 }, "geometry": { "type": "Point", "coordinates": [ 140.272988250, 36.930150722 ] } }
,
{ "type": "Feature", "properties": { "連番": 261, "索引番号": "245", "山名＜山頂名＞": "吾国山", "山名よみ＜山頂名よみ＞": "わがくにさん", "標高値(m)": 518, "種別": "三角点", "都道府県": "茨城県", "緯度": 36.321865, "経度": 140.201101 }, "geometry": { "type": "Point", "coordinates": [ 140.201100528, 36.321865389 ] } }
,
{ "type": "Feature", "properties": { "連番": 262, "索引番号": "246", "山名＜山頂名＞": "加波山", "山名よみ＜山頂名よみ＞": "かばさん", "標高値(m)": 709, "種別": "三角点", "都道府県": "茨城県", "緯度": 36.298811, "経度": 140.143659 }, "geometry": { "type": "Point", "coordinates": [ 140.143658806, 36.298811389 ] } }
,
{ "type": "Feature", "properties": { "連番": 263, "索引番号": "247", "山名＜山頂名＞": "筑波山", "山名よみ＜山頂名よみ＞": "つくばさん", "標高値(m)": 877, "種別": "測定点", "都道府県": "茨城県", "緯度": 36.225359, "経度": 140.106942 }, "geometry": { "type": "Point", "coordinates": [ 140.106942500, 36.225358889 ] } }
,
{ "type": "Feature", "properties": { "連番": 264, "索引番号": "248", "山名＜山頂名＞": "三本槍岳", "山名よみ＜山頂名よみ＞": "さんぼんやりだけ", "標高値(m)": 1917, "種別": "三角点", "都道府県": "福島県 栃木県", "緯度": 37.150142, "経度": 139.961414 }, "geometry": { "type": "Point", "coordinates": [ 139.961413944, 37.150142167 ] } }
,
{ "type": "Feature", "properties": { "連番": 265, "索引番号": "249", "山名＜山頂名＞": "那須岳＜茶臼岳＞", "山名よみ＜山頂名よみ＞": "なすだけ＜ちゃうすだけ＞", "標高値(m)": 1915, "種別": "標高点", "都道府県": "栃木県", "緯度": 37.124861, "経度": 139.963135 }, "geometry": { "type": "Point", "coordinates": [ 139.963134722, 37.124860833 ] } }
,
{ "type": "Feature", "properties": { "連番": 266, "索引番号": "250", "山名＜山頂名＞": "男鹿岳", "山名よみ＜山頂名よみ＞": "おがたけ", "標高値(m)": 1777, "種別": "三角点", "都道府県": "福島県 栃木県", "緯度": 37.085312, "経度": 139.822082 }, "geometry": { "type": "Point", "coordinates": [ 139.822081778, 37.085312000 ] } }
,
{ "type": "Feature", "properties": { "連番": 267, "索引番号": "251", "山名＜山頂名＞": "大佐飛山", "山名よみ＜山頂名よみ＞": "おおさびやま", "標高値(m)": 1908, "種別": "三角点", "都道府県": "栃木県", "緯度": 37.063484, "経度": 139.844451 }, "geometry": { "type": "Point", "coordinates": [ 139.844451444, 37.063484111 ] } }
,
{ "type": "Feature", "properties": { "連番": 268, "索引番号": "252", "山名＜山頂名＞": "高原山＜釈迦ヶ岳＞", "山名よみ＜山頂名よみ＞": "たかはらやま＜しゃかがだけ＞", "標高値(m)": 1795, "種別": "三角点", "都道府県": "栃木県", "緯度": 36.899965, "経度": 139.776761 }, "geometry": { "type": "Point", "coordinates": [ 139.776760528, 36.899964694 ] } }
,
{ "type": "Feature", "properties": { "連番": 269, "索引番号": "253-1", "山名＜山頂名＞": "女峰山", "山名よみ＜山頂名よみ＞": "にょほうさん", "標高値(m)": 2483, "種別": "標高点", "都道府県": "栃木県", "緯度": 36.811457, "経度": 139.536492 }, "geometry": { "type": "Point", "coordinates": [ 139.536492222, 36.811457222 ] } }
,
{ "type": "Feature", "properties": { "連番": 270, "索引番号": "253-2", "山名＜山頂名＞": "女峰山＜大真名子山＞", "山名よみ＜山頂名よみ＞": "にょほうさん＜おおまなごさん＞", "標高値(m)": 2375, "種別": "三角点", "都道府県": "栃木県", "緯度": 36.795257, "経度": 139.507101 }, "geometry": { "type": "Point", "coordinates": [ 139.507100861, 36.795257361 ] } }
,
{ "type": "Feature", "properties": { "連番": 271, "索引番号": "253-3", "山名＜山頂名＞": "女峰山＜小真名子山＞", "山名よみ＜山頂名よみ＞": "にょほうさん＜こまなごさん＞", "標高値(m)": 2323, "種別": "三角点", "都道府県": "栃木県", "緯度": 36.807263, "経度": 139.510865 }, "geometry": { "type": "Point", "coordinates": [ 139.510864583, 36.807262722 ] } }
,
{ "type": "Feature", "properties": { "連番": 272, "索引番号": "254", "山名＜山頂名＞": "太郎山", "山名よみ＜山頂名よみ＞": "たろうさん", "標高値(m)": 2368, "種別": "三角点", "都道府県": "栃木県", "緯度": 36.817874, "経度": 139.48278 }, "geometry": { "type": "Point", "coordinates": [ 139.482779611, 36.817874361 ] } }
,
{ "type": "Feature", "properties": { "連番": 273, "索引番号": "255", "山名＜山頂名＞": "男体山", "山名よみ＜山頂名よみ＞": "なんたいさん", "標高値(m)": 2486, "種別": "測定点", "都道府県": "栃木県", "緯度": 36.764951, "経度": 139.490684 }, "geometry": { "type": "Point", "coordinates": [ 139.490684435, 36.764950632 ] } }
,
{ "type": "Feature", "properties": { "連番": 274, "索引番号": "256", "山名＜山頂名＞": "白根山", "山名よみ＜山頂名よみ＞": "しらねさん", "標高値(m)": 2578, "種別": "標高点", "都道府県": "群馬県 栃木県", "緯度": 36.798602, "経度": 139.375921 }, "geometry": { "type": "Point", "coordinates": [ 139.375921111, 36.798601667 ] } }
,
{ "type": "Feature", "properties": { "連番": 275, "索引番号": "257", "山名＜山頂名＞": "皇海山", "山名よみ＜山頂名よみ＞": "すかいさん", "標高値(m)": 2144, "種別": "三角点", "都道府県": "栃木県 群馬県", "緯度": 36.689863, "経度": 139.336965 }, "geometry": { "type": "Point", "coordinates": [ 139.336964861, 36.689863444 ] } }
,
{ "type": "Feature", "properties": { "連番": 276, "索引番号": "258", "山名＜山頂名＞": "庚申山", "山名よみ＜山頂名よみ＞": "こうしんざん", "標高値(m)": 1892, "種別": "標高点", "都道府県": "栃木県", "緯度": 36.673091, "経度": 139.36128 }, "geometry": { "type": "Point", "coordinates": [ 139.361279722, 36.673090833 ] } }
,
{ "type": "Feature", "properties": { "連番": 277, "索引番号": "259", "山名＜山頂名＞": "袈裟丸山", "山名よみ＜山頂名よみ＞": "けさまるやま", "標高値(m)": 1961, "種別": "標高点", "都道府県": "栃木県 群馬県", "緯度": 36.649389, "経度": 139.327503 }, "geometry": { "type": "Point", "coordinates": [ 139.327503056, 36.649389167 ] } }
,
{ "type": "Feature", "properties": { "連番": 278, "索引番号": "260", "山名＜山頂名＞": "横根山", "山名よみ＜山頂名よみ＞": "よこねやま", "標高値(m)": 1373, "種別": "三角点", "都道府県": "栃木県", "緯度": 36.619807, "経度": 139.522277 }, "geometry": { "type": "Point", "coordinates": [ 139.522276667, 36.619806722 ] } }
,
{ "type": "Feature", "properties": { "連番": 279, "索引番号": "261-1", "山名＜山頂名＞": "赤城山＜黒檜山＞", "山名よみ＜山頂名よみ＞": "あかぎさん＜くろびさん＞", "標高値(m)": 1828, "種別": "三角点", "都道府県": "群馬県", "緯度": 36.560367, "経度": 139.19327 }, "geometry": { "type": "Point", "coordinates": [ 139.193269861, 36.560367139 ] } }
,
{ "type": "Feature", "properties": { "連番": 280, "索引番号": "261-2", "山名＜山頂名＞": "赤城山＜地蔵岳＞", "山名よみ＜山頂名よみ＞": "あかぎさん＜じぞうだけ＞", "標高値(m)": 1674, "種別": "三角点", "都道府県": "群馬県", "緯度": 36.540999, "経度": 139.177351 }, "geometry": { "type": "Point", "coordinates": [ 139.177350833, 36.540999222 ] } }
,
{ "type": "Feature", "properties": { "連番": 281, "索引番号": "262", "山名＜山頂名＞": "博士山", "山名よみ＜山頂名よみ＞": "はかせやま", "標高値(m)": 1482, "種別": "三角点", "都道府県": "福島県", "緯度": 37.363165, "経度": 139.714751 }, "geometry": { "type": "Point", "coordinates": [ 139.714750889, 37.363165222 ] } }
,
{ "type": "Feature", "properties": { "連番": 282, "索引番号": "263", "山名＜山頂名＞": "小野岳", "山名よみ＜山頂名よみ＞": "おのだけ", "標高値(m)": 1383, "種別": "三角点", "都道府県": "福島県", "緯度": 37.325919, "経度": 139.886589 }, "geometry": { "type": "Point", "coordinates": [ 139.886589389, 37.325918889 ] } }
,
{ "type": "Feature", "properties": { "連番": 283, "索引番号": "264", "山名＜山頂名＞": "七ヶ岳", "山名よみ＜山頂名よみ＞": "ななつがだけ", "標高値(m)": 1636, "種別": "三角点", "都道府県": "福島県", "緯度": 37.124279, "経度": 139.657482 }, "geometry": { "type": "Point", "coordinates": [ 139.657481944, 37.124278611 ] } }
,
{ "type": "Feature", "properties": { "連番": 284, "索引番号": "265", "山名＜山頂名＞": "荒海山（太郎岳）", "山名よみ＜山頂名よみ＞": "あらかいやま（たろうだけ）", "標高値(m)": 1581, "種別": "標高点", "都道府県": "福島県 栃木県", "緯度": 37.036071, "経度": 139.643769 }, "geometry": { "type": "Point", "coordinates": [ 139.643769167, 37.036070833 ] } }
,
{ "type": "Feature", "properties": { "連番": 285, "索引番号": "266", "山名＜山頂名＞": "田代山", "山名よみ＜山頂名よみ＞": "たしろやま", "標高値(m)": 1971, "種別": "標高点", "都道府県": "福島県", "緯度": 36.974394, "経度": 139.47855 }, "geometry": { "type": "Point", "coordinates": [ 139.478550278, 36.974393611 ] } }
,
{ "type": "Feature", "properties": { "連番": 286, "索引番号": "267", "山名＜山頂名＞": "帝釈山", "山名よみ＜山頂名よみ＞": "たいしゃくさん", "標高値(m)": 2060, "種別": "三角点", "都道府県": "福島県 栃木県", "緯度": 36.969811, "経度": 139.459994 }, "geometry": { "type": "Point", "coordinates": [ 139.459994361, 36.969810528 ] } }
,
{ "type": "Feature", "properties": { "連番": 287, "索引番号": "268", "山名＜山頂名＞": "黒岩山", "山名よみ＜山頂名よみ＞": "くろいわやま", "標高値(m)": 2163, "種別": "三角点", "都道府県": "栃木県 群馬県", "緯度": 36.908751, "経度": 139.393636 }, "geometry": { "type": "Point", "coordinates": [ 139.393636167, 36.908751472 ] } }
,
{ "type": "Feature", "properties": { "連番": 288, "索引番号": "269", "山名＜山頂名＞": "鬼怒沼山", "山名よみ＜山頂名よみ＞": "きぬぬまやま", "標高値(m)": 2141, "種別": "三角点", "都道府県": "栃木県 群馬県", "緯度": 36.882676, "経度": 139.371703 }, "geometry": { "type": "Point", "coordinates": [ 139.371702528, 36.882675556 ] } }
,
{ "type": "Feature", "properties": { "連番": 289, "索引番号": "270", "山名＜山頂名＞": "会津朝日岳", "山名よみ＜山頂名よみ＞": "あいづあさひだけ", "標高値(m)": 1624, "種別": "三角点", "都道府県": "福島県", "緯度": 37.221148, "経度": 139.339661 }, "geometry": { "type": "Point", "coordinates": [ 139.339660722, 37.221147917 ] } }
,
{ "type": "Feature", "properties": { "連番": 290, "索引番号": "271", "山名＜山頂名＞": "丸山岳", "山名よみ＜山頂名よみ＞": "まるやまだけ", "標高値(m)": 1820, "種別": "三角点", "都道府県": "福島県", "緯度": 37.172743, "経度": 139.334858 }, "geometry": { "type": "Point", "coordinates": [ 139.334857583, 37.172743472 ] } }
,
{ "type": "Feature", "properties": { "連番": 291, "索引番号": "272", "山名＜山頂名＞": "駒ヶ岳", "山名よみ＜山頂名よみ＞": "こまがたけ", "標高値(m)": 2133, "種別": "測定点", "都道府県": "福島県", "緯度": 37.047574, "経度": 139.353543 }, "geometry": { "type": "Point", "coordinates": [ 139.353542778, 37.047573889 ] } }
,
{ "type": "Feature", "properties": { "連番": 292, "索引番号": "273", "山名＜山頂名＞": "平ヶ岳", "山名よみ＜山頂名よみ＞": "ひらがたけ", "標高値(m)": 2141, "種別": "標高点", "都道府県": "群馬県 新潟県", "緯度": 37.002089, "経度": 139.170919 }, "geometry": { "type": "Point", "coordinates": [ 139.170919167, 37.002089444 ] } }
,
{ "type": "Feature", "properties": { "連番": 293, "索引番号": "274", "山名＜山頂名＞": "景鶴山", "山名よみ＜山頂名よみ＞": "けいづるやま", "標高値(m)": 2004, "種別": "標高点", "都道府県": "群馬県 新潟県", "緯度": 36.956884, "経度": 139.210582 }, "geometry": { "type": "Point", "coordinates": [ 139.210581945, 36.956884444 ] } }
,
{ "type": "Feature", "properties": { "連番": 294, "索引番号": "275", "山名＜山頂名＞": "燧ヶ岳＜柴安嵓＞", "山名よみ＜山頂名よみ＞": "ひうちがたけ＜しばやすぐら＞", "標高値(m)": 2356, "種別": "測定点", "都道府県": "福島県", "緯度": 36.955102, "経度": 139.285334 }, "geometry": { "type": "Point", "coordinates": [ 139.285333611, 36.955102222 ] } }
,
{ "type": "Feature", "properties": { "連番": 295, "索引番号": "276", "山名＜山頂名＞": "至仏山", "山名よみ＜山頂名よみ＞": "しぶつさん", "標高値(m)": 2228, "種別": "三角点", "都道府県": "群馬県", "緯度": 36.903474, "経度": 139.173248 }, "geometry": { "type": "Point", "coordinates": [ 139.173247833, 36.903473667 ] } }
,
{ "type": "Feature", "properties": { "連番": 296, "索引番号": "277", "山名＜山頂名＞": "武尊山", "山名よみ＜山頂名よみ＞": "ほたかやま", "標高値(m)": 2158, "種別": "三角点", "都道府県": "群馬県", "緯度": 36.805189, "経度": 139.132601 }, "geometry": { "type": "Point", "coordinates": [ 139.132600861, 36.805188861 ] } }
,
{ "type": "Feature", "properties": { "連番": 297, "索引番号": "278", "山名＜山頂名＞": "御神楽岳", "山名よみ＜山頂名よみ＞": "みかぐらだけ", "標高値(m)": 1386, "種別": "三角点", "都道府県": "新潟県", "緯度": 37.521877, "経度": 139.425864 }, "geometry": { "type": "Point", "coordinates": [ 139.425864333, 37.521876667 ] } }
,
{ "type": "Feature", "properties": { "連番": 298, "索引番号": "279", "山名＜山頂名＞": "粟ヶ岳", "山名よみ＜山頂名よみ＞": "あわがたけ", "標高値(m)": 1292, "種別": "三角点", "都道府県": "新潟県", "緯度": 37.555199, "経度": 139.188723 }, "geometry": { "type": "Point", "coordinates": [ 139.188722500, 37.555199361 ] } }
,
{ "type": "Feature", "properties": { "連番": 299, "索引番号": "280", "山名＜山頂名＞": "矢筈岳", "山名よみ＜山頂名よみ＞": "やはずだけ", "標高値(m)": 1257, "種別": "三角点", "都道府県": "新潟県", "緯度": 37.512363, "経度": 139.266065 }, "geometry": { "type": "Point", "coordinates": [ 139.266065083, 37.512362972 ] } }
,
{ "type": "Feature", "properties": { "連番": 300, "索引番号": "281", "山名＜山頂名＞": "守門岳", "山名よみ＜山頂名よみ＞": "すもんだけ", "標高値(m)": 1537, "種別": "三角点", "都道府県": "新潟県", "緯度": 37.397687, "経度": 139.136567 }, "geometry": { "type": "Point", "coordinates": [ 139.136566583, 37.397686556 ] } }
,
{ "type": "Feature", "properties": { "連番": 301, "索引番号": "282", "山名＜山頂名＞": "浅草岳", "山名よみ＜山頂名よみ＞": "あさくさだけ", "標高値(m)": 1585, "種別": "三角点", "都道府県": "新潟県 福島県", "緯度": 37.343588, "経度": 139.233574 }, "geometry": { "type": "Point", "coordinates": [ 139.233573833, 37.343587917 ] } }
,
{ "type": "Feature", "properties": { "連番": 302, "索引番号": "283", "山名＜山頂名＞": "毛猛山", "山名よみ＜山頂名よみ＞": "けもうやま", "標高値(m)": 1517, "種別": "三角点", "都道府県": "福島県 新潟県", "緯度": 37.256704, "経度": 139.175144 }, "geometry": { "type": "Point", "coordinates": [ 139.175143500, 37.256704111 ] } }
,
{ "type": "Feature", "properties": { "連番": 303, "索引番号": "284", "山名＜山頂名＞": "未丈ヶ岳", "山名よみ＜山頂名よみ＞": "みじょうがたけ", "標高値(m)": 1553, "種別": "三角点", "都道府県": "新潟県", "緯度": 37.183319, "経度": 139.189485 }, "geometry": { "type": "Point", "coordinates": [ 139.189484944, 37.183318972 ] } }
,
{ "type": "Feature", "properties": { "連番": 304, "索引番号": "285", "山名＜山頂名＞": "駒ヶ岳", "山名よみ＜山頂名よみ＞": "こまがたけ", "標高値(m)": 2003, "種別": "三角点", "都道府県": "新潟県", "緯度": 37.12362, "経度": 139.075249 }, "geometry": { "type": "Point", "coordinates": [ 139.075249167, 37.123619944 ] } }
,
{ "type": "Feature", "properties": { "連番": 305, "索引番号": "286", "山名＜山頂名＞": "八海山＜入道岳＞", "山名よみ＜山頂名よみ＞": "はっかいさん＜にゅうどうだけ＞", "標高値(m)": 1778, "種別": "標高点", "都道府県": "新潟県", "緯度": 37.103952, "経度": 139.023999 }, "geometry": { "type": "Point", "coordinates": [ 139.023998611, 37.103952222 ] } }
,
{ "type": "Feature", "properties": { "連番": 306, "索引番号": "287", "山名＜山頂名＞": "中ノ岳", "山名よみ＜山頂名よみ＞": "なかのたけ", "標高値(m)": 2085, "種別": "三角点", "都道府県": "新潟県", "緯度": 37.085261, "経度": 139.077584 }, "geometry": { "type": "Point", "coordinates": [ 139.077584361, 37.085260639 ] } }
,
{ "type": "Feature", "properties": { "連番": 307, "索引番号": "288", "山名＜山頂名＞": "荒沢岳", "山名よみ＜山頂名よみ＞": "あらさわだけ", "標高値(m)": 1968, "種別": "三角点", "都道府県": "新潟県", "緯度": 37.100451, "経度": 139.148187 }, "geometry": { "type": "Point", "coordinates": [ 139.148186722, 37.100450889 ] } }
,
{ "type": "Feature", "properties": { "連番": 308, "索引番号": "289", "山名＜山頂名＞": "下津川山", "山名よみ＜山頂名よみ＞": "しもつごうやま", "標高値(m)": 1928, "種別": "三角点", "都道府県": "新潟県 群馬県", "緯度": 36.994781, "経度": 139.050047 }, "geometry": { "type": "Point", "coordinates": [ 139.050046667, 36.994781111 ] } }
,
{ "type": "Feature", "properties": { "連番": 309, "索引番号": "290", "山名＜山頂名＞": "巻機山", "山名よみ＜山頂名よみ＞": "まきはたやま", "標高値(m)": 1967, "種別": "標高点", "都道府県": "群馬県 新潟県", "緯度": 36.978551, "経度": 138.964448 }, "geometry": { "type": "Point", "coordinates": [ 138.964448333, 36.978551389 ] } }
,
{ "type": "Feature", "properties": { "連番": 310, "索引番号": "291", "山名＜山頂名＞": "大源太山", "山名よみ＜山頂名よみ＞": "だいげんたさん", "標高値(m)": 1598, "種別": "標高点", "都道府県": "新潟県", "緯度": 36.902626, "経度": 138.927132 }, "geometry": { "type": "Point", "coordinates": [ 138.927131667, 36.902626389 ] } }
,
{ "type": "Feature", "properties": { "連番": 311, "索引番号": "292-1", "山名＜山頂名＞": "朝日岳", "山名よみ＜山頂名よみ＞": "あさひだけ", "標高値(m)": 1945, "種別": "三角点", "都道府県": "群馬県", "緯度": 36.880662, "経度": 138.972624 }, "geometry": { "type": "Point", "coordinates": [ 138.972624306, 36.880661528 ] } }
,
{ "type": "Feature", "properties": { "連番": 312, "索引番号": "292-2", "山名＜山頂名＞": "朝日岳＜白毛門＞", "山名よみ＜山頂名よみ＞": "あさひだけ＜しらがもん＞", "標高値(m)": 1720, "種別": "標高点", "都道府県": "群馬県", "緯度": 36.859586, "経度": 138.967356 }, "geometry": { "type": "Point", "coordinates": [ 138.967355833, 36.859585833 ] } }
,
{ "type": "Feature", "properties": { "連番": 313, "索引番号": "293-1", "山名＜山頂名＞": "谷川岳＜茂倉岳＞", "山名よみ＜山頂名よみ＞": "たにがわだけ＜しげくらだけ＞", "標高値(m)": 1978, "種別": "標高点", "都道府県": "群馬県 新潟県", "緯度": 36.849166, "経度": 138.916666 }, "geometry": { "type": "Point", "coordinates": [ 138.916666112, 36.849166111 ] } }
,
{ "type": "Feature", "properties": { "連番": 314, "索引番号": "293-2", "山名＜山頂名＞": "谷川岳＜一ノ倉岳＞", "山名よみ＜山頂名よみ＞": "たにがわだけ＜いちのくらだけ＞", "標高値(m)": 1974, "種別": "三角点", "都道府県": "群馬県 新潟県", "緯度": 36.847111, "経度": 138.924363 }, "geometry": { "type": "Point", "coordinates": [ 138.924363056, 36.847110528 ] } }
,
{ "type": "Feature", "properties": { "連番": 315, "索引番号": "293-3", "山名＜山頂名＞": "谷川岳＜オキノ耳＞", "山名よみ＜山頂名よみ＞": "たにがわだけ＜おきのみみ＞", "標高値(m)": 1977, "種別": "標高点", "都道府県": "群馬県 新潟県", "緯度": 36.837115, "経度": 138.930157 }, "geometry": { "type": "Point", "coordinates": [ 138.930156667, 36.837114723 ] } }
,
{ "type": "Feature", "properties": { "連番": 316, "索引番号": "294", "山名＜山頂名＞": "万太郎山", "山名よみ＜山頂名よみ＞": "まんたろうさん", "標高値(m)": 1954, "種別": "三角点", "都道府県": "群馬県 新潟県", "緯度": 36.824152, "経度": 138.879218 }, "geometry": { "type": "Point", "coordinates": [ 138.879218444, 36.824151944 ] } }
,
{ "type": "Feature", "properties": { "連番": 317, "索引番号": "295", "山名＜山頂名＞": "仙ノ倉山", "山名よみ＜山頂名よみ＞": "せんのくらやま", "標高値(m)": 2026, "種別": "三角点", "都道府県": "群馬県 新潟県", "緯度": 36.817468, "経度": 138.839518 }, "geometry": { "type": "Point", "coordinates": [ 138.839517833, 36.817467611 ] } }
,
{ "type": "Feature", "properties": { "連番": 318, "索引番号": "296", "山名＜山頂名＞": "吾妻耶山", "山名よみ＜山頂名よみ＞": "あづまやさん", "標高値(m)": 1341, "種別": "標高点", "都道府県": "群馬県", "緯度": 36.746448, "経度": 138.927349 }, "geometry": { "type": "Point", "coordinates": [ 138.927349444, 36.746447500 ] } }
,
{ "type": "Feature", "properties": { "連番": 319, "索引番号": "297", "山名＜山頂名＞": "苗場山", "山名よみ＜山頂名よみ＞": "なえばさん", "標高値(m)": 2145, "種別": "三角点", "都道府県": "新潟県 長野県", "緯度": 36.845937, "経度": 138.69032 }, "geometry": { "type": "Point", "coordinates": [ 138.690320417, 36.845936528 ] } }
,
{ "type": "Feature", "properties": { "連番": 320, "索引番号": "298", "山名＜山頂名＞": "佐武流山", "山名よみ＜山頂名よみ＞": "さぶりゅうやま", "標高値(m)": 2192, "種別": "三角点", "都道府県": "新潟県 長野県", "緯度": 36.772288, "経度": 138.670573 }, "geometry": { "type": "Point", "coordinates": [ 138.670573000, 36.772288361 ] } }
,
{ "type": "Feature", "properties": { "連番": 321, "索引番号": "299", "山名＜山頂名＞": "白砂山", "山名よみ＜山頂名よみ＞": "しらすなやま", "標高値(m)": 2140, "種別": "三角点", "都道府県": "群馬県 長野県", "緯度": 36.738071, "経度": 138.693474 }, "geometry": { "type": "Point", "coordinates": [ 138.693474056, 36.738071417 ] } }
,
{ "type": "Feature", "properties": { "連番": 322, "索引番号": "300", "山名＜山頂名＞": "鳥甲山", "山名よみ＜山頂名よみ＞": "とりかぶとやま", "標高値(m)": 2038, "種別": "三角点", "都道府県": "長野県", "緯度": 36.839173, "経度": 138.583986 }, "geometry": { "type": "Point", "coordinates": [ 138.583986083, 36.839172861 ] } }
,
{ "type": "Feature", "properties": { "連番": 323, "索引番号": "301", "山名＜山頂名＞": "高社山（高井富士）", "山名よみ＜山頂名よみ＞": "こうしゃさん（たかいふじ）", "標高値(m)": 1351, "種別": "三角点", "都道府県": "長野県", "緯度": 36.799269, "経度": 138.403813 }, "geometry": { "type": "Point", "coordinates": [ 138.403813333, 36.799268917 ] } }
,
{ "type": "Feature", "properties": { "連番": 324, "索引番号": "302-1", "山名＜山頂名＞": "岩菅山＜裏岩菅山＞", "山名よみ＜山頂名よみ＞": "いわすげやま＜うらいわすごやま＞", "標高値(m)": 2341, "種別": "標高点", "都道府県": "長野県", "緯度": 36.752898, "経度": 138.567803 }, "geometry": { "type": "Point", "coordinates": [ 138.567803056, 36.752898334 ] } }
,
{ "type": "Feature", "properties": { "連番": 325, "索引番号": "302-2", "山名＜山頂名＞": "岩菅山", "山名よみ＜山頂名よみ＞": "いわすげやま", "標高値(m)": 2295, "種別": "三角点", "都道府県": "長野県", "緯度": 36.742041, "経度": 138.559524 }, "geometry": { "type": "Point", "coordinates": [ 138.559523583, 36.742040750 ] } }
,
{ "type": "Feature", "properties": { "連番": 326, "索引番号": "303", "山名＜山頂名＞": "志賀山", "山名よみ＜山頂名よみ＞": "しがやま", "標高値(m)": 2037, "種別": "標高点", "都道府県": "長野県", "緯度": 36.700227, "経度": 138.515575 }, "geometry": { "type": "Point", "coordinates": [ 138.515575278, 36.700226944 ] } }
,
{ "type": "Feature", "properties": { "連番": 327, "索引番号": "304", "山名＜山頂名＞": "笠ヶ岳", "山名よみ＜山頂名よみ＞": "かさがだけ", "標高値(m)": 2076, "種別": "三角点", "都道府県": "長野県", "緯度": 36.676633, "経度": 138.481478 }, "geometry": { "type": "Point", "coordinates": [ 138.481478056, 36.676633389 ] } }
,
{ "type": "Feature", "properties": { "連番": 328, "索引番号": "305", "山名＜山頂名＞": "横手山", "山名よみ＜山頂名よみ＞": "よこてやま", "標高値(m)": 2307, "種別": "標高点", "都道府県": "群馬県 長野県", "緯度": 36.668919, "経度": 138.525913 }, "geometry": { "type": "Point", "coordinates": [ 138.525912778, 36.668918611 ] } }
,
{ "type": "Feature", "properties": { "連番": 329, "索引番号": "306", "山名＜山頂名＞": "白根山", "山名よみ＜山頂名よみ＞": "しらねさん", "標高値(m)": 2160, "種別": "標高点", "都道府県": "群馬県", "緯度": 36.643948, "経度": 138.527727 }, "geometry": { "type": "Point", "coordinates": [ 138.527726944, 36.643947500 ] } }
,
{ "type": "Feature", "properties": { "連番": 330, "索引番号": "307", "山名＜山頂名＞": "本白根山", "山名よみ＜山頂名よみ＞": "もとしらねさん", "標高値(m)": 2171, "種別": "標高点", "都道府県": "群馬県", "緯度": 36.622923, "経度": 138.531722 }, "geometry": { "type": "Point", "coordinates": [ 138.531721944, 36.622922500 ] } }
,
{ "type": "Feature", "properties": { "連番": 331, "索引番号": "308-1", "山名＜山頂名＞": "四阿山", "山名よみ＜山頂名よみ＞": "あずまやさん", "標高値(m)": 2354, "種別": "標高点", "都道府県": "長野県 群馬県", "緯度": 36.541764, "経度": 138.412969 }, "geometry": { "type": "Point", "coordinates": [ 138.412969445, 36.541763611 ] } }
,
{ "type": "Feature", "properties": { "連番": 332, "索引番号": "308-2", "山名＜山頂名＞": "四阿山＜根子岳＞", "山名よみ＜山頂名よみ＞": "あずまやさん＜ねこだけ＞", "標高値(m)": 2207, "種別": "標高点", "都道府県": "長野県", "緯度": 36.549117, "経度": 138.395272 }, "geometry": { "type": "Point", "coordinates": [ 138.395272216, 36.549116518 ] } }
,
{ "type": "Feature", "properties": { "連番": 333, "索引番号": "309", "山名＜山頂名＞": "湯ノ丸山", "山名よみ＜山頂名よみ＞": "ゆのまるやま", "標高値(m)": 2101, "種別": "標高点", "都道府県": "長野県 群馬県", "緯度": 36.434743, "経度": 138.400961 }, "geometry": { "type": "Point", "coordinates": [ 138.400960556, 36.434743333 ] } }
,
{ "type": "Feature", "properties": { "連番": 334, "索引番号": "310", "山名＜山頂名＞": "東篭ノ登山", "山名よみ＜山頂名よみ＞": "ひがしかごのとやま", "標高値(m)": 2228, "種別": "三角点", "都道府県": "長野県 群馬県", "緯度": 36.419305, "経度": 138.447168 }, "geometry": { "type": "Point", "coordinates": [ 138.447167611, 36.419305389 ] } }
,
{ "type": "Feature", "properties": { "連番": 335, "索引番号": "311", "山名＜山頂名＞": "浅間山", "山名よみ＜山頂名よみ＞": "あさまやま", "標高値(m)": 2568, "種別": "標高点", "都道府県": "群馬県 長野県", "緯度": 36.406526, "経度": 138.522963 }, "geometry": { "type": "Point", "coordinates": [ 138.522963333, 36.406526389 ] } }
,
{ "type": "Feature", "properties": { "連番": 336, "索引番号": "312", "山名＜山頂名＞": "浅間隠山", "山名よみ＜山頂名よみ＞": "あさまかくしやま", "標高値(m)": 1757, "種別": "三角点", "都道府県": "群馬県", "緯度": 36.453704, "経度": 138.652493 }, "geometry": { "type": "Point", "coordinates": [ 138.652493278, 36.453703833 ] } }
,
{ "type": "Feature", "properties": { "連番": 337, "索引番号": "313", "山名＜山頂名＞": "鼻曲山", "山名よみ＜山頂名よみ＞": "はなまがりやま", "標高値(m)": 1655, "種別": "標高点", "都道府県": "群馬県", "緯度": 36.410874, "経度": 138.645322 }, "geometry": { "type": "Point", "coordinates": [ 138.645321944, 36.410873611 ] } }
,
{ "type": "Feature", "properties": { "連番": 338, "索引番号": "314", "山名＜山頂名＞": "榛名山＜掃部ヶ岳＞", "山名よみ＜山頂名よみ＞": "はるなさん＜かもんがたけ＞", "標高値(m)": 1449, "種別": "標高点", "都道府県": "群馬県", "緯度": 36.477402, "経度": 138.850889 }, "geometry": { "type": "Point", "coordinates": [ 138.850889167, 36.477402222 ] } }
,
{ "type": "Feature", "properties": { "連番": 339, "索引番号": "315", "山名＜山頂名＞": "子持山", "山名よみ＜山頂名よみ＞": "こもちやま", "標高値(m)": 1296, "種別": "三角点", "都道府県": "群馬県", "緯度": 36.591957, "経度": 138.997692 }, "geometry": { "type": "Point", "coordinates": [ 138.997691639, 36.591957444 ] } }
,
{ "type": "Feature", "properties": { "連番": 340, "索引番号": "316", "山名＜山頂名＞": "妙義山＜相馬岳＞", "山名よみ＜山頂名よみ＞": "みょうぎさん＜そうまだけ＞", "標高値(m)": 1104, "種別": "三角点", "都道府県": "群馬県", "緯度": 36.298645, "経度": 138.748852 }, "geometry": { "type": "Point", "coordinates": [ 138.748851917, 36.298645250 ] } }
,
{ "type": "Feature", "properties": { "連番": 341, "索引番号": "317", "山名＜山頂名＞": "荒船山", "山名よみ＜山頂名よみ＞": "あらふねやま", "標高値(m)": 1423, "種別": "三角点", "都道府県": "群馬県 長野県", "緯度": 36.203993, "経度": 138.637127 }, "geometry": { "type": "Point", "coordinates": [ 138.637127222, 36.203992917 ] } }
,
{ "type": "Feature", "properties": { "連番": 342, "索引番号": "318", "山名＜山頂名＞": "赤久縄山", "山名よみ＜山頂名よみ＞": "あかぐなやま", "標高値(m)": 1523, "種別": "三角点", "都道府県": "群馬県", "緯度": 36.143656, "経度": 138.843288 }, "geometry": { "type": "Point", "coordinates": [ 138.843288306, 36.143655750 ] } }
,
{ "type": "Feature", "properties": { "連番": 343, "索引番号": "319", "山名＜山頂名＞": "西御荷鉾山", "山名よみ＜山頂名よみ＞": "にしみかぼやま", "標高値(m)": 1286, "種別": "三角点", "都道府県": "群馬県", "緯度": 36.152254, "経度": 138.918307 }, "geometry": { "type": "Point", "coordinates": [ 138.918307056, 36.152253722 ] } }
,
{ "type": "Feature", "properties": { "連番": 344, "索引番号": "320", "山名＜山頂名＞": "二子山", "山名よみ＜山頂名よみ＞": "ふたごやま", "標高値(m)": 1166, "種別": "三角点", "都道府県": "埼玉県", "緯度": 36.069643, "経度": 138.863701 }, "geometry": { "type": "Point", "coordinates": [ 138.863701361, 36.069642944 ] } }
,
{ "type": "Feature", "properties": { "連番": 345, "索引番号": "321", "山名＜山頂名＞": "両神山", "山名よみ＜山頂名よみ＞": "りょうかみさん", "標高値(m)": 1723, "種別": "三角点", "都道府県": "埼玉県", "緯度": 36.0234, "経度": 138.841317 }, "geometry": { "type": "Point", "coordinates": [ 138.841317417, 36.023399889 ] } }
,
{ "type": "Feature", "properties": { "連番": 346, "索引番号": "322", "山名＜山頂名＞": "御座山", "山名よみ＜山頂名よみ＞": "おぐらさん", "標高値(m)": 2112, "種別": "標高点", "都道府県": "長野県", "緯度": 36.034105, "経度": 138.606775 }, "geometry": { "type": "Point", "coordinates": [ 138.606775277, 36.034105000 ] } }
,
{ "type": "Feature", "properties": { "連番": 347, "索引番号": "323", "山名＜山頂名＞": "三宝山", "山名よみ＜山頂名よみ＞": "さんぽうさん", "標高値(m)": 2483, "種別": "三角点", "都道府県": "埼玉県 長野県", "緯度": 35.917623, "経度": 138.727832 }, "geometry": { "type": "Point", "coordinates": [ 138.727831694, 35.917623389 ] } }
,
{ "type": "Feature", "properties": { "連番": 348, "索引番号": "324", "山名＜山頂名＞": "甲武信ヶ岳", "山名よみ＜山頂名よみ＞": "こぶしがたけ", "標高値(m)": 2475, "種別": "標高点", "都道府県": "埼玉県 山梨県 長野県", "緯度": 35.909115, "経度": 138.728908 }, "geometry": { "type": "Point", "coordinates": [ 138.728908333, 35.909114722 ] } }
,
{ "type": "Feature", "properties": { "連番": 349, "索引番号": "325", "山名＜山頂名＞": "横尾山", "山名よみ＜山頂名よみ＞": "よこおやま", "標高値(m)": 1818, "種別": "三角点", "都道府県": "山梨県 長野県", "緯度": 35.918768, "経度": 138.521142 }, "geometry": { "type": "Point", "coordinates": [ 138.521142028, 35.918767806 ] } }
,
{ "type": "Feature", "properties": { "連番": 350, "索引番号": "326", "山名＜山頂名＞": "瑞牆山", "山名よみ＜山頂名よみ＞": "みずがきやま", "標高値(m)": 2230, "種別": "標高点", "都道府県": "山梨県", "緯度": 35.893455, "経度": 138.592088 }, "geometry": { "type": "Point", "coordinates": [ 138.592087500, 35.893454722 ] } }
,
{ "type": "Feature", "properties": { "連番": 351, "索引番号": "327", "山名＜山頂名＞": "金峰山", "山名よみ＜山頂名よみ＞": "きんぷさん", "標高値(m)": 2599, "種別": "測定点", "都道府県": "山梨県 長野県", "緯度": 35.871661, "経度": 138.62553 }, "geometry": { "type": "Point", "coordinates": [ 138.625529758, 35.871661496 ] } }
,
{ "type": "Feature", "properties": { "連番": 352, "索引番号": "328", "山名＜山頂名＞": "朝日岳", "山名よみ＜山頂名よみ＞": "あさひだけ", "標高値(m)": 2579, "種別": "標高点", "都道府県": "山梨県 長野県", "緯度": 35.874632, "経度": 138.642398 }, "geometry": { "type": "Point", "coordinates": [ 138.642397778, 35.874632500 ] } }
,
{ "type": "Feature", "properties": { "連番": 353, "索引番号": "329", "山名＜山頂名＞": "国師ヶ岳", "山名よみ＜山頂名よみ＞": "こくしがたけ", "標高値(m)": 2592, "種別": "三角点", "都道府県": "山梨県 長野県", "緯度": 35.870835, "経度": 138.672966 }, "geometry": { "type": "Point", "coordinates": [ 138.672966028, 35.870834528 ] } }
,
{ "type": "Feature", "properties": { "連番": 354, "索引番号": "330", "山名＜山頂名＞": "北奥千丈岳", "山名よみ＜山頂名よみ＞": "きたおくせんじょうだけ", "標高値(m)": 2601, "種別": "標高点", "都道府県": "山梨県", "緯度": 35.868604, "経度": 138.670754 }, "geometry": { "type": "Point", "coordinates": [ 138.670753889, 35.868603889 ] } }
,
{ "type": "Feature", "properties": { "連番": 355, "索引番号": "331", "山名＜山頂名＞": "乾徳山", "山名よみ＜山頂名よみ＞": "けんとくさん", "標高値(m)": 2031, "種別": "標高点", "都道府県": "山梨県", "緯度": 35.822776, "経度": 138.714898 }, "geometry": { "type": "Point", "coordinates": [ 138.714897778, 35.822775555 ] } }
,
{ "type": "Feature", "properties": { "連番": 356, "索引番号": "332", "山名＜山頂名＞": "小楢山", "山名よみ＜山頂名よみ＞": "こならやま", "標高値(m)": 1713, "種別": "三角点", "都道府県": "山梨県", "緯度": 35.781533, "経度": 138.664198 }, "geometry": { "type": "Point", "coordinates": [ 138.664198111, 35.781532778 ] } }
,
{ "type": "Feature", "properties": { "連番": 357, "索引番号": "333", "山名＜山頂名＞": "茅ヶ岳", "山名よみ＜山頂名よみ＞": "かやがたけ", "標高値(m)": 1704, "種別": "三角点", "都道府県": "山梨県", "緯度": 35.795014, "経度": 138.513772 }, "geometry": { "type": "Point", "coordinates": [ 138.513771972, 35.795013639 ] } }
,
{ "type": "Feature", "properties": { "連番": 358, "索引番号": "334", "山名＜山頂名＞": "堂平山", "山名よみ＜山頂名よみ＞": "どうだいらさん", "標高値(m)": 876, "種別": "三角点", "都道府県": "埼玉県", "緯度": 36.005752, "経度": 139.190071 }, "geometry": { "type": "Point", "coordinates": [ 139.190070528, 36.005751667 ] } }
,
{ "type": "Feature", "properties": { "連番": 359, "索引番号": "335", "山名＜山頂名＞": "武甲山", "山名よみ＜山頂名よみ＞": "ぶこうざん", "標高値(m)": 1304, "種別": "測定点", "都道府県": "埼玉県", "緯度": 35.951624, "経度": 139.097796 }, "geometry": { "type": "Point", "coordinates": [ 139.097796222, 35.951623967 ] } }
,
{ "type": "Feature", "properties": { "連番": 360, "索引番号": "336", "山名＜山頂名＞": "伊豆ヶ岳", "山名よみ＜山頂名よみ＞": "いずがたけ", "標高値(m)": 851, "種別": "三角点", "都道府県": "埼玉県", "緯度": 35.926873, "経度": 139.160641 }, "geometry": { "type": "Point", "coordinates": [ 139.160640750, 35.926872944 ] } }
,
{ "type": "Feature", "properties": { "連番": 361, "索引番号": "337", "山名＜山頂名＞": "川乗山", "山名よみ＜山頂名よみ＞": "かわのりやま", "標高値(m)": 1363, "種別": "三角点", "都道府県": "東京都", "緯度": 35.850801, "経度": 139.106883 }, "geometry": { "type": "Point", "coordinates": [ 139.106883056, 35.850801111 ] } }
,
{ "type": "Feature", "properties": { "連番": 362, "索引番号": "338", "山名＜山頂名＞": "酉谷山（天目山）", "山名よみ＜山頂名よみ＞": "とりだにやま（てんもくさん）", "標高値(m)": 1718, "種別": "三角点", "都道府県": "埼玉県 東京都", "緯度": 35.897096, "経度": 139.010309 }, "geometry": { "type": "Point", "coordinates": [ 139.010308889, 35.897096083 ] } }
,
{ "type": "Feature", "properties": { "連番": 363, "索引番号": "339", "山名＜山頂名＞": "雲取山", "山名よみ＜山頂名よみ＞": "くもとりやま", "標高値(m)": 2017, "種別": "三角点", "都道府県": "埼玉県 東京都", "緯度": 35.855508, "経度": 138.943913 }, "geometry": { "type": "Point", "coordinates": [ 138.943913472, 35.855507944 ] } }
,
{ "type": "Feature", "properties": { "連番": 364, "索引番号": "340", "山名＜山頂名＞": "白石山", "山名よみ＜山頂名よみ＞": "はくせきさん", "標高値(m)": 2036, "種別": "三角点", "都道府県": "埼玉県", "緯度": 35.899407, "経度": 138.878015 }, "geometry": { "type": "Point", "coordinates": [ 138.878015278, 35.899407056 ] } }
,
{ "type": "Feature", "properties": { "連番": 365, "索引番号": "341", "山名＜山頂名＞": "唐松尾山", "山名よみ＜山頂名よみ＞": "からまつおやま", "標高値(m)": 2109, "種別": "三角点", "都道府県": "埼玉県 山梨県", "緯度": 35.867685, "経度": 138.845407 }, "geometry": { "type": "Point", "coordinates": [ 138.845407472, 35.867684611 ] } }
,
{ "type": "Feature", "properties": { "連番": 366, "索引番号": "342", "山名＜山頂名＞": "大洞山（飛龍山）", "山名よみ＜山頂名よみ＞": "おおぼらやま（ひりゅうやま）", "標高値(m)": 2077, "種別": "標高点", "都道府県": "埼玉県 山梨県", "緯度": 35.839787, "経度": 138.892214 }, "geometry": { "type": "Point", "coordinates": [ 138.892214167, 35.839787500 ] } }
,
{ "type": "Feature", "properties": { "連番": 367, "索引番号": "343", "山名＜山頂名＞": "鶏冠山（黒川山）", "山名よみ＜山頂名よみ＞": "けいかんやま（くろかわやま）", "標高値(m)": 1716, "種別": "標高点", "都道府県": "山梨県", "緯度": 35.788483, "経度": 138.835644 }, "geometry": { "type": "Point", "coordinates": [ 138.835643948, 35.788483104 ] } }
,
{ "type": "Feature", "properties": { "連番": 368, "索引番号": "344", "山名＜山頂名＞": "大菩薩嶺", "山名よみ＜山頂名よみ＞": "だいぼさつれい", "標高値(m)": 2057, "種別": "三角点", "都道府県": "山梨県", "緯度": 35.748762, "経度": 138.845506 }, "geometry": { "type": "Point", "coordinates": [ 138.845505833, 35.748761861 ] } }
,
{ "type": "Feature", "properties": { "連番": 369, "索引番号": "345", "山名＜山頂名＞": "小金沢山", "山名よみ＜山頂名よみ＞": "こがねざわやま", "標高値(m)": 2014, "種別": "三角点", "都道府県": "山梨県", "緯度": 35.716946, "経度": 138.856623 }, "geometry": { "type": "Point", "coordinates": [ 138.856622806, 35.716945861 ] } }
,
{ "type": "Feature", "properties": { "連番": 370, "索引番号": "346", "山名＜山頂名＞": "雁ケ腹摺山", "山名よみ＜山頂名よみ＞": "がんがはらすりやま", "標高値(m)": 1874, "種別": "標高点", "都道府県": "山梨県", "緯度": 35.686789, "経度": 138.884831 }, "geometry": { "type": "Point", "coordinates": [ 138.884831071, 35.686788978 ] } }
,
{ "type": "Feature", "properties": { "連番": 371, "索引番号": "347-1", "山名＜山頂名＞": "権現山", "山名よみ＜山頂名よみ＞": "ごんげんやま", "標高値(m)": 1312, "種別": "三角点", "都道府県": "山梨県", "緯度": 35.667872, "経度": 139.021435 }, "geometry": { "type": "Point", "coordinates": [ 139.021434500, 35.667872333 ] } }
,
{ "type": "Feature", "properties": { "連番": 372, "索引番号": "347-2", "山名＜山頂名＞": "権現山＜扇山＞", "山名よみ＜山頂名よみ＞": "ごんげんやま＜おうぎやま＞", "標高値(m)": 1138, "種別": "標高点", "都道府県": "山梨県", "緯度": 35.63708, "経度": 139.013417 }, "geometry": { "type": "Point", "coordinates": [ 139.013416792, 35.637079988 ] } }
,
{ "type": "Feature", "properties": { "連番": 373, "索引番号": "348", "山名＜山頂名＞": "三頭山", "山名よみ＜山頂名よみ＞": "みとうさん", "標高値(m)": 1531, "種別": "標高点", "都道府県": "東京都", "緯度": 35.738944, "経度": 139.013762 }, "geometry": { "type": "Point", "coordinates": [ 139.013762222, 35.738943889 ] } }
,
{ "type": "Feature", "properties": { "連番": 374, "索引番号": "349", "山名＜山頂名＞": "大岳山", "山名よみ＜山頂名よみ＞": "おおだけさん", "標高値(m)": 1266, "種別": "三角点", "都道府県": "東京都", "緯度": 35.76522, "経度": 139.130419 }, "geometry": { "type": "Point", "coordinates": [ 139.130419278, 35.765219750 ] } }
,
{ "type": "Feature", "properties": { "連番": 375, "索引番号": "350", "山名＜山頂名＞": "陣馬山（陣場山）", "山名よみ＜山頂名よみ＞": "じんばさん（じんばさん）", "標高値(m)": 855, "種別": "標高点", "都道府県": "東京都 神奈川県", "緯度": 35.652177, "経度": 139.166546 }, "geometry": { "type": "Point", "coordinates": [ 139.166545833, 35.652176667 ] } }
,
{ "type": "Feature", "properties": { "連番": 376, "索引番号": "351", "山名＜山頂名＞": "高尾山", "山名よみ＜山頂名よみ＞": "たかおさん", "標高値(m)": 599, "種別": "三角点", "都道府県": "東京都", "緯度": 35.625166, "経度": 139.243611 }, "geometry": { "type": "Point", "coordinates": [ 139.243611472, 35.625166472 ] } }
,
{ "type": "Feature", "properties": { "連番": 377, "索引番号": "352", "山名＜山頂名＞": "清澄山＜妙見山＞", "山名よみ＜山頂名よみ＞": "きよすみやま＜みょうけんやま＞", "標高値(m)": 377, "種別": "標高点", "都道府県": "千葉県", "緯度": 35.162267, "経度": 140.152313 }, "geometry": { "type": "Point", "coordinates": [ 140.152312778, 35.162267222 ] } }
,
{ "type": "Feature", "properties": { "連番": 378, "索引番号": "353", "山名＜山頂名＞": "鹿野山", "山名よみ＜山頂名よみ＞": "かのうざん", "標高値(m)": 379, "種別": "標高点", "都道府県": "千葉県", "緯度": 35.2556, "経度": 139.971855 }, "geometry": { "type": "Point", "coordinates": [ 139.971855000, 35.255600278 ] } }
,
{ "type": "Feature", "properties": { "連番": 379, "索引番号": "354", "山名＜山頂名＞": "鋸山", "山名よみ＜山頂名よみ＞": "のこぎりやま", "標高値(m)": 329, "種別": "三角点", "都道府県": "千葉県", "緯度": 35.160369, "経度": 139.840864 }, "geometry": { "type": "Point", "coordinates": [ 139.840864083, 35.160369278 ] } }
,
{ "type": "Feature", "properties": { "連番": 380, "索引番号": "355", "山名＜山頂名＞": "富山", "山名よみ＜山頂名よみ＞": "とみさん", "標高値(m)": 349, "種別": "三角点", "都道府県": "千葉県", "緯度": 35.09885, "経度": 139.881524 }, "geometry": { "type": "Point", "coordinates": [ 139.881524333, 35.098850194 ] } }
,
{ "type": "Feature", "properties": { "連番": 381, "索引番号": "356", "山名＜山頂名＞": "伊予ヶ岳", "山名よみ＜山頂名よみ＞": "いよがたけ", "標高値(m)": 336, "種別": "三角点", "都道府県": "千葉県", "緯度": 35.107302, "経度": 139.913976 }, "geometry": { "type": "Point", "coordinates": [ 139.913975639, 35.107301556 ] } }
,
{ "type": "Feature", "properties": { "連番": 382, "索引番号": "357", "山名＜山頂名＞": "愛宕山", "山名よみ＜山頂名よみ＞": "あたごやま", "標高値(m)": 408, "種別": "三角点", "都道府県": "千葉県", "緯度": 35.11488, "経度": 139.986821 }, "geometry": { "type": "Point", "coordinates": [ 139.986821389, 35.114879722 ] } }
,
{ "type": "Feature", "properties": { "連番": 383, "索引番号": "358", "山名＜山頂名＞": "大山", "山名よみ＜山頂名よみ＞": "おおやま", "標高値(m)": 193, "種別": "三角点", "都道府県": "千葉県", "緯度": 34.964189, "経度": 139.777722 }, "geometry": { "type": "Point", "coordinates": [ 139.777722278, 34.964189361 ] } }
,
{ "type": "Feature", "properties": { "連番": 384, "索引番号": "359", "山名＜山頂名＞": "大楠山", "山名よみ＜山頂名よみ＞": "おおぐすやま", "標高値(m)": 241, "種別": "三角点", "都道府県": "神奈川県", "緯度": 35.250068, "経度": 139.628076 }, "geometry": { "type": "Point", "coordinates": [ 139.628076389, 35.250068167 ] } }
,
{ "type": "Feature", "properties": { "連番": 385, "索引番号": "360", "山名＜山頂名＞": "大山", "山名よみ＜山頂名よみ＞": "おおやま", "標高値(m)": 1252, "種別": "標高点", "都道府県": "神奈川県", "緯度": 35.440835, "経度": 139.231158 }, "geometry": { "type": "Point", "coordinates": [ 139.231157500, 35.440835278 ] } }
,
{ "type": "Feature", "properties": { "連番": 386, "索引番号": "361-1", "山名＜山頂名＞": "丹沢山＜蛭ヶ岳＞", "山名よみ＜山頂名よみ＞": "たんざわさん＜ひるがたけ＞", "標高値(m)": 1673, "種別": "標高点", "都道府県": "神奈川県", "緯度": 35.486279, "経度": 139.138865 }, "geometry": { "type": "Point", "coordinates": [ 139.138864746, 35.486278600 ] } }
,
{ "type": "Feature", "properties": { "連番": 387, "索引番号": "361-2", "山名＜山頂名＞": "丹沢山", "山名よみ＜山頂名よみ＞": "たんざわさん", "標高値(m)": 1567, "種別": "三角点", "都道府県": "神奈川県", "緯度": 35.474293, "経度": 139.16268 }, "geometry": { "type": "Point", "coordinates": [ 139.162679917, 35.474293111 ] } }
,
{ "type": "Feature", "properties": { "連番": 388, "索引番号": "361-3", "山名＜山頂名＞": "丹沢山＜塔ノ岳＞", "山名よみ＜山頂名よみ＞": "たんざわさん＜とうのだけ＞", "標高値(m)": 1491, "種別": "標高点", "都道府県": "神奈川県", "緯度": 35.454059, "経度": 139.163313 }, "geometry": { "type": "Point", "coordinates": [ 139.163312777, 35.454058611 ] } }
,
{ "type": "Feature", "properties": { "連番": 389, "索引番号": "362", "山名＜山頂名＞": "大室山", "山名よみ＜山頂名よみ＞": "おおむろやま", "標高値(m)": 1587, "種別": "三角点", "都道府県": "神奈川県 山梨県", "緯度": 35.51096, "経度": 139.06858 }, "geometry": { "type": "Point", "coordinates": [ 139.068580250, 35.510960056 ] } }
,
{ "type": "Feature", "properties": { "連番": 390, "索引番号": "363", "山名＜山頂名＞": "御正体山", "山名よみ＜山頂名よみ＞": "みしょうたいやま", "標高値(m)": 1681, "種別": "三角点", "都道府県": "山梨県", "緯度": 35.486924, "経度": 138.931607 }, "geometry": { "type": "Point", "coordinates": [ 138.931607139, 35.486923639 ] } }
,
{ "type": "Feature", "properties": { "連番": 391, "索引番号": "364", "山名＜山頂名＞": "菰釣山", "山名よみ＜山頂名よみ＞": "こもつるしやま", "標高値(m)": 1379, "種別": "標高点", "都道府県": "神奈川県 山梨県", "緯度": 35.463695, "経度": 138.978497 }, "geometry": { "type": "Point", "coordinates": [ 138.978497500, 35.463694723 ] } }
,
{ "type": "Feature", "properties": { "連番": 392, "索引番号": "365", "山名＜山頂名＞": "三ツ峠山", "山名よみ＜山頂名よみ＞": "みつとうげやま", "標高値(m)": 1785, "種別": "三角点", "都道府県": "山梨県", "緯度": 35.549272, "経度": 138.809204 }, "geometry": { "type": "Point", "coordinates": [ 138.809204361, 35.549272333 ] } }
,
{ "type": "Feature", "properties": { "連番": 393, "索引番号": "366-1", "山名＜山頂名＞": "黒岳", "山名よみ＜山頂名よみ＞": "くろたけ", "標高値(m)": 1793, "種別": "三角点", "都道府県": "山梨県", "緯度": 35.552071, "経度": 138.749436 }, "geometry": { "type": "Point", "coordinates": [ 138.749436361, 35.552070889 ] } }
,
{ "type": "Feature", "properties": { "連番": 394, "索引番号": "366-2", "山名＜山頂名＞": "黒岳＜釈迦ヶ岳＞", "山名よみ＜山頂名よみ＞": "くろたけ＜しゃかがたけ＞", "標高値(m)": 1641, "種別": "標高点", "都道府県": "山梨県", "緯度": 35.562904, "経度": 138.72094 }, "geometry": { "type": "Point", "coordinates": [ 138.720940278, 35.562904167 ] } }
,
{ "type": "Feature", "properties": { "連番": 395, "索引番号": "367", "山名＜山頂名＞": "節刀ヶ岳", "山名よみ＜山頂名よみ＞": "せっとうがたけ", "標高値(m)": 1736, "種別": "標高点", "都道府県": "山梨県", "緯度": 35.52849, "経度": 138.683427 }, "geometry": { "type": "Point", "coordinates": [ 138.683426839, 35.528490252 ] } }
,
{ "type": "Feature", "properties": { "連番": 396, "索引番号": "368", "山名＜山頂名＞": "富士山＜剣ヶ峯＞", "山名よみ＜山頂名よみ＞": "ふじさん＜けんがみね＞", "標高値(m)": 3776, "種別": "測定点", "都道府県": "山梨県 静岡県", "緯度": 35.360738, "経度": 138.727373 }, "geometry": { "type": "Point", "coordinates": [ 138.727373055, 35.360737778 ] } }
,
{ "type": "Feature", "properties": { "連番": 397, "索引番号": "369", "山名＜山頂名＞": "愛鷹山＜越前岳＞", "山名よみ＜山頂名よみ＞": "あしたかやま＜えちぜんだけ＞", "標高値(m)": 1504, "種別": "標高点", "都道府県": "静岡県", "緯度": 35.238057, "経度": 138.794016 }, "geometry": { "type": "Point", "coordinates": [ 138.794016100, 35.238057420 ] } }
,
{ "type": "Feature", "properties": { "連番": 398, "索引番号": "370", "山名＜山頂名＞": "毛無山", "山名よみ＜山頂名よみ＞": "けなしやま", "標高値(m)": 1964, "種別": "標高点", "都道府県": "山梨県 静岡県", "緯度": 35.415833, "経度": 138.543888 }, "geometry": { "type": "Point", "coordinates": [ 138.543888056, 35.415833055 ] } }
,
{ "type": "Feature", "properties": { "連番": 399, "索引番号": "371", "山名＜山頂名＞": "天子ヶ岳", "山名よみ＜山頂名よみ＞": "てんしがたけ", "標高値(m)": 1330, "種別": "標高点", "都道府県": "静岡県", "緯度": 35.329078, "経度": 138.536708 }, "geometry": { "type": "Point", "coordinates": [ 138.536708016, 35.329078351 ] } }
,
{ "type": "Feature", "properties": { "連番": 400, "索引番号": "372-1", "山名＜山頂名＞": "箱根山＜神山＞", "山名よみ＜山頂名よみ＞": "はこねやま＜かみやま＞", "標高値(m)": 1438, "種別": "三角点", "都道府県": "神奈川県", "緯度": 35.233404, "経度": 139.020872 }, "geometry": { "type": "Point", "coordinates": [ 139.020872361, 35.233404083 ] } }
,
{ "type": "Feature", "properties": { "連番": 401, "索引番号": "372-2", "山名＜山頂名＞": "箱根山＜金時山＞", "山名よみ＜山頂名よみ＞": "はこねやま＜きんときざん＞", "標高値(m)": 1212, "種別": "三角点", "都道府県": "静岡県 神奈川県", "緯度": 35.289673, "経度": 139.004866 }, "geometry": { "type": "Point", "coordinates": [ 139.004866139, 35.289672500 ] } }
,
{ "type": "Feature", "properties": { "連番": 402, "索引番号": "373", "山名＜山頂名＞": "玄岳", "山名よみ＜山頂名よみ＞": "くろたけ", "標高値(m)": 798, "種別": "三角点", "都道府県": "静岡県", "緯度": 35.08167, "経度": 139.028108 }, "geometry": { "type": "Point", "coordinates": [ 139.028107500, 35.081669778 ] } }
,
{ "type": "Feature", "properties": { "連番": 403, "索引番号": "374", "山名＜山頂名＞": "大室山", "山名よみ＜山頂名よみ＞": "おおむろやま", "標高値(m)": 580, "種別": "三角点", "都道府県": "静岡県", "緯度": 34.903099, "経度": 139.094653 }, "geometry": { "type": "Point", "coordinates": [ 139.094652944, 34.903098500 ] } }
,
{ "type": "Feature", "properties": { "連番": 404, "索引番号": "375", "山名＜山頂名＞": "天城山＜万三郎岳＞", "山名よみ＜山頂名よみ＞": "あまぎさん＜ばんざぶろうだけ＞", "標高値(m)": 1405, "種別": "三角点", "都道府県": "静岡県", "緯度": 34.862844, "経度": 139.001803 }, "geometry": { "type": "Point", "coordinates": [ 139.001803139, 34.862844333 ] } }
,
{ "type": "Feature", "properties": { "連番": 405, "索引番号": "376", "山名＜山頂名＞": "達磨山", "山名よみ＜山頂名よみ＞": "だるまやま", "標高値(m)": 982, "種別": "三角点", "都道府県": "静岡県", "緯度": 34.954989, "経度": 138.839287 }, "geometry": { "type": "Point", "coordinates": [ 138.839287333, 34.954989056 ] } }
,
{ "type": "Feature", "properties": { "連番": 406, "索引番号": "377", "山名＜山頂名＞": "長九郎山", "山名よみ＜山頂名よみ＞": "ちょうくろうやま", "標高値(m)": 996, "種別": "三角点", "都道府県": "静岡県", "緯度": 34.788372, "経度": 138.867996 }, "geometry": { "type": "Point", "coordinates": [ 138.867995750, 34.788372361 ] } }
,
{ "type": "Feature", "properties": { "連番": 407, "索引番号": "378", "山名＜山頂名＞": "三原山＜三原新山＞", "山名よみ＜山頂名よみ＞": "みはらやま＜みはらしんざん＞", "標高値(m)": 758, "種別": "標高点", "都道府県": "東京都", "緯度": 34.724493, "経度": 139.394473 }, "geometry": { "type": "Point", "coordinates": [ 139.394473334, 34.724493334 ] } }
,
{ "type": "Feature", "properties": { "連番": 408, "索引番号": "379", "山名＜山頂名＞": "宮塚山", "山名よみ＜山頂名よみ＞": "みやつかやま", "標高値(m)": 508, "種別": "三角点", "都道府県": "東京都", "緯度": 34.52041, "経度": 139.279288 }, "geometry": { "type": "Point", "coordinates": [ 139.279288250, 34.520409556 ] } }
,
{ "type": "Feature", "properties": { "連番": 409, "索引番号": "380", "山名＜山頂名＞": "天上山", "山名よみ＜山頂名よみ＞": "てんじょうさん", "標高値(m)": 572, "種別": "三角点", "都道府県": "東京都", "緯度": 34.21954, "経度": 139.153171 }, "geometry": { "type": "Point", "coordinates": [ 139.153170750, 34.219539917 ] } }
,
{ "type": "Feature", "properties": { "連番": 410, "索引番号": "381", "山名＜山頂名＞": "雄山", "山名よみ＜山頂名よみ＞": "おやま", "標高値(m)": 775, "種別": "標高点", "都道府県": "東京都", "緯度": 34.093581, "経度": 139.526183 }, "geometry": { "type": "Point", "coordinates": [ 139.526183333, 34.093580556 ] } }
,
{ "type": "Feature", "properties": { "連番": 411, "索引番号": "382", "山名＜山頂名＞": "御山", "山名よみ＜山頂名よみ＞": "おやま", "標高値(m)": 851, "種別": "三角点", "都道府県": "東京都", "緯度": 33.874456, "経度": 139.601835 }, "geometry": { "type": "Point", "coordinates": [ 139.601834917, 33.874455611 ] } }
,
{ "type": "Feature", "properties": { "連番": 412, "索引番号": "383", "山名＜山頂名＞": "西山（八丈富士）", "山名よみ＜山頂名よみ＞": "にしやま（はちじょうふじ）", "標高値(m)": 854, "種別": "三角点", "都道府県": "東京都", "緯度": 33.13704, "経度": 139.766064 }, "geometry": { "type": "Point", "coordinates": [ 139.766063528, 33.137040361 ] } }
,
{ "type": "Feature", "properties": { "連番": 413, "索引番号": "384", "山名＜山頂名＞": "硫黄山", "山名よみ＜山頂名よみ＞": "いおうやま", "標高値(m)": 394, "種別": "標高点", "都道府県": "東京都", "緯度": 30.48386, "経度": 140.302979 }, "geometry": { "type": "Point", "coordinates": [ 140.302979444, 30.483860000 ] } }
,
{ "type": "Feature", "properties": { "連番": 414, "索引番号": "385", "山名＜山頂名＞": "中央山", "山名よみ＜山頂名よみ＞": "ちゅうおうざん", "標高値(m)": 319, "種別": "三角点", "都道府県": "東京都", "緯度": 27.073342, "経度": 142.218704 }, "geometry": { "type": "Point", "coordinates": [ 142.218704444, 27.073342194 ] } }
,
{ "type": "Feature", "properties": { "連番": 415, "索引番号": "386", "山名＜山頂名＞": "乳房山", "山名よみ＜山頂名よみ＞": "ちぶさやま", "標高値(m)": 462, "種別": "三角点", "都道府県": "東京都", "緯度": 26.659541, "経度": 142.161478 }, "geometry": { "type": "Point", "coordinates": [ 142.161478250, 26.659541333 ] } }
,
{ "type": "Feature", "properties": { "連番": 416, "索引番号": "387", "山名＜山頂名＞": "榊ヶ峰", "山名よみ＜山頂名よみ＞": "さかきがみね", "標高値(m)": 792, "種別": "標高点", "都道府県": "東京都", "緯度": 25.427729, "経度": 141.281192 }, "geometry": { "type": "Point", "coordinates": [ 141.281191667, 25.427729167 ] } }
,
{ "type": "Feature", "properties": { "連番": 417, "索引番号": "388", "山名＜山頂名＞": "摺鉢山（パイプ山）", "山名よみ＜山頂名よみ＞": "すりばちやま（ぱいぷやま）", "標高値(m)": 172, "種別": "標高点", "都道府県": "東京都", "緯度": 24.750385, "経度": 141.28911 }, "geometry": { "type": "Point", "coordinates": [ 141.289110341, 24.750385437 ] } }
,
{ "type": "Feature", "properties": { "連番": 418, "索引番号": "389", "山名＜山頂名＞": "[南硫黄島]", "山名よみ＜山頂名よみ＞": "[みなみいおうとう]", "標高値(m)": 916, "種別": "標高点", "都道府県": "東京都", "緯度": 24.233895, "経度": 141.463556 }, "geometry": { "type": "Point", "coordinates": [ 141.463555556, 24.233895000 ] } }
,
{ "type": "Feature", "properties": { "連番": 419, "索引番号": "390", "山名＜山頂名＞": "金北山", "山名よみ＜山頂名よみ＞": "きんぽくさん", "標高値(m)": 1172, "種別": "三角点", "都道府県": "新潟県", "緯度": 38.103882, "経度": 138.349816 }, "geometry": { "type": "Point", "coordinates": [ 138.349816389, 38.103882000 ] } }
,
{ "type": "Feature", "properties": { "連番": 420, "索引番号": "391", "山名＜山頂名＞": "大地山", "山名よみ＜山頂名よみ＞": "おおちやま", "標高値(m)": 646, "種別": "三角点", "都道府県": "新潟県", "緯度": 37.958575, "経度": 138.47971 }, "geometry": { "type": "Point", "coordinates": [ 138.479710139, 37.958574694 ] } }
,
{ "type": "Feature", "properties": { "連番": 421, "索引番号": "392", "山名＜山頂名＞": "弥彦山", "山名よみ＜山頂名よみ＞": "やひこやま", "標高値(m)": 634, "種別": "標高点", "都道府県": "新潟県", "緯度": 37.704721, "経度": 138.809053 }, "geometry": { "type": "Point", "coordinates": [ 138.809053056, 37.704720555 ] } }
,
{ "type": "Feature", "properties": { "連番": 422, "索引番号": "393", "山名＜山頂名＞": "米山", "山名よみ＜山頂名よみ＞": "よねやま", "標高値(m)": 992, "種別": "三角点", "都道府県": "新潟県", "緯度": 37.28954, "経度": 138.483947 }, "geometry": { "type": "Point", "coordinates": [ 138.483946972, 37.289539528 ] } }
,
{ "type": "Feature", "properties": { "連番": 423, "索引番号": "394", "山名＜山頂名＞": "黒姫山", "山名よみ＜山頂名よみ＞": "くろひめさん", "標高値(m)": 891, "種別": "標高点", "都道府県": "新潟県", "緯度": 37.22608, "経度": 138.592154 }, "geometry": { "type": "Point", "coordinates": [ 138.592153611, 37.226079722 ] } }
,
{ "type": "Feature", "properties": { "連番": 424, "索引番号": "395", "山名＜山頂名＞": "菱ヶ岳", "山名よみ＜山頂名よみ＞": "ひしがたけ", "標高値(m)": 1129, "種別": "三角点", "都道府県": "新潟県", "緯度": 37.032165, "経度": 138.493284 }, "geometry": { "type": "Point", "coordinates": [ 138.493284000, 37.032165111 ] } }
,
{ "type": "Feature", "properties": { "連番": 425, "索引番号": "396", "山名＜山頂名＞": "斑尾山", "山名よみ＜山頂名よみ＞": "まだらおやま", "標高値(m)": 1381, "種別": "三角点", "都道府県": "長野県", "緯度": 36.837396, "経度": 138.274312 }, "geometry": { "type": "Point", "coordinates": [ 138.274312361, 36.837396250 ] } }
,
{ "type": "Feature", "properties": { "連番": 426, "索引番号": "397", "山名＜山頂名＞": "鉾ヶ岳", "山名よみ＜山頂名よみ＞": "ほこがたけ", "標高値(m)": 1316, "種別": "三角点", "都道府県": "新潟県", "緯度": 37.028665, "経度": 138.026453 }, "geometry": { "type": "Point", "coordinates": [ 138.026453222, 37.028664806 ] } }
,
{ "type": "Feature", "properties": { "連番": 427, "索引番号": "398", "山名＜山頂名＞": "駒ヶ岳", "山名よみ＜山頂名よみ＞": "こまがたけ", "標高値(m)": 1498, "種別": "標高点", "都道府県": "新潟県", "緯度": 36.942751, "経度": 137.948408 }, "geometry": { "type": "Point", "coordinates": [ 137.948407778, 36.942750556 ] } }
,
{ "type": "Feature", "properties": { "連番": 428, "索引番号": "399", "山名＜山頂名＞": "鋸岳", "山名よみ＜山頂名よみ＞": "のこぎりだけ", "標高値(m)": 1631, "種別": "三角点", "都道府県": "新潟県", "緯度": 36.931868, "経度": 137.968928 }, "geometry": { "type": "Point", "coordinates": [ 137.968927944, 36.931868361 ] } }
,
{ "type": "Feature", "properties": { "連番": 429, "索引番号": "400", "山名＜山頂名＞": "焼山", "山名よみ＜山頂名よみ＞": "やけやま", "標高値(m)": 2400, "種別": "三角点", "都道府県": "新潟県", "緯度": 36.920958, "経度": 138.03595 }, "geometry": { "type": "Point", "coordinates": [ 138.035949778, 36.920958361 ] } }
,
{ "type": "Feature", "properties": { "連番": 430, "索引番号": "401", "山名＜山頂名＞": "雨飾山", "山名よみ＜山頂名よみ＞": "あまかざりやま", "標高値(m)": 1963, "種別": "三角点", "都道府県": "新潟県 長野県", "緯度": 36.902021, "経度": 137.96261 }, "geometry": { "type": "Point", "coordinates": [ 137.962609500, 36.902020667 ] } }
,
{ "type": "Feature", "properties": { "連番": 431, "索引番号": "402", "山名＜山頂名＞": "火打山", "山名よみ＜山頂名よみ＞": "ひうちやま", "標高値(m)": 2462, "種別": "三角点", "都道府県": "新潟県", "緯度": 36.922702, "経度": 138.068122 }, "geometry": { "type": "Point", "coordinates": [ 138.068121833, 36.922701722 ] } }
,
{ "type": "Feature", "properties": { "連番": 432, "索引番号": "403", "山名＜山頂名＞": "妙高山", "山名よみ＜山頂名よみ＞": "みょうこうさん", "標高値(m)": 2454, "種別": "標高点", "都道府県": "新潟県", "緯度": 36.89126, "経度": 138.113457 }, "geometry": { "type": "Point", "coordinates": [ 138.113456918, 36.891260390 ] } }
,
{ "type": "Feature", "properties": { "連番": 433, "索引番号": "404", "山名＜山頂名＞": "黒姫山", "山名よみ＜山頂名よみ＞": "くろひめやま", "標高値(m)": 2053, "種別": "標高点", "都道府県": "長野県", "緯度": 36.813474, "経度": 138.127183 }, "geometry": { "type": "Point", "coordinates": [ 138.127183056, 36.813473611 ] } }
,
{ "type": "Feature", "properties": { "連番": 434, "索引番号": "405", "山名＜山頂名＞": "高妻山", "山名よみ＜山頂名よみ＞": "たかつまやま", "標高値(m)": 2353, "種別": "三角点", "都道府県": "新潟県 長野県", "緯度": 36.800046, "経度": 138.051934 }, "geometry": { "type": "Point", "coordinates": [ 138.051933611, 36.800046000 ] } }
,
{ "type": "Feature", "properties": { "連番": 435, "索引番号": "406", "山名＜山頂名＞": "戸隠山", "山名よみ＜山頂名よみ＞": "とがくしやま", "標高値(m)": 1904, "種別": "標高点", "都道府県": "長野県", "緯度": 36.770389, "経度": 138.05511 }, "geometry": { "type": "Point", "coordinates": [ 138.055110000, 36.770389166 ] } }
,
{ "type": "Feature", "properties": { "連番": 436, "索引番号": "407", "山名＜山頂名＞": "飯縄山（飯綱山）", "山名よみ＜山頂名よみ＞": "いいづなやま（いいづなやま）", "標高値(m)": 1917, "種別": "三角点", "都道府県": "長野県", "緯度": 36.739437, "経度": 138.133694 }, "geometry": { "type": "Point", "coordinates": [ 138.133693889, 36.739436806 ] } }
,
{ "type": "Feature", "properties": { "連番": 437, "索引番号": "408", "山名＜山頂名＞": "虫倉山", "山名よみ＜山頂名よみ＞": "むしくらやま", "標高値(m)": 1378, "種別": "標高点", "都道府県": "長野県", "緯度": 36.649806, "経度": 138.018948 }, "geometry": { "type": "Point", "coordinates": [ 138.018948405, 36.649806185 ] } }
,
{ "type": "Feature", "properties": { "連番": 438, "索引番号": "409", "山名＜山頂名＞": "聖山", "山名よみ＜山頂名よみ＞": "ひじりやま", "標高値(m)": 1447, "種別": "三角点", "都道府県": "長野県", "緯度": 36.484201, "経度": 138.021415 }, "geometry": { "type": "Point", "coordinates": [ 138.021414889, 36.484200917 ] } }
,
{ "type": "Feature", "properties": { "連番": 439, "索引番号": "410", "山名＜山頂名＞": "冠着山（姨捨山）", "山名よみ＜山頂名よみ＞": "かむりきやま（おばすてやま）", "標高値(m)": 1252, "種別": "三角点", "都道府県": "長野県", "緯度": 36.468797, "経度": 138.10666 }, "geometry": { "type": "Point", "coordinates": [ 138.106660111, 36.468797444 ] } }
,
{ "type": "Feature", "properties": { "連番": 440, "索引番号": "411", "山名＜山頂名＞": "美ヶ原＜王ヶ頭＞", "山名よみ＜山頂名よみ＞": "うつくしがはら＜おうがとう＞", "標高値(m)": 2034, "種別": "三角点", "都道府県": "長野県", "緯度": 36.225796, "経度": 138.107445 }, "geometry": { "type": "Point", "coordinates": [ 138.107445083, 36.225796333 ] } }
,
{ "type": "Feature", "properties": { "連番": 441, "索引番号": "412", "山名＜山頂名＞": "鉢伏山", "山名よみ＜山頂名よみ＞": "はちぶせやま", "標高値(m)": 1929, "種別": "三角点", "都道府県": "長野県", "緯度": 36.163046, "経度": 138.059154 }, "geometry": { "type": "Point", "coordinates": [ 138.059154056, 36.163046111 ] } }
,
{ "type": "Feature", "properties": { "連番": 442, "索引番号": "413", "山名＜山頂名＞": "霧ヶ峰＜車山＞", "山名よみ＜山頂名よみ＞": "きりがみね＜くるまやま＞", "標高値(m)": 1925, "種別": "三角点", "都道府県": "長野県", "緯度": 36.102894, "経度": 138.196669 }, "geometry": { "type": "Point", "coordinates": [ 138.196669472, 36.102893667 ] } }
,
{ "type": "Feature", "properties": { "連番": 443, "索引番号": "414", "山名＜山頂名＞": "蓼科山", "山名よみ＜山頂名よみ＞": "たてしなやま", "標高値(m)": 2531, "種別": "三角点", "都道府県": "長野県", "緯度": 36.103729, "経度": 138.295071 }, "geometry": { "type": "Point", "coordinates": [ 138.295071389, 36.103729472 ] } }
,
{ "type": "Feature", "properties": { "連番": 444, "索引番号": "415", "山名＜山頂名＞": "横岳", "山名よみ＜山頂名よみ＞": "よこだけ", "標高値(m)": 2480, "種別": "標高点", "都道府県": "長野県", "緯度": 36.08744, "経度": 138.320056 }, "geometry": { "type": "Point", "coordinates": [ 138.320055833, 36.087440278 ] } }
,
{ "type": "Feature", "properties": { "連番": 445, "索引番号": "416", "山名＜山頂名＞": "縞枯山", "山名よみ＜山頂名よみ＞": "しまがれやま", "標高値(m)": 2403, "種別": "標高点", "都道府県": "長野県", "緯度": 36.075319, "経度": 138.331549 }, "geometry": { "type": "Point", "coordinates": [ 138.331549445, 36.075318611 ] } }
,
{ "type": "Feature", "properties": { "連番": 446, "索引番号": "417", "山名＜山頂名＞": "天狗岳", "山名よみ＜山頂名よみ＞": "てんぐだけ", "標高値(m)": 2646, "種別": "三角点", "都道府県": "長野県", "緯度": 36.019171, "経度": 138.355453 }, "geometry": { "type": "Point", "coordinates": [ 138.355453417, 36.019171278 ] } }
,
{ "type": "Feature", "properties": { "連番": 447, "索引番号": "418", "山名＜山頂名＞": "峰の松目", "山名よみ＜山頂名よみ＞": "みねのまつめ", "標高値(m)": 2568, "種別": "三角点", "都道府県": "長野県", "緯度": 35.99686, "経度": 138.350526 }, "geometry": { "type": "Point", "coordinates": [ 138.350526111, 35.996860000 ] } }
,
{ "type": "Feature", "properties": { "連番": 448, "索引番号": "419", "山名＜山頂名＞": "硫黄岳", "山名よみ＜山頂名よみ＞": "いおうだけ", "標高値(m)": 2760, "種別": "標高点", "都道府県": "長野県", "緯度": 35.998776, "経度": 138.369968 }, "geometry": { "type": "Point", "coordinates": [ 138.369967777, 35.998775555 ] } }
,
{ "type": "Feature", "properties": { "連番": 449, "索引番号": "420", "山名＜山頂名＞": "横岳", "山名よみ＜山頂名よみ＞": "よこだけ", "標高値(m)": 2830, "種別": "測定点", "都道府県": "長野県", "緯度": 35.985965, "経度": 138.372841 }, "geometry": { "type": "Point", "coordinates": [ 138.372840556, 35.985964722 ] } }
,
{ "type": "Feature", "properties": { "連番": 450, "索引番号": "421", "山名＜山頂名＞": "赤岳", "山名よみ＜山頂名よみ＞": "あかだけ", "標高値(m)": 2899, "種別": "三角点", "都道府県": "長野県 山梨県", "緯度": 35.970797, "経度": 138.370067 }, "geometry": { "type": "Point", "coordinates": [ 138.370066700, 35.970797330 ] } }
,
{ "type": "Feature", "properties": { "連番": 451, "索引番号": "422", "山名＜山頂名＞": "阿弥陀岳", "山名よみ＜山頂名よみ＞": "あみだだけ", "標高値(m)": 2805, "種別": "標高点", "都道府県": "長野県", "緯度": 35.972453, "経度": 138.358797 }, "geometry": { "type": "Point", "coordinates": [ 138.358796944, 35.972453055 ] } }
,
{ "type": "Feature", "properties": { "連番": 452, "索引番号": "423-1", "山名＜山頂名＞": "権現岳", "山名よみ＜山頂名よみ＞": "ごんげんだけ", "標高値(m)": 2715, "種別": "標高点", "都道府県": "山梨県", "緯度": 35.949802, "経度": 138.359742 }, "geometry": { "type": "Point", "coordinates": [ 138.359742222, 35.949801944 ] } }
,
{ "type": "Feature", "properties": { "連番": 453, "索引番号": "423-2", "山名＜山頂名＞": "権現岳＜西岳＞", "山名よみ＜山頂名よみ＞": "ごんげんだけ＜にしだけ＞", "標高値(m)": 2398, "種別": "標高点", "都道府県": "長野県", "緯度": 35.950099, "経度": 138.335031 }, "geometry": { "type": "Point", "coordinates": [ 138.335031389, 35.950099167 ] } }
,
{ "type": "Feature", "properties": { "連番": 454, "索引番号": "423-3", "山名＜山頂名＞": "権現岳＜三ッ頭＞", "山名よみ＜山頂名よみ＞": "ごんげんだけ＜みつがしら＞", "標高値(m)": 2580, "種別": "標高点", "都道府県": "山梨県", "緯度": 35.942263, "経度": 138.363961 }, "geometry": { "type": "Point", "coordinates": [ 138.363961111, 35.942262500 ] } }
,
{ "type": "Feature", "properties": { "連番": 455, "索引番号": "424", "山名＜山頂名＞": "編笠山", "山名よみ＜山頂名よみ＞": "あみがさやま", "標高値(m)": 2524, "種別": "三角点", "都道府県": "山梨県 長野県", "緯度": 35.941696, "経度": 138.345057 }, "geometry": { "type": "Point", "coordinates": [ 138.345056750, 35.941696361 ] } }
,
{ "type": "Feature", "properties": { "連番": 456, "索引番号": "425", "山名＜山頂名＞": "黒姫山", "山名よみ＜山頂名よみ＞": "くろひめやま", "標高値(m)": 1221, "種別": "三角点", "都道府県": "新潟県", "緯度": 36.976628, "経度": 137.790069 }, "geometry": { "type": "Point", "coordinates": [ 137.790069333, 36.976628444 ] } }
,
{ "type": "Feature", "properties": { "連番": 457, "索引番号": "426", "山名＜山頂名＞": "明星山", "山名よみ＜山頂名よみ＞": "みょうじょうさん", "標高値(m)": 1188, "種別": "三角点", "都道府県": "新潟県", "緯度": 36.940895, "経度": 137.821852 }, "geometry": { "type": "Point", "coordinates": [ 137.821851972, 36.940894944 ] } }
,
{ "type": "Feature", "properties": { "連番": 458, "索引番号": "427", "山名＜山頂名＞": "犬ヶ岳", "山名よみ＜山頂名よみ＞": "いぬがたけ", "標高値(m)": 1592, "種別": "三角点", "都道府県": "新潟県 富山県", "緯度": 36.906887, "経度": 137.715599 }, "geometry": { "type": "Point", "coordinates": [ 137.715598972, 36.906886639 ] } }
,
{ "type": "Feature", "properties": { "連番": 459, "索引番号": "428", "山名＜山頂名＞": "朝日岳", "山名よみ＜山頂名よみ＞": "あさひだけ", "標高値(m)": 2418, "種別": "三角点", "都道府県": "新潟県 富山県", "緯度": 36.826738, "経度": 137.729884 }, "geometry": { "type": "Point", "coordinates": [ 137.729884111, 36.826737917 ] } }
,
{ "type": "Feature", "properties": { "連番": 460, "索引番号": "429", "山名＜山頂名＞": "雪倉岳", "山名よみ＜山頂名よみ＞": "ゆきくらだけ", "標高値(m)": 2611, "種別": "三角点", "都道府県": "新潟県 富山県", "緯度": 36.794644, "経度": 137.754036 }, "geometry": { "type": "Point", "coordinates": [ 137.754036028, 36.794643778 ] } }
,
{ "type": "Feature", "properties": { "連番": 461, "索引番号": "430", "山名＜山頂名＞": "鉢ヶ岳", "山名よみ＜山頂名よみ＞": "はちがだけ", "標高値(m)": 2563, "種別": "標高点", "都道府県": "新潟県 富山県", "緯度": 36.780197, "経度": 137.749502 }, "geometry": { "type": "Point", "coordinates": [ 137.749502299, 36.780196758 ] } }
,
{ "type": "Feature", "properties": { "連番": 462, "索引番号": "431", "山名＜山頂名＞": "小蓮華山", "山名よみ＜山頂名よみ＞": "これんげさん", "標高値(m)": 2766, "種別": "測定点", "都道府県": "新潟県 長野県", "緯度": 36.773521, "経度": 137.77597 }, "geometry": { "type": "Point", "coordinates": [ 137.775969585, 36.773521245 ] } }
,
{ "type": "Feature", "properties": { "連番": 463, "索引番号": "432", "山名＜山頂名＞": "乗鞍岳", "山名よみ＜山頂名よみ＞": "のりくらだけ", "標高値(m)": 2469, "種別": "標高点", "都道府県": "新潟県 長野県", "緯度": 36.788274, "経度": 137.799157 }, "geometry": { "type": "Point", "coordinates": [ 137.799157222, 36.788274444 ] } }
,
{ "type": "Feature", "properties": { "連番": 464, "索引番号": "433", "山名＜山頂名＞": "風吹岳", "山名よみ＜山頂名よみ＞": "かざふきだけ", "標高値(m)": 1888, "種別": "標高点", "都道府県": "長野県", "緯度": 36.814216, "経度": 137.839021 }, "geometry": { "type": "Point", "coordinates": [ 137.839021389, 36.814216111 ] } }
,
{ "type": "Feature", "properties": { "連番": 465, "索引番号": "434", "山名＜山頂名＞": "白馬岳", "山名よみ＜山頂名よみ＞": "しろうまだけ", "標高値(m)": 2932, "種別": "三角点", "都道府県": "富山県 長野県", "緯度": 36.75851, "経度": 137.758555 }, "geometry": { "type": "Point", "coordinates": [ 137.758554556, 36.758510194 ] } }
,
{ "type": "Feature", "properties": { "連番": 466, "索引番号": "435", "山名＜山頂名＞": "旭岳", "山名よみ＜山頂名よみ＞": "あさひだけ", "標高値(m)": 2867, "種別": "標高点", "都道府県": "富山県", "緯度": 36.757603, "経度": 137.745854 }, "geometry": { "type": "Point", "coordinates": [ 137.745853889, 36.757602778 ] } }
,
{ "type": "Feature", "properties": { "連番": 467, "索引番号": "436", "山名＜山頂名＞": "清水岳", "山名よみ＜山頂名よみ＞": "しょうずだけ", "標高値(m)": 2603, "種別": "標高点", "都道府県": "富山県", "緯度": 36.764724, "経度": 137.718944 }, "geometry": { "type": "Point", "coordinates": [ 137.718944167, 36.764724445 ] } }
,
{ "type": "Feature", "properties": { "連番": 468, "索引番号": "437", "山名＜山頂名＞": "杓子岳", "山名よみ＜山頂名よみ＞": "しゃくしだけ", "標高値(m)": 2812, "種別": "標高点", "都道府県": "富山県 長野県", "緯度": 36.740596, "経度": 137.759288 }, "geometry": { "type": "Point", "coordinates": [ 137.759288056, 36.740595556 ] } }
,
{ "type": "Feature", "properties": { "連番": 469, "索引番号": "438", "山名＜山頂名＞": "鑓ヶ岳", "山名よみ＜山頂名よみ＞": "やりがたけ", "標高値(m)": 2903, "種別": "三角点", "都道府県": "富山県 長野県", "緯度": 36.731353, "経度": 137.755357 }, "geometry": { "type": "Point", "coordinates": [ 137.755356917, 36.731353028 ] } }
,
{ "type": "Feature", "properties": { "連番": 470, "索引番号": "439", "山名＜山頂名＞": "唐松岳", "山名よみ＜山頂名よみ＞": "からまつだけ", "標高値(m)": 2696, "種別": "三角点", "都道府県": "富山県 長野県", "緯度": 36.687234, "経度": 137.754685 }, "geometry": { "type": "Point", "coordinates": [ 137.754685444, 36.687233778 ] } }
,
{ "type": "Feature", "properties": { "連番": 471, "索引番号": "440", "山名＜山頂名＞": "五龍岳", "山名よみ＜山頂名よみ＞": "ごりゅうだけ", "標高値(m)": 2814, "種別": "標高点", "都道府県": "富山県", "緯度": 36.658407, "経度": 137.752691 }, "geometry": { "type": "Point", "coordinates": [ 137.752691388, 36.658406667 ] } }
,
{ "type": "Feature", "properties": { "連番": 472, "索引番号": "441", "山名＜山頂名＞": "鹿島槍ヶ岳", "山名よみ＜山頂名よみ＞": "かしまやりがたけ", "標高値(m)": 2889, "種別": "三角点", "都道府県": "富山県 長野県", "緯度": 36.624553, "経度": 137.747058 }, "geometry": { "type": "Point", "coordinates": [ 137.747057639, 36.624553167 ] } }
,
{ "type": "Feature", "properties": { "連番": 473, "索引番号": "442", "山名＜山頂名＞": "爺ヶ岳", "山名よみ＜山頂名よみ＞": "じいがたけ", "標高値(m)": 2670, "種別": "三角点", "都道府県": "富山県 長野県", "緯度": 36.588301, "経度": 137.750922 }, "geometry": { "type": "Point", "coordinates": [ 137.750921639, 36.588301167 ] } }
,
{ "type": "Feature", "properties": { "連番": 474, "索引番号": "443", "山名＜山頂名＞": "岩小屋沢岳", "山名よみ＜山頂名よみ＞": "いわこやざわだけ", "標高値(m)": 2630, "種別": "三角点", "都道府県": "富山県 長野県", "緯度": 36.577009, "経度": 137.713385 }, "geometry": { "type": "Point", "coordinates": [ 137.713384639, 36.577008889 ] } }
,
{ "type": "Feature", "properties": { "連番": 475, "索引番号": "444", "山名＜山頂名＞": "鳴沢岳", "山名よみ＜山頂名よみ＞": "なるさわだけ", "標高値(m)": 2641, "種別": "標高点", "都道府県": "富山県 長野県", "緯度": 36.568794, "経度": 137.695448 }, "geometry": { "type": "Point", "coordinates": [ 137.695447800, 36.568793722 ] } }
,
{ "type": "Feature", "properties": { "連番": 476, "索引番号": "445", "山名＜山頂名＞": "赤沢岳", "山名よみ＜山頂名よみ＞": "あかざわだけ", "標高値(m)": 2678, "種別": "三角点", "都道府県": "富山県 長野県", "緯度": 36.561954, "経度": 137.687554 }, "geometry": { "type": "Point", "coordinates": [ 137.687554139, 36.561954417 ] } }
,
{ "type": "Feature", "properties": { "連番": 477, "索引番号": "446", "山名＜山頂名＞": "スバリ岳", "山名よみ＜山頂名よみ＞": "すばりだけ", "標高値(m)": 2752, "種別": "標高点", "都道府県": "富山県 長野県", "緯度": 36.544364, "経度": 137.684855 }, "geometry": { "type": "Point", "coordinates": [ 137.684855277, 36.544363889 ] } }
,
{ "type": "Feature", "properties": { "連番": 478, "索引番号": "447", "山名＜山頂名＞": "針ノ木岳", "山名よみ＜山頂名よみ＞": "はりのきだけ", "標高値(m)": 2821, "種別": "三角点", "都道府県": "富山県 長野県", "緯度": 36.538077, "経度": 137.684427 }, "geometry": { "type": "Point", "coordinates": [ 137.684426667, 36.538077278 ] } }
,
{ "type": "Feature", "properties": { "連番": 479, "索引番号": "448", "山名＜山頂名＞": "蓮華岳", "山名よみ＜山頂名よみ＞": "れんげだけ", "標高値(m)": 2799, "種別": "三角点", "都道府県": "富山県 長野県", "緯度": 36.535747, "経度": 137.710543 }, "geometry": { "type": "Point", "coordinates": [ 137.710542750, 36.535746583 ] } }
,
{ "type": "Feature", "properties": { "連番": 480, "索引番号": "449", "山名＜山頂名＞": "北葛岳", "山名よみ＜山頂名よみ＞": "きたくずだけ", "標高値(m)": 2551, "種別": "標高点", "都道府県": "富山県 長野県", "緯度": 36.51766, "経度": 137.705546 }, "geometry": { "type": "Point", "coordinates": [ 137.705546111, 36.517659723 ] } }
,
{ "type": "Feature", "properties": { "連番": 481, "索引番号": "450", "山名＜山頂名＞": "不動岳", "山名よみ＜山頂名よみ＞": "ふどうだけ", "標高値(m)": 2601, "種別": "標高点", "都道府県": "富山県 長野県", "緯度": 36.495459, "経度": 137.667455 }, "geometry": { "type": "Point", "coordinates": [ 137.667454722, 36.495459444 ] } }
,
{ "type": "Feature", "properties": { "連番": 482, "索引番号": "451", "山名＜山頂名＞": "南沢岳", "山名よみ＜山頂名よみ＞": "みなみさわだけ", "標高値(m)": 2625, "種別": "三角点", "都道府県": "富山県 長野県", "緯度": 36.489886, "経度": 137.653133 }, "geometry": { "type": "Point", "coordinates": [ 137.653133167, 36.489886250 ] } }
,
{ "type": "Feature", "properties": { "連番": 483, "索引番号": "452", "山名＜山頂名＞": "烏帽子岳", "山名よみ＜山頂名よみ＞": "えぼしだけ", "標高値(m)": 2628, "種別": "標高点", "都道府県": "富山県 長野県", "緯度": 36.47951, "経度": 137.650918 }, "geometry": { "type": "Point", "coordinates": [ 137.650917500, 36.479509722 ] } }
,
{ "type": "Feature", "properties": { "連番": 484, "索引番号": "453", "山名＜山頂名＞": "三ッ岳", "山名よみ＜山頂名よみ＞": "みつだけ", "標高値(m)": 2845, "種別": "三角点", "都道府県": "富山県 長野県", "緯度": 36.454773, "経度": 137.649436 }, "geometry": { "type": "Point", "coordinates": [ 137.649435694, 36.454772833 ] } }
,
{ "type": "Feature", "properties": { "連番": 485, "索引番号": "454", "山名＜山頂名＞": "野口五郎岳", "山名よみ＜山頂名よみ＞": "のぐちごろうだけ", "標高値(m)": 2924, "種別": "三角点", "都道府県": "富山県 長野県", "緯度": 36.432683, "経度": 137.637903 }, "geometry": { "type": "Point", "coordinates": [ 137.637903278, 36.432682528 ] } }
,
{ "type": "Feature", "properties": { "連番": 486, "索引番号": "455", "山名＜山頂名＞": "南真砂岳", "山名よみ＜山頂名よみ＞": "みなみまさごだけ", "標高値(m)": 2713, "種別": "標高点", "都道府県": "長野県", "緯度": 36.413473, "経度": 137.641746 }, "geometry": { "type": "Point", "coordinates": [ 137.641745834, 36.413473334 ] } }
,
{ "type": "Feature", "properties": { "連番": 487, "索引番号": "456", "山名＜山頂名＞": "赤牛岳", "山名よみ＜山頂名よみ＞": "あかうしだけ", "標高値(m)": 2864, "種別": "三角点", "都道府県": "富山県", "緯度": 36.46159, "経度": 137.603289 }, "geometry": { "type": "Point", "coordinates": [ 137.603289111, 36.461589500 ] } }
,
{ "type": "Feature", "properties": { "連番": 488, "索引番号": "457", "山名＜山頂名＞": "水晶岳（黒岳）", "山名よみ＜山頂名よみ＞": "すいしょうだけ（くろだけ）", "標高値(m)": 2986, "種別": "標高点", "都道府県": "富山県", "緯度": 36.426363, "経度": 137.602779 }, "geometry": { "type": "Point", "coordinates": [ 137.602778889, 36.426363056 ] } }
,
{ "type": "Feature", "properties": { "連番": 489, "索引番号": "458", "山名＜山頂名＞": "祖父岳", "山名よみ＜山頂名よみ＞": "じいだけ", "標高値(m)": 2825, "種別": "標高点", "都道府県": "富山県", "緯度": 36.411172, "経度": 137.591183 }, "geometry": { "type": "Point", "coordinates": [ 137.591183333, 36.411172222 ] } }
,
{ "type": "Feature", "properties": { "連番": 490, "索引番号": "459", "山名＜山頂名＞": "鷲羽岳", "山名よみ＜山頂名よみ＞": "わしばだけ", "標高値(m)": 2924, "種別": "三角点", "都道府県": "富山県 長野県", "緯度": 36.402996, "経度": 137.60525 }, "geometry": { "type": "Point", "coordinates": [ 137.605250028, 36.402995778 ] } }
,
{ "type": "Feature", "properties": { "連番": 491, "索引番号": "460", "山名＜山頂名＞": "三俣蓮華岳", "山名よみ＜山頂名よみ＞": "みつまたれんげだけ", "標高値(m)": 2841, "種別": "三角点", "都道府県": "富山県 岐阜県 長野県", "緯度": 36.389989, "経度": 137.587734 }, "geometry": { "type": "Point", "coordinates": [ 137.587734056, 36.389989111 ] } }
,
{ "type": "Feature", "properties": { "連番": 492, "索引番号": "461", "山名＜山頂名＞": "僧ヶ岳", "山名よみ＜山頂名よみ＞": "そうがだけ", "標高値(m)": 1855, "種別": "三角点", "都道府県": "富山県", "緯度": 36.76172, "経度": 137.563713 }, "geometry": { "type": "Point", "coordinates": [ 137.563713167, 36.761720306 ] } }
,
{ "type": "Feature", "properties": { "連番": 493, "索引番号": "462", "山名＜山頂名＞": "毛勝山", "山名よみ＜山頂名よみ＞": "けかつやま", "標高値(m)": 2414, "種別": "三角点", "都道府県": "富山県", "緯度": 36.701111, "経度": 137.590844 }, "geometry": { "type": "Point", "coordinates": [ 137.590844250, 36.701111167 ] } }
,
{ "type": "Feature", "properties": { "連番": 494, "索引番号": "463", "山名＜山頂名＞": "猫又山", "山名よみ＜山頂名よみ＞": "ねこまたやま", "標高値(m)": 2378, "種別": "三角点", "都道府県": "富山県", "緯度": 36.681223, "経度": 137.590383 }, "geometry": { "type": "Point", "coordinates": [ 137.590383389, 36.681223139 ] } }
,
{ "type": "Feature", "properties": { "連番": 495, "索引番号": "464", "山名＜山頂名＞": "池平山", "山名よみ＜山頂名よみ＞": "いけのだいらやま", "標高値(m)": 2561, "種別": "標高点", "都道府県": "富山県", "緯度": 36.641447, "経度": 137.625404 }, "geometry": { "type": "Point", "coordinates": [ 137.625403888, 36.641446944 ] } }
,
{ "type": "Feature", "properties": { "連番": 496, "索引番号": "465", "山名＜山頂名＞": "剱岳", "山名よみ＜山頂名よみ＞": "つるぎだけ", "標高値(m)": 2999, "種別": "測定点", "都道府県": "富山県", "緯度": 36.623248, "経度": 137.616878 }, "geometry": { "type": "Point", "coordinates": [ 137.616877668, 36.623247592 ] } }
,
{ "type": "Feature", "properties": { "連番": 497, "索引番号": "466", "山名＜山頂名＞": "別山", "山名よみ＜山頂名よみ＞": "べっさん", "標高値(m)": 2880, "種別": "標高点", "都道府県": "富山県", "緯度": 36.597537, "経度": 137.620403 }, "geometry": { "type": "Point", "coordinates": [ 137.620402964, 36.597537242 ] } }
,
{ "type": "Feature", "properties": { "連番": 498, "索引番号": "467", "山名＜山頂名＞": "剱御前", "山名よみ＜山頂名よみ＞": "つるぎごぜん", "標高値(m)": 2777, "種別": "三角点", "都道府県": "富山県", "緯度": 36.602429, "経度": 137.608842 }, "geometry": { "type": "Point", "coordinates": [ 137.608842250, 36.602429444 ] } }
,
{ "type": "Feature", "properties": { "連番": 499, "索引番号": "468", "山名＜山頂名＞": "奥大日岳", "山名よみ＜山頂名よみ＞": "おくだいにちだけ", "標高値(m)": 2611, "種別": "標高点", "都道府県": "富山県", "緯度": 36.598373, "経度": 137.580978 }, "geometry": { "type": "Point", "coordinates": [ 137.580977778, 36.598373333 ] } }
,
{ "type": "Feature", "properties": { "連番": 500, "索引番号": "469", "山名＜山頂名＞": "大日岳", "山名よみ＜山頂名よみ＞": "だいにちだけ", "標高値(m)": 2501, "種別": "標高点", "都道府県": "富山県", "緯度": 36.599456, "経度": 137.549885 }, "geometry": { "type": "Point", "coordinates": [ 137.549884723, 36.599455834 ] } }
,
{ "type": "Feature", "properties": { "連番": 501, "索引番号": "470", "山名＜山頂名＞": "真砂岳", "山名よみ＜山頂名よみ＞": "まさごだけ", "標高値(m)": 2861, "種別": "標高点", "都道府県": "富山県", "緯度": 36.586688, "経度": 137.619969 }, "geometry": { "type": "Point", "coordinates": [ 137.619969167, 36.586687500 ] } }
,
{ "type": "Feature", "properties": { "連番": 502, "索引番号": "471", "山名＜山頂名＞": "立山＜大汝山＞", "山名よみ＜山頂名よみ＞": "たてやま＜おおなんじやま＞", "標高値(m)": 3015, "種別": "標高点", "都道府県": "富山県", "緯度": 36.575959, "経度": 137.619808 }, "geometry": { "type": "Point", "coordinates": [ 137.619808056, 36.575959166 ] } }
,
{ "type": "Feature", "properties": { "連番": 503, "索引番号": "472", "山名＜山頂名＞": "国見岳", "山名よみ＜山頂名よみ＞": "くにみだけ", "標高値(m)": 2621, "種別": "三角点", "都道府県": "富山県", "緯度": 36.571238, "経度": 137.589759 }, "geometry": { "type": "Point", "coordinates": [ 137.589758639, 36.571238389 ] } }
,
{ "type": "Feature", "properties": { "連番": 504, "索引番号": "473-1", "山名＜山頂名＞": "龍王岳", "山名よみ＜山頂名よみ＞": "りゅうおうだけ", "標高値(m)": 2872, "種別": "標高点", "都道府県": "富山県", "緯度": 36.564724, "経度": 137.60719 }, "geometry": { "type": "Point", "coordinates": [ 137.607189722, 36.564724444 ] } }
,
{ "type": "Feature", "properties": { "連番": 505, "索引番号": "473-2", "山名＜山頂名＞": "龍王岳＜浄土山＞", "山名よみ＜山頂名よみ＞": "りゅうおうだけ＜じょうどさん＞", "標高値(m)": 2831, "種別": "標高点", "都道府県": "富山県", "緯度": 36.568474, "経度": 137.603709 }, "geometry": { "type": "Point", "coordinates": [ 137.603708889, 36.568473611 ] } }
,
{ "type": "Feature", "properties": { "連番": 506, "索引番号": "474", "山名＜山頂名＞": "鷲岳", "山名よみ＜山頂名よみ＞": "わしだけ", "標高値(m)": 2617, "種別": "標高点", "都道府県": "富山県", "緯度": 36.54185, "経度": 137.587149 }, "geometry": { "type": "Point", "coordinates": [ 137.587149439, 36.541849833 ] } }
,
{ "type": "Feature", "properties": { "連番": 507, "索引番号": "475", "山名＜山頂名＞": "鳶山", "山名よみ＜山頂名よみ＞": "とんびやま", "標高値(m)": 2616, "種別": "標高点", "都道府県": "富山県", "緯度": 36.534249, "経度": 137.58602 }, "geometry": { "type": "Point", "coordinates": [ 137.586020000, 36.534249444 ] } }
,
{ "type": "Feature", "properties": { "連番": 508, "索引番号": "476", "山名＜山頂名＞": "越中沢岳", "山名よみ＜山頂名よみ＞": "えっちゅうざわだけ", "標高値(m)": 2592, "種別": "三角点", "都道府県": "富山県", "緯度": 36.515037, "経度": 137.583009 }, "geometry": { "type": "Point", "coordinates": [ 137.583008750, 36.515037306 ] } }
,
{ "type": "Feature", "properties": { "連番": 509, "索引番号": "477", "山名＜山頂名＞": "鍬崎山", "山名よみ＜山頂名よみ＞": "くわさきやま", "標高値(m)": 2090, "種別": "三角点", "都道府県": "富山県", "緯度": 36.539915, "経度": 137.478028 }, "geometry": { "type": "Point", "coordinates": [ 137.478027500, 36.539915028 ] } }
,
{ "type": "Feature", "properties": { "連番": 510, "索引番号": "478", "山名＜山頂名＞": "薬師岳", "山名よみ＜山頂名よみ＞": "やくしだけ", "標高値(m)": 2926, "種別": "三角点", "都道府県": "富山県", "緯度": 36.468841, "経度": 137.5448 }, "geometry": { "type": "Point", "coordinates": [ 137.544799583, 36.468840972 ] } }
,
{ "type": "Feature", "properties": { "連番": 511, "索引番号": "479", "山名＜山頂名＞": "北ノ俣岳（上ノ岳）", "山名よみ＜山頂名よみ＞": "きたのまただけ（かみのだけ）", "標高値(m)": 2662, "種別": "標高点", "都道府県": "富山県 岐阜県", "緯度": 36.421042, "経度": 137.512379 }, "geometry": { "type": "Point", "coordinates": [ 137.512378889, 36.421041667 ] } }
,
{ "type": "Feature", "properties": { "連番": 512, "索引番号": "480", "山名＜山頂名＞": "黒部五郎岳（中ノ俣岳）", "山名よみ＜山頂名よみ＞": "くろべごろうだけ（なかのまただけ）", "標高値(m)": 2840, "種別": "三角点", "都道府県": "富山県 岐阜県", "緯度": 36.39255, "経度": 137.539948 }, "geometry": { "type": "Point", "coordinates": [ 137.539948194, 36.392549667 ] } }
,
{ "type": "Feature", "properties": { "連番": 513, "索引番号": "481", "山名＜山頂名＞": "双六岳", "山名よみ＜山頂名よみ＞": "すごろくだけ", "標高値(m)": 2860, "種別": "三角点", "都道府県": "長野県 岐阜県", "緯度": 36.371857, "経度": 137.587134 }, "geometry": { "type": "Point", "coordinates": [ 137.587133806, 36.371857139 ] } }
,
{ "type": "Feature", "properties": { "連番": 514, "索引番号": "482", "山名＜山頂名＞": "樅沢岳", "山名よみ＜山頂名よみ＞": "もみさわだけ", "標高値(m)": 2755, "種別": "標高点", "都道府県": "長野県 岐阜県", "緯度": 36.366573, "経度": 137.607869 }, "geometry": { "type": "Point", "coordinates": [ 137.607868611, 36.366572778 ] } }
,
{ "type": "Feature", "properties": { "連番": 515, "索引番号": "483", "山名＜山頂名＞": "弓折岳", "山名よみ＜山頂名よみ＞": "ゆみおりだけ", "標高値(m)": 2592, "種別": "標高点", "都道府県": "岐阜県", "緯度": 36.349536, "経度": 137.596538 }, "geometry": { "type": "Point", "coordinates": [ 137.596538333, 36.349535833 ] } }
,
{ "type": "Feature", "properties": { "連番": 516, "索引番号": "484", "山名＜山頂名＞": "抜戸岳", "山名よみ＜山頂名よみ＞": "ぬけどだけ", "標高値(m)": 2813, "種別": "三角点", "都道府県": "岐阜県", "緯度": 36.327665, "経度": 137.575135 }, "geometry": { "type": "Point", "coordinates": [ 137.575134778, 36.327664972 ] } }
,
{ "type": "Feature", "properties": { "連番": 517, "索引番号": "485", "山名＜山頂名＞": "笠ヶ岳", "山名よみ＜山頂名よみ＞": "かさがたけ", "標高値(m)": 2897, "種別": "三角点", "都道府県": "岐阜県", "緯度": 36.315477, "経度": 137.550401 }, "geometry": { "type": "Point", "coordinates": [ 137.550400833, 36.315477389 ] } }
,
{ "type": "Feature", "properties": { "連番": 518, "索引番号": "486", "山名＜山頂名＞": "錫杖岳", "山名よみ＜山頂名よみ＞": "しゃくじょうだけ", "標高値(m)": 2168, "種別": "標高点", "都道府県": "岐阜県", "緯度": 36.281944, "経度": 137.547222 }, "geometry": { "type": "Point", "coordinates": [ 137.547221944, 36.281943889 ] } }
,
{ "type": "Feature", "properties": { "連番": 519, "索引番号": "487", "山名＜山頂名＞": "硫黄岳", "山名よみ＜山頂名よみ＞": "いおうだけ", "標高値(m)": 2554, "種別": "三角点", "都道府県": "長野県", "緯度": 36.380614, "経度": 137.650609 }, "geometry": { "type": "Point", "coordinates": [ 137.650609194, 36.380614056 ] } }
,
{ "type": "Feature", "properties": { "連番": 520, "索引番号": "488", "山名＜山頂名＞": "唐沢岳", "山名よみ＜山頂名よみ＞": "からさわだけ", "標高値(m)": 2632, "種別": "三角点", "都道府県": "長野県", "緯度": 36.461169, "経度": 137.716737 }, "geometry": { "type": "Point", "coordinates": [ 137.716737278, 36.461169389 ] } }
,
{ "type": "Feature", "properties": { "連番": 521, "索引番号": "489", "山名＜山頂名＞": "餓鬼岳", "山名よみ＜山頂名よみ＞": "がきだけ", "標高値(m)": 2647, "種別": "三角点", "都道府県": "長野県", "緯度": 36.447226, "経度": 137.736029 }, "geometry": { "type": "Point", "coordinates": [ 137.736028667, 36.447225639 ] } }
,
{ "type": "Feature", "properties": { "連番": 522, "索引番号": "490", "山名＜山頂名＞": "燕岳", "山名よみ＜山頂名よみ＞": "つばくろだけ", "標高値(m)": 2763, "種別": "三角点", "都道府県": "長野県", "緯度": 36.406817, "経度": 137.712756 }, "geometry": { "type": "Point", "coordinates": [ 137.712755889, 36.406817111 ] } }
,
{ "type": "Feature", "properties": { "連番": 523, "索引番号": "491", "山名＜山頂名＞": "有明山", "山名よみ＜山頂名よみ＞": "ありあけやま", "標高値(m)": 2268, "種別": "三角点", "都道府県": "長野県", "緯度": 36.391087, "経度": 137.770678 }, "geometry": { "type": "Point", "coordinates": [ 137.770678111, 36.391087444 ] } }
,
{ "type": "Feature", "properties": { "連番": 524, "索引番号": "492", "山名＜山頂名＞": "大天井岳", "山名よみ＜山頂名よみ＞": "だいてんじょうだけ", "標高値(m)": 2922, "種別": "三角点", "都道府県": "長野県", "緯度": 36.364989, "経度": 137.701124 }, "geometry": { "type": "Point", "coordinates": [ 137.701124028, 36.364988944 ] } }
,
{ "type": "Feature", "properties": { "連番": 525, "索引番号": "493", "山名＜山頂名＞": "東天井岳", "山名よみ＜山頂名よみ＞": "ひがしてんじょうだけ", "標高値(m)": 2814, "種別": "標高点", "都道府県": "長野県", "緯度": 36.353409, "経度": 137.715563 }, "geometry": { "type": "Point", "coordinates": [ 137.715562500, 36.353408611 ] } }
,
{ "type": "Feature", "properties": { "連番": 526, "索引番号": "494", "山名＜山頂名＞": "横通岳", "山名よみ＜山頂名よみ＞": "よことおしだけ", "標高値(m)": 2767, "種別": "三角点", "都道府県": "長野県", "緯度": 36.34261, "経度": 137.726983 }, "geometry": { "type": "Point", "coordinates": [ 137.726983222, 36.342609667 ] } }
,
{ "type": "Feature", "properties": { "連番": 527, "索引番号": "495", "山名＜山頂名＞": "常念岳", "山名よみ＜山頂名よみ＞": "じょうねんだけ", "標高値(m)": 2857, "種別": "標高点", "都道府県": "長野県", "緯度": 36.325524, "経度": 137.727592 }, "geometry": { "type": "Point", "coordinates": [ 137.727591666, 36.325523889 ] } }
,
{ "type": "Feature", "properties": { "連番": 528, "索引番号": "496", "山名＜山頂名＞": "蝶ヶ岳", "山名よみ＜山頂名よみ＞": "ちょうがたけ", "標高値(m)": 2677, "種別": "標高点", "都道府県": "長野県", "緯度": 36.287421, "経度": 137.726084 }, "geometry": { "type": "Point", "coordinates": [ 137.726084445, 36.287421111 ] } }
,
{ "type": "Feature", "properties": { "連番": 529, "索引番号": "497", "山名＜山頂名＞": "大滝山", "山名よみ＜山頂名よみ＞": "おおたきやま", "標高値(m)": 2616, "種別": "標高点", "都道府県": "長野県", "緯度": 36.274092, "経度": 137.743253 }, "geometry": { "type": "Point", "coordinates": [ 137.743253334, 36.274091944 ] } }
,
{ "type": "Feature", "properties": { "連番": 530, "索引番号": "498", "山名＜山頂名＞": "赤岩岳", "山名よみ＜山頂名よみ＞": "あかいわだけ", "標高値(m)": 2769, "種別": "三角点", "都道府県": "長野県", "緯度": 36.343339, "経度": 137.68405 }, "geometry": { "type": "Point", "coordinates": [ 137.684049833, 36.343338833 ] } }
,
{ "type": "Feature", "properties": { "連番": 531, "索引番号": "499", "山名＜山頂名＞": "西岳", "山名よみ＜山頂名よみ＞": "にしだけ", "標高値(m)": 2758, "種別": "標高点", "都道府県": "長野県", "緯度": 36.337249, "経度": 137.679658 }, "geometry": { "type": "Point", "coordinates": [ 137.679657778, 36.337249445 ] } }
,
{ "type": "Feature", "properties": { "連番": 532, "索引番号": "500", "山名＜山頂名＞": "赤沢山", "山名よみ＜山頂名よみ＞": "あかさわやま", "標高値(m)": 2670, "種別": "三角点", "都道府県": "長野県", "緯度": 36.329192, "経度": 137.679755 }, "geometry": { "type": "Point", "coordinates": [ 137.679754528, 36.329192472 ] } }
,
{ "type": "Feature", "properties": { "連番": 533, "索引番号": "501", "山名＜山頂名＞": "槍ヶ岳", "山名よみ＜山頂名よみ＞": "やりがたけ", "標高値(m)": 3180, "種別": "標高点", "都道府県": "長野県", "緯度": 36.342024, "経度": 137.647643 }, "geometry": { "type": "Point", "coordinates": [ 137.647643268, 36.342024261 ] } }
,
{ "type": "Feature", "properties": { "連番": 534, "索引番号": "502", "山名＜山頂名＞": "大喰岳", "山名よみ＜山頂名よみ＞": "おおばみだけ", "標高値(m)": 3101, "種別": "標高点", "都道府県": "長野県 岐阜県", "緯度": 36.335859, "経度": 137.646054 }, "geometry": { "type": "Point", "coordinates": [ 137.646054166, 36.335858889 ] } }
,
{ "type": "Feature", "properties": { "連番": 535, "索引番号": "503", "山名＜山頂名＞": "中岳", "山名よみ＜山頂名よみ＞": "なかだけ", "標高値(m)": 3084, "種別": "標高点", "都道府県": "長野県 岐阜県", "緯度": 36.329819, "経度": 137.646699 }, "geometry": { "type": "Point", "coordinates": [ 137.646698888, 36.329818611 ] } }
,
{ "type": "Feature", "properties": { "連番": 536, "索引番号": "504", "山名＜山頂名＞": "南岳", "山名よみ＜山頂名よみ＞": "みなみだけ", "標高値(m)": 3033, "種別": "三角点", "都道府県": "長野県 岐阜県", "緯度": 36.319012, "経度": 137.650732 }, "geometry": { "type": "Point", "coordinates": [ 137.650731750, 36.319012028 ] } }
,
{ "type": "Feature", "properties": { "連番": 537, "索引番号": "505", "山名＜山頂名＞": "北穂高岳", "山名よみ＜山頂名よみ＞": "きたほたかだけ", "標高値(m)": 3106, "種別": "標高点", "都道府県": "長野県 岐阜県", "緯度": 36.30254, "経度": 137.652029 }, "geometry": { "type": "Point", "coordinates": [ 137.652029445, 36.302540278 ] } }
,
{ "type": "Feature", "properties": { "連番": 538, "索引番号": "506", "山名＜山頂名＞": "涸沢岳", "山名よみ＜山頂名よみ＞": "からさわだけ", "標高値(m)": 3110, "種別": "標高点", "都道府県": "長野県 岐阜県", "緯度": 36.295845, "経度": 137.64713 }, "geometry": { "type": "Point", "coordinates": [ 137.647129722, 36.295844722 ] } }
,
{ "type": "Feature", "properties": { "連番": 539, "索引番号": "507", "山名＜山頂名＞": "奥穂高岳", "山名よみ＜山頂名よみ＞": "おくほたかだけ", "標高値(m)": 3190, "種別": "標高点", "都道府県": "長野県 岐阜県", "緯度": 36.289226, "経度": 137.647988 }, "geometry": { "type": "Point", "coordinates": [ 137.647987500, 36.289225556 ] } }
,
{ "type": "Feature", "properties": { "連番": 540, "索引番号": "508", "山名＜山頂名＞": "前穂高岳", "山名よみ＜山頂名よみ＞": "まえほたかだけ", "標高値(m)": 3090, "種別": "三角点", "都道府県": "長野県", "緯度": 36.281979, "経度": 137.660574 }, "geometry": { "type": "Point", "coordinates": [ 137.660574111, 36.281978556 ] } }
,
{ "type": "Feature", "properties": { "連番": 541, "索引番号": "509", "山名＜山頂名＞": "西穂高岳", "山名よみ＜山頂名よみ＞": "にしほたかだけ", "標高値(m)": 2909, "種別": "三角点", "都道府県": "長野県 岐阜県", "緯度": 36.278994, "経度": 137.629062 }, "geometry": { "type": "Point", "coordinates": [ 137.629062139, 36.278993528 ] } }
,
{ "type": "Feature", "properties": { "連番": 542, "索引番号": "510", "山名＜山頂名＞": "焼岳", "山名よみ＜山頂名よみ＞": "やけだけ", "標高値(m)": 2455, "種別": "三角点", "都道府県": "長野県 岐阜県", "緯度": 36.226864, "経度": 137.587067 }, "geometry": { "type": "Point", "coordinates": [ 137.587067361, 36.226863778 ] } }
,
{ "type": "Feature", "properties": { "連番": 543, "索引番号": "511", "山名＜山頂名＞": "霞沢岳", "山名よみ＜山頂名よみ＞": "かすみざわだけ", "標高値(m)": 2646, "種別": "三角点", "都道府県": "長野県", "緯度": 36.221205, "経度": 137.640601 }, "geometry": { "type": "Point", "coordinates": [ 137.640601139, 36.221204972 ] } }
,
{ "type": "Feature", "properties": { "連番": 544, "索引番号": "512", "山名＜山頂名＞": "十石山", "山名よみ＜山頂名よみ＞": "じゅっこくやま", "標高値(m)": 2525, "種別": "三角点", "都道府県": "長野県 岐阜県", "緯度": 36.163593, "経度": 137.59053 }, "geometry": { "type": "Point", "coordinates": [ 137.590529944, 36.163592722 ] } }
,
{ "type": "Feature", "properties": { "連番": 545, "索引番号": "513", "山名＜山頂名＞": "輝山", "山名よみ＜山頂名よみ＞": "てらしやま", "標高値(m)": 2063, "種別": "三角点", "都道府県": "岐阜県", "緯度": 36.194134, "経度": 137.522112 }, "geometry": { "type": "Point", "coordinates": [ 137.522112333, 36.194134333 ] } }
,
{ "type": "Feature", "properties": { "連番": 546, "索引番号": "514", "山名＜山頂名＞": "乗鞍岳＜剣ヶ峰＞", "山名よみ＜山頂名よみ＞": "のりくらだけ＜けんがみね＞", "標高値(m)": 3026, "種別": "三角点", "都道府県": "岐阜県 長野県", "緯度": 36.106487, "経度": 137.553634 }, "geometry": { "type": "Point", "coordinates": [ 137.553633583, 36.106486667 ] } }
,
{ "type": "Feature", "properties": { "連番": 547, "索引番号": "515", "山名＜山頂名＞": "鎌ヶ峰", "山名よみ＜山頂名よみ＞": "かまがみね", "標高値(m)": 2121, "種別": "三角点", "都道府県": "長野県 岐阜県", "緯度": 36.026598, "経度": 137.599091 }, "geometry": { "type": "Point", "coordinates": [ 137.599091028, 36.026598361 ] } }
,
{ "type": "Feature", "properties": { "連番": 548, "索引番号": "516", "山名＜山頂名＞": "鉢盛山", "山名よみ＜山頂名よみ＞": "はちもりやま", "標高値(m)": 2447, "種別": "三角点", "都道府県": "長野県", "緯度": 36.086649, "経度": 137.754849 }, "geometry": { "type": "Point", "coordinates": [ 137.754849000, 36.086649111 ] } }
,
{ "type": "Feature", "properties": { "連番": 549, "索引番号": "517", "山名＜山頂名＞": "御嶽山＜剣ヶ峰＞", "山名よみ＜山頂名よみ＞": "おんたけさん＜けんがみね＞", "標高値(m)": 3067, "種別": "測定点", "都道府県": "長野県", "緯度": 35.893014, "経度": 137.480439 }, "geometry": { "type": "Point", "coordinates": [ 137.480439167, 35.893013611 ] } }
,
{ "type": "Feature", "properties": { "連番": 550, "索引番号": "518", "山名＜山頂名＞": "小秀山", "山名よみ＜山頂名よみ＞": "こひでやま", "標高値(m)": 1982, "種別": "三角点", "都道府県": "長野県 岐阜県", "緯度": 35.785438, "経度": 137.397006 }, "geometry": { "type": "Point", "coordinates": [ 137.397005972, 35.785438250 ] } }
,
{ "type": "Feature", "properties": { "連番": 551, "索引番号": "519", "山名＜山頂名＞": "奥三界岳", "山名よみ＜山頂名よみ＞": "おくさんがいだけ", "標高値(m)": 1811, "種別": "三角点", "都道府県": "岐阜県 長野県", "緯度": 35.681606, "経度": 137.507219 }, "geometry": { "type": "Point", "coordinates": [ 137.507219167, 35.681605639 ] } }
,
{ "type": "Feature", "properties": { "連番": 552, "索引番号": "520", "山名＜山頂名＞": "尾城山", "山名よみ＜山頂名よみ＞": "おしろやま", "標高値(m)": 1133, "種別": "三角点", "都道府県": "岐阜県", "緯度": 35.695967, "経度": 137.34377 }, "geometry": { "type": "Point", "coordinates": [ 137.343770444, 35.695966583 ] } }
,
{ "type": "Feature", "properties": { "連番": 553, "索引番号": "521", "山名＜山頂名＞": "二ッ森山", "山名よみ＜山頂名よみ＞": "ふたつもりやま", "標高値(m)": 1223, "種別": "三角点", "都道府県": "岐阜県", "緯度": 35.571896, "経度": 137.400381 }, "geometry": { "type": "Point", "coordinates": [ 137.400380611, 35.571896000 ] } }
,
{ "type": "Feature", "properties": { "連番": 554, "索引番号": "522", "山名＜山頂名＞": "経ヶ岳", "山名よみ＜山頂名よみ＞": "きょうがたけ", "標高値(m)": 2296, "種別": "三角点", "都道府県": "長野県", "緯度": 35.912816, "経度": 137.862633 }, "geometry": { "type": "Point", "coordinates": [ 137.862632972, 35.912816250 ] } }
,
{ "type": "Feature", "properties": { "連番": 555, "索引番号": "523", "山名＜山頂名＞": "大棚入山", "山名よみ＜山頂名よみ＞": "おおだないりやま", "標高値(m)": 2375, "種別": "三角点", "都道府県": "長野県", "緯度": 35.848077, "経度": 137.810099 }, "geometry": { "type": "Point", "coordinates": [ 137.810098500, 35.848077083 ] } }
,
{ "type": "Feature", "properties": { "連番": 556, "索引番号": "524-1", "山名＜山頂名＞": "将棊頭山", "山名よみ＜山頂名よみ＞": "しょうぎがしらやま", "標高値(m)": 2730, "種別": "標高点", "都道府県": "長野県", "緯度": 35.803393, "経度": 137.827058 }, "geometry": { "type": "Point", "coordinates": [ 137.827057778, 35.803393333 ] } }
,
{ "type": "Feature", "properties": { "連番": 557, "索引番号": "524-2", "山名＜山頂名＞": "将棊頭山＜茶臼山＞", "山名よみ＜山頂名よみ＞": "しょうぎがしらやま＜ちゃうすやま＞", "標高値(m)": 2658, "種別": "標高点", "都道府県": "長野県", "緯度": 35.81492, "経度": 137.821546 }, "geometry": { "type": "Point", "coordinates": [ 137.821546111, 35.814919723 ] } }
,
{ "type": "Feature", "properties": { "連番": 558, "索引番号": "525-1", "山名＜山頂名＞": "駒ヶ岳", "山名よみ＜山頂名よみ＞": "こまがたけ", "標高値(m)": 2956, "種別": "三角点", "都道府県": "長野県", "緯度": 35.78955, "経度": 137.804574 }, "geometry": { "type": "Point", "coordinates": [ 137.804574250, 35.789549861 ] } }
,
{ "type": "Feature", "properties": { "連番": 559, "索引番号": "525-2", "山名＜山頂名＞": "駒ヶ岳＜宝剣岳＞", "山名よみ＜山頂名よみ＞": "こまがたけ＜ほうけんだけ＞", "標高値(m)": 2931, "種別": "標高点", "都道府県": "長野県", "緯度": 35.781411, "経度": 137.809181 }, "geometry": { "type": "Point", "coordinates": [ 137.809180833, 35.781410833 ] } }
,
{ "type": "Feature", "properties": { "連番": 560, "索引番号": "525-3", "山名＜山頂名＞": "駒ヶ岳＜麦草岳＞", "山名よみ＜山頂名よみ＞": "こまがたけ＜むぎくさだけ＞", "標高値(m)": 2733, "種別": "標高点", "都道府県": "長野県", "緯度": 35.796716, "経度": 137.786056 }, "geometry": { "type": "Point", "coordinates": [ 137.786055556, 35.796716111 ] } }
,
{ "type": "Feature", "properties": { "連番": 561, "索引番号": "526", "山名＜山頂名＞": "三沢岳", "山名よみ＜山頂名よみ＞": "さんのさわだけ", "標高値(m)": 2847, "種別": "三角点", "都道府県": "長野県", "緯度": 35.766737, "経度": 137.794028 }, "geometry": { "type": "Point", "coordinates": [ 137.794028472, 35.766737056 ] } }
,
{ "type": "Feature", "properties": { "連番": 562, "索引番号": "527", "山名＜山頂名＞": "檜尾岳", "山名よみ＜山頂名よみ＞": "ひのきおだけ", "標高値(m)": 2728, "種別": "三角点", "都道府県": "長野県", "緯度": 35.751982, "経度": 137.813288 }, "geometry": { "type": "Point", "coordinates": [ 137.813288083, 35.751981583 ] } }
,
{ "type": "Feature", "properties": { "連番": 563, "索引番号": "528", "山名＜山頂名＞": "熊沢岳", "山名よみ＜山頂名よみ＞": "くまざわだけ", "標高値(m)": 2778, "種別": "標高点", "都道府県": "長野県", "緯度": 35.73933, "経度": 137.803313 }, "geometry": { "type": "Point", "coordinates": [ 137.803312778, 35.739330277 ] } }
,
{ "type": "Feature", "properties": { "連番": 564, "索引番号": "529", "山名＜山頂名＞": "東川岳", "山名よみ＜山頂名よみ＞": "ひがしかわだけ", "標高値(m)": 2671, "種別": "標高点", "都道府県": "長野県", "緯度": 35.725542, "経度": 137.805523 }, "geometry": { "type": "Point", "coordinates": [ 137.805523056, 35.725541945 ] } }
,
{ "type": "Feature", "properties": { "連番": 565, "索引番号": "530", "山名＜山頂名＞": "空木岳", "山名よみ＜山頂名よみ＞": "うつぎだけ", "標高値(m)": 2864, "種別": "三角点", "都道府県": "長野県", "緯度": 35.718979, "経度": 137.817092 }, "geometry": { "type": "Point", "coordinates": [ 137.817091944, 35.718978917 ] } }
,
{ "type": "Feature", "properties": { "連番": 566, "索引番号": "531-1", "山名＜山頂名＞": "南駒ヶ岳", "山名よみ＜山頂名よみ＞": "みなみこまがたけ", "標高値(m)": 2841, "種別": "標高点", "都道府県": "長野県", "緯度": 35.701424, "経度": 137.810742 }, "geometry": { "type": "Point", "coordinates": [ 137.810742222, 35.701423611 ] } }
,
{ "type": "Feature", "properties": { "連番": 567, "索引番号": "531-2", "山名＜山頂名＞": "南駒ヶ岳＜赤梛岳＞", "山名よみ＜山頂名よみ＞": "みなみこまがたけ＜あかなぎだけ＞", "標高値(m)": 2798, "種別": "標高点", "都道府県": "長野県", "緯度": 35.706333, "経度": 137.815423 }, "geometry": { "type": "Point", "coordinates": [ 137.815423333, 35.706332777 ] } }
,
{ "type": "Feature", "properties": { "連番": 568, "索引番号": "532", "山名＜山頂名＞": "仙涯嶺", "山名よみ＜山頂名よみ＞": "せんがいれい", "標高値(m)": 2734, "種別": "標高点", "都道府県": "長野県", "緯度": 35.692319, "経度": 137.813596 }, "geometry": { "type": "Point", "coordinates": [ 137.813596389, 35.692319444 ] } }
,
{ "type": "Feature", "properties": { "連番": 569, "索引番号": "533", "山名＜山頂名＞": "越百山", "山名よみ＜山頂名よみ＞": "こすもやま", "標高値(m)": 2614, "種別": "三角点", "都道府県": "長野県", "緯度": 35.679414, "経度": 137.803255 }, "geometry": { "type": "Point", "coordinates": [ 137.803254500, 35.679413861 ] } }
,
{ "type": "Feature", "properties": { "連番": 570, "索引番号": "534", "山名＜山頂名＞": "安平路山", "山名よみ＜山頂名よみ＞": "あんぺいじやま", "標高値(m)": 2363, "種別": "三角点", "都道府県": "長野県", "緯度": 35.630424, "経度": 137.774372 }, "geometry": { "type": "Point", "coordinates": [ 137.774372167, 35.630423944 ] } }
,
{ "type": "Feature", "properties": { "連番": 571, "索引番号": "535", "山名＜山頂名＞": "摺古木山", "山名よみ＜山頂名よみ＞": "すりこぎやま", "標高値(m)": 2169, "種別": "三角点", "都道府県": "長野県", "緯度": 35.612898, "経度": 137.737595 }, "geometry": { "type": "Point", "coordinates": [ 137.737594833, 35.612897917 ] } }
,
{ "type": "Feature", "properties": { "連番": 572, "索引番号": "536", "山名＜山頂名＞": "南木曽岳", "山名よみ＜山頂名よみ＞": "なぎそだけ", "標高値(m)": 1679, "種別": "標高点", "都道府県": "長野県", "緯度": 35.592555, "経度": 137.644409 }, "geometry": { "type": "Point", "coordinates": [ 137.644408611, 35.592554722 ] } }
,
{ "type": "Feature", "properties": { "連番": 573, "索引番号": "537", "山名＜山頂名＞": "風越山（権現山）", "山名よみ＜山頂名よみ＞": "ふうえつざん（ごんげんやま）", "標高値(m)": 1535, "種別": "三角点", "都道府県": "長野県", "緯度": 35.549474, "経度": 137.78381 }, "geometry": { "type": "Point", "coordinates": [ 137.783810361, 35.549473944 ] } }
,
{ "type": "Feature", "properties": { "連番": 574, "索引番号": "538", "山名＜山頂名＞": "恵那山", "山名よみ＜山頂名よみ＞": "えなさん", "標高値(m)": 2191, "種別": "標高点", "都道府県": "長野県 岐阜県", "緯度": 35.443044, "経度": 137.597891 }, "geometry": { "type": "Point", "coordinates": [ 137.597890833, 35.443044445 ] } }
,
{ "type": "Feature", "properties": { "連番": 575, "索引番号": "539", "山名＜山頂名＞": "守屋山", "山名よみ＜山頂名よみ＞": "もりやさん", "標高値(m)": 1651, "種別": "三角点", "都道府県": "長野県", "緯度": 35.967516, "経度": 138.093406 }, "geometry": { "type": "Point", "coordinates": [ 138.093405778, 35.967516444 ] } }
,
{ "type": "Feature", "properties": { "連番": 576, "索引番号": "540", "山名＜山頂名＞": "入笠山", "山名よみ＜山頂名よみ＞": "にゅうかさやま", "標高値(m)": 1955, "種別": "三角点", "都道府県": "長野県", "緯度": 35.896323, "経度": 138.171603 }, "geometry": { "type": "Point", "coordinates": [ 138.171602778, 35.896322694 ] } }
,
{ "type": "Feature", "properties": { "連番": 577, "索引番号": "541", "山名＜山頂名＞": "鋸岳", "山名よみ＜山頂名よみ＞": "のこぎりだけ", "標高値(m)": 2685, "種別": "標高点", "都道府県": "山梨県 長野県", "緯度": 35.779, "経度": 138.210073 }, "geometry": { "type": "Point", "coordinates": [ 138.210073333, 35.779000278 ] } }
,
{ "type": "Feature", "properties": { "連番": 578, "索引番号": "542", "山名＜山頂名＞": "駒ヶ岳", "山名よみ＜山頂名よみ＞": "こまがたけ", "標高値(m)": 2967, "種別": "標高点", "都道府県": "山梨県 長野県", "緯度": 35.758009, "経度": 138.236688 }, "geometry": { "type": "Point", "coordinates": [ 138.236687778, 35.758008889 ] } }
,
{ "type": "Feature", "properties": { "連番": 579, "索引番号": "543", "山名＜山頂名＞": "駒津峰", "山名よみ＜山頂名よみ＞": "こまつみね", "標高値(m)": 2752, "種別": "標高点", "都道府県": "山梨県 長野県", "緯度": 35.75468, "経度": 138.230836 }, "geometry": { "type": "Point", "coordinates": [ 138.230836111, 35.754680278 ] } }
,
{ "type": "Feature", "properties": { "連番": 580, "索引番号": "544", "山名＜山頂名＞": "双児山", "山名よみ＜山頂名よみ＞": "ふたごやま", "標高値(m)": 2649, "種別": "標高点", "都道府県": "山梨県 長野県", "緯度": 35.750668, "経度": 138.221499 }, "geometry": { "type": "Point", "coordinates": [ 138.221499445, 35.750668334 ] } }
,
{ "type": "Feature", "properties": { "連番": 581, "索引番号": "545-1", "山名＜山頂名＞": "アサヨ峰", "山名よみ＜山頂名よみ＞": "あさよみね", "標高値(m)": 2799, "種別": "三角点", "都道府県": "山梨県", "緯度": 35.731697, "経度": 138.241327 }, "geometry": { "type": "Point", "coordinates": [ 138.241327083, 35.731696556 ] } }
,
{ "type": "Feature", "properties": { "連番": 582, "索引番号": "545-2", "山名＜山頂名＞": "アサヨ峰＜栗沢山＞", "山名よみ＜山頂名よみ＞": "あさよみね＜くりさわやま＞", "標高値(m)": 2714, "種別": "標高点", "都道府県": "山梨県", "緯度": 35.737895, "経度": 138.23423 }, "geometry": { "type": "Point", "coordinates": [ 138.234230278, 35.737895278 ] } }
,
{ "type": "Feature", "properties": { "連番": 583, "索引番号": "546", "山名＜山頂名＞": "高嶺", "山名よみ＜山頂名よみ＞": "たかね", "標高値(m)": 2779, "種別": "三角点", "都道府県": "山梨県", "緯度": 35.709766, "経度": 138.287708 }, "geometry": { "type": "Point", "coordinates": [ 138.287707889, 35.709765556 ] } }
,
{ "type": "Feature", "properties": { "連番": 584, "索引番号": "547", "山名＜山頂名＞": "地蔵ヶ岳", "山名よみ＜山頂名よみ＞": "じぞうがたけ", "標高値(m)": 2764, "種別": "標高点", "都道府県": "山梨県", "緯度": 35.71202, "経度": 138.298738 }, "geometry": { "type": "Point", "coordinates": [ 138.298737748, 35.712019975 ] } }
,
{ "type": "Feature", "properties": { "連番": 585, "索引番号": "548", "山名＜山頂名＞": "観音ヶ岳", "山名よみ＜山頂名よみ＞": "かんのんがだけ", "標高値(m)": 2841, "種別": "三角点", "都道府県": "山梨県", "緯度": 35.70173, "経度": 138.304594 }, "geometry": { "type": "Point", "coordinates": [ 138.304594417, 35.701730389 ] } }
,
{ "type": "Feature", "properties": { "連番": 586, "索引番号": "549", "山名＜山頂名＞": "薬師ヶ岳", "山名よみ＜山頂名よみ＞": "やくしがだけ", "標高値(m)": 2780, "種別": "標高点", "都道府県": "山梨県", "緯度": 35.695922, "経度": 138.311643 }, "geometry": { "type": "Point", "coordinates": [ 138.311642778, 35.695922222 ] } }
,
{ "type": "Feature", "properties": { "連番": 587, "索引番号": "550", "山名＜山頂名＞": "辻山", "山名よみ＜山頂名よみ＞": "つじやま", "標高値(m)": 2585, "種別": "三角点", "都道府県": "山梨県", "緯度": 35.676284, "経度": 138.321986 }, "geometry": { "type": "Point", "coordinates": [ 138.321986083, 35.676284083 ] } }
,
{ "type": "Feature", "properties": { "連番": 588, "索引番号": "551", "山名＜山頂名＞": "櫛形山", "山名よみ＜山頂名よみ＞": "くしがたやま", "標高値(m)": 2052, "種別": "三角点", "都道府県": "山梨県 長野県", "緯度": 35.586693, "経度": 138.369208 }, "geometry": { "type": "Point", "coordinates": [ 138.369207972, 35.586692611 ] } }
,
{ "type": "Feature", "properties": { "連番": 589, "索引番号": "552", "山名＜山頂名＞": "仙丈ヶ岳", "山名よみ＜山頂名よみ＞": "せんじょうがたけ", "標高値(m)": 3033, "種別": "三角点", "都道府県": "山梨県 長野県", "緯度": 35.720069, "経度": 138.183581 }, "geometry": { "type": "Point", "coordinates": [ 138.183580528, 35.720068611 ] } }
,
{ "type": "Feature", "properties": { "連番": 590, "索引番号": "553", "山名＜山頂名＞": "伊那荒倉岳", "山名よみ＜山頂名よみ＞": "いなあらくらだけ", "標高値(m)": 2519, "種別": "標高点", "都道府県": "山梨県 長野県", "緯度": 35.689141, "経度": 138.193859 }, "geometry": { "type": "Point", "coordinates": [ 138.193859045, 35.689140986 ] } }
,
{ "type": "Feature", "properties": { "連番": 591, "索引番号": "554", "山名＜山頂名＞": "小太郎山", "山名よみ＜山頂名よみ＞": "こたろうやま", "標高値(m)": 2725, "種別": "三角点", "都道府県": "山梨県", "緯度": 35.700818, "経度": 138.239996 }, "geometry": { "type": "Point", "coordinates": [ 138.239996250, 35.700817833 ] } }
,
{ "type": "Feature", "properties": { "連番": 592, "索引番号": "555", "山名＜山頂名＞": "北岳", "山名よみ＜山頂名よみ＞": "きただけ", "標高値(m)": 3193, "種別": "測定点", "都道府県": "山梨県", "緯度": 35.674314, "経度": 138.238828 }, "geometry": { "type": "Point", "coordinates": [ 138.238827778, 35.674313889 ] } }
,
{ "type": "Feature", "properties": { "連番": 593, "索引番号": "556", "山名＜山頂名＞": "間ノ岳", "山名よみ＜山頂名よみ＞": "あいのたけ", "標高値(m)": 3190, "種別": "三角点", "都道府県": "山梨県 静岡県", "緯度": 35.646012, "経度": 138.228324 }, "geometry": { "type": "Point", "coordinates": [ 138.228323778, 35.646011500 ] } }
,
{ "type": "Feature", "properties": { "連番": 594, "索引番号": "557-1", "山名＜山頂名＞": "農鳥岳＜西農鳥岳＞", "山名よみ＜山頂名よみ＞": "のうとりだけ＜にしのうとりだけ＞", "標高値(m)": 3051, "種別": "標高点", "都道府県": "山梨県 静岡県", "緯度": 35.624763, "経度": 138.230322 }, "geometry": { "type": "Point", "coordinates": [ 138.230321944, 35.624763333 ] } }
,
{ "type": "Feature", "properties": { "連番": 595, "索引番号": "557-2", "山名＜山頂名＞": "農鳥岳", "山名よみ＜山頂名よみ＞": "のうとりだけ", "標高値(m)": 3026, "種別": "三角点", "都道府県": "山梨県 静岡県", "緯度": 35.621151, "経度": 138.236857 }, "geometry": { "type": "Point", "coordinates": [ 138.236857139, 35.621151000 ] } }
,
{ "type": "Feature", "properties": { "連番": 596, "索引番号": "558", "山名＜山頂名＞": "大唐松山", "山名よみ＜山頂名よみ＞": "おおからまつやま", "標高値(m)": 2561, "種別": "標高点", "都道府県": "山梨県", "緯度": 35.621582, "経度": 138.269444 }, "geometry": { "type": "Point", "coordinates": [ 138.269444444, 35.621582222 ] } }
,
{ "type": "Feature", "properties": { "連番": 597, "索引番号": "559", "山名＜山頂名＞": "広河内岳", "山名よみ＜山頂名よみ＞": "ひろごうちだけ", "標高値(m)": 2895, "種別": "標高点", "都道府県": "山梨県 静岡県", "緯度": 35.606013, "経度": 138.235839 }, "geometry": { "type": "Point", "coordinates": [ 138.235838889, 35.606013055 ] } }
,
{ "type": "Feature", "properties": { "連番": 598, "索引番号": "560", "山名＜山頂名＞": "大籠岳", "山名よみ＜山頂名よみ＞": "おおこもりだけ", "標高値(m)": 2767, "種別": "三角点", "都道府県": "山梨県 静岡県", "緯度": 35.593077, "経度": 138.243406 }, "geometry": { "type": "Point", "coordinates": [ 138.243405972, 35.593076861 ] } }
,
{ "type": "Feature", "properties": { "連番": 599, "索引番号": "561", "山名＜山頂名＞": "笹山", "山名よみ＜山頂名よみ＞": "ささやま", "標高値(m)": 2733, "種別": "標高点", "都道府県": "山梨県 静岡県", "緯度": 35.571069, "経度": 138.243995 }, "geometry": { "type": "Point", "coordinates": [ 138.243995466, 35.571069141 ] } }
,
{ "type": "Feature", "properties": { "連番": 600, "索引番号": "562", "山名＜山頂名＞": "黒檜山", "山名よみ＜山頂名よみ＞": "くろべいやま", "標高値(m)": 2541, "種別": "三角点", "都道府県": "長野県", "緯度": 35.644563, "経度": 138.186112 }, "geometry": { "type": "Point", "coordinates": [ 138.186112028, 35.644563417 ] } }
,
{ "type": "Feature", "properties": { "連番": 601, "索引番号": "563", "山名＜山頂名＞": "安倍荒倉岳", "山名よみ＜山頂名よみ＞": "あべあらくらだけ", "標高値(m)": 2693, "種別": "三角点", "都道府県": "長野県 静岡県", "緯度": 35.623059, "経度": 138.202969 }, "geometry": { "type": "Point", "coordinates": [ 138.202968972, 35.623058972 ] } }
,
{ "type": "Feature", "properties": { "連番": 602, "索引番号": "564", "山名＜山頂名＞": "新蛇抜山", "山名よみ＜山頂名よみ＞": "しんじゃぬけやま", "標高値(m)": 2667, "種別": "標高点", "都道府県": "長野県 静岡県", "緯度": 35.607158, "経度": 138.205353 }, "geometry": { "type": "Point", "coordinates": [ 138.205353055, 35.607157500 ] } }
,
{ "type": "Feature", "properties": { "連番": 603, "索引番号": "565", "山名＜山頂名＞": "北荒川岳", "山名よみ＜山頂名よみ＞": "きたあらかわだけ", "標高値(m)": 2698, "種別": "三角点", "都道府県": "長野県", "緯度": 35.594694, "経度": 138.194535 }, "geometry": { "type": "Point", "coordinates": [ 138.194534833, 35.594693722 ] } }
,
{ "type": "Feature", "properties": { "連番": 604, "索引番号": "566", "山名＜山頂名＞": "塩見岳", "山名よみ＜山頂名よみ＞": "しおみだけ", "標高値(m)": 3052, "種別": "標高点", "都道府県": "長野県 静岡県", "緯度": 35.573139, "経度": 138.183636 }, "geometry": { "type": "Point", "coordinates": [ 138.183636111, 35.573138889 ] } }
,
{ "type": "Feature", "properties": { "連番": 605, "索引番号": "567", "山名＜山頂名＞": "蝙蝠岳", "山名よみ＜山頂名よみ＞": "こうもりだけ", "標高値(m)": 2865, "種別": "三角点", "都道府県": "静岡県", "緯度": 35.556928, "経度": 138.207315 }, "geometry": { "type": "Point", "coordinates": [ 138.207315444, 35.556927806 ] } }
,
{ "type": "Feature", "properties": { "連番": 606, "索引番号": "568", "山名＜山頂名＞": "徳右衛門岳", "山名よみ＜山頂名よみ＞": "とくえもんだけ", "標高値(m)": 2599, "種別": "三角点", "都道府県": "静岡県", "緯度": 35.539425, "経度": 138.226457 }, "geometry": { "type": "Point", "coordinates": [ 138.226456833, 35.539425167 ] } }
,
{ "type": "Feature", "properties": { "連番": 607, "索引番号": "569", "山名＜山頂名＞": "本谷山", "山名よみ＜山頂名よみ＞": "ほんたにやま", "標高値(m)": 2658, "種別": "三角点", "都道府県": "長野県 静岡県", "緯度": 35.570922, "経度": 138.151673 }, "geometry": { "type": "Point", "coordinates": [ 138.151672583, 35.570921972 ] } }
,
{ "type": "Feature", "properties": { "連番": 608, "索引番号": "570", "山名＜山頂名＞": "戸倉山（伊那富士）", "山名よみ＜山頂名よみ＞": "とくらやま（いなふじ）", "標高値(m)": 1681, "種別": "三角点", "都道府県": "長野県", "緯度": 35.745036, "経度": 138.051972 }, "geometry": { "type": "Point", "coordinates": [ 138.051971528, 35.745036194 ] } }
,
{ "type": "Feature", "properties": { "連番": 609, "索引番号": "571", "山名＜山頂名＞": "烏帽子岳", "山名よみ＜山頂名よみ＞": "えぼしだけ", "標高値(m)": 2726, "種別": "標高点", "都道府県": "長野県 静岡県", "緯度": 35.553537, "経度": 138.153424 }, "geometry": { "type": "Point", "coordinates": [ 138.153423611, 35.553536945 ] } }
,
{ "type": "Feature", "properties": { "連番": 610, "索引番号": "572", "山名＜山頂名＞": "小河内岳", "山名よみ＜山頂名よみ＞": "こごうちだけ", "標高値(m)": 2802, "種別": "三角点", "都道府県": "長野県 静岡県", "緯度": 35.537741, "経度": 138.153049 }, "geometry": { "type": "Point", "coordinates": [ 138.153048694, 35.537741222 ] } }
,
{ "type": "Feature", "properties": { "連番": 611, "索引番号": "573", "山名＜山頂名＞": "小日影山", "山名よみ＜山頂名よみ＞": "こひかげやま", "標高値(m)": 2506, "種別": "三角点", "都道府県": "長野県", "緯度": 35.525151, "経度": 138.126357 }, "geometry": { "type": "Point", "coordinates": [ 138.126356667, 35.525150611 ] } }
,
{ "type": "Feature", "properties": { "連番": 612, "索引番号": "574", "山名＜山頂名＞": "大日影山", "山名よみ＜山頂名よみ＞": "おおひかげやま", "標高値(m)": 2573, "種別": "標高点", "都道府県": "長野県 静岡県", "緯度": 35.522162, "経度": 138.138316 }, "geometry": { "type": "Point", "coordinates": [ 138.138315556, 35.522162222 ] } }
,
{ "type": "Feature", "properties": { "連番": 613, "索引番号": "575", "山名＜山頂名＞": "板屋岳", "山名よみ＜山頂名よみ＞": "いたやだけ", "標高値(m)": 2646, "種別": "標高点", "都道府県": "長野県 静岡県", "緯度": 35.517883, "経度": 138.146078 }, "geometry": { "type": "Point", "coordinates": [ 138.146078443, 35.517883302 ] } }
,
{ "type": "Feature", "properties": { "連番": 614, "索引番号": "576", "山名＜山頂名＞": "東岳（悪沢岳）", "山名よみ＜山頂名よみ＞": "ひがしだけ（わるさわだけ）", "標高値(m)": 3141, "種別": "標高点", "都道府県": "静岡県", "緯度": 35.500735, "経度": 138.182477 }, "geometry": { "type": "Point", "coordinates": [ 138.182476667, 35.500735000 ] } }
,
{ "type": "Feature", "properties": { "連番": 615, "索引番号": "577-1", "山名＜山頂名＞": "荒川岳＜中岳＞", "山名よみ＜山頂名よみ＞": "あらかわだけ＜なかだけ＞", "標高値(m)": 3084, "種別": "三角点", "都道府県": "静岡県", "緯度": 35.496573, "経度": 138.167067 }, "geometry": { "type": "Point", "coordinates": [ 138.167067306, 35.496573417 ] } }
,
{ "type": "Feature", "properties": { "連番": 616, "索引番号": "577-2", "山名＜山頂名＞": "荒川岳＜前岳＞", "山名よみ＜山頂名よみ＞": "あらかわだけ＜まえだけ＞", "標高値(m)": 3068, "種別": "標高点", "都道府県": "長野県 静岡県", "緯度": 35.494059, "経度": 138.164102 }, "geometry": { "type": "Point", "coordinates": [ 138.164101944, 35.494058611 ] } }
,
{ "type": "Feature", "properties": { "連番": 617, "索引番号": "578", "山名＜山頂名＞": "赤石岳", "山名よみ＜山頂名よみ＞": "あかいしだけ", "標高値(m)": 3121, "種別": "三角点", "都道府県": "長野県 静岡県", "緯度": 35.461206, "経度": 138.15736 }, "geometry": { "type": "Point", "coordinates": [ 138.157359833, 35.461206444 ] } }
,
{ "type": "Feature", "properties": { "連番": 618, "索引番号": "579", "山名＜山頂名＞": "奥茶臼山", "山名よみ＜山頂名よみ＞": "おくちゃうすやま", "標高値(m)": 2474, "種別": "三角点", "都道府県": "長野県", "緯度": 35.484968, "経度": 138.069075 }, "geometry": { "type": "Point", "coordinates": [ 138.069075389, 35.484968444 ] } }
,
{ "type": "Feature", "properties": { "連番": 619, "索引番号": "580", "山名＜山頂名＞": "鬼面山", "山名よみ＜山頂名よみ＞": "きめんざん", "標高値(m)": 1890, "種別": "三角点", "都道府県": "長野県", "緯度": 35.492011, "経度": 137.990161 }, "geometry": { "type": "Point", "coordinates": [ 137.990161222, 35.492011417 ] } }
,
{ "type": "Feature", "properties": { "連番": 620, "索引番号": "581", "山名＜山頂名＞": "大沢岳", "山名よみ＜山頂名よみ＞": "おおさわだけ", "標高値(m)": 2820, "種別": "三角点", "都道府県": "長野県 静岡県", "緯度": 35.448905, "経度": 138.120176 }, "geometry": { "type": "Point", "coordinates": [ 138.120176306, 35.448905472 ] } }
,
{ "type": "Feature", "properties": { "連番": 621, "索引番号": "582", "山名＜山頂名＞": "中盛丸山", "山名よみ＜山頂名よみ＞": "なかもりまるやま", "標高値(m)": 2807, "種別": "標高点", "都道府県": "長野県 静岡県", "緯度": 35.442813, "経度": 138.12202 }, "geometry": { "type": "Point", "coordinates": [ 138.122020000, 35.442812778 ] } }
,
{ "type": "Feature", "properties": { "連番": 622, "索引番号": "583", "山名＜山頂名＞": "兎岳", "山名よみ＜山頂名よみ＞": "うさぎだけ", "標高値(m)": 2818, "種別": "標高点", "都道府県": "長野県 静岡県", "緯度": 35.428589, "経度": 138.121216 }, "geometry": { "type": "Point", "coordinates": [ 138.121215834, 35.428589445 ] } }
,
{ "type": "Feature", "properties": { "連番": 623, "索引番号": "584", "山名＜山頂名＞": "聖岳＜前聖岳＞", "山名よみ＜山頂名よみ＞": "ひじりだけ＜まえひじりだけ＞", "標高値(m)": 3013, "種別": "標高点", "都道府県": "長野県 静岡県", "緯度": 35.42254, "経度": 138.139629 }, "geometry": { "type": "Point", "coordinates": [ 138.139628889, 35.422540278 ] } }
,
{ "type": "Feature", "properties": { "連番": 624, "索引番号": "585", "山名＜山頂名＞": "上河内岳", "山名よみ＜山頂名よみ＞": "かみこうちだけ", "標高値(m)": 2803, "種別": "三角点", "都道府県": "静岡県", "緯度": 35.389619, "経度": 138.152812 }, "geometry": { "type": "Point", "coordinates": [ 138.152812444, 35.389618778 ] } }
,
{ "type": "Feature", "properties": { "連番": 625, "索引番号": "586", "山名＜山頂名＞": "茶臼岳", "山名よみ＜山頂名よみ＞": "ちゃうすだけ", "標高値(m)": 2604, "種別": "標高点", "都道府県": "長野県 静岡県", "緯度": 35.369166, "経度": 138.140555 }, "geometry": { "type": "Point", "coordinates": [ 138.140555000, 35.369166111 ] } }
,
{ "type": "Feature", "properties": { "連番": 626, "索引番号": "587", "山名＜山頂名＞": "仁田岳", "山名よみ＜山頂名よみ＞": "にっただけ", "標高値(m)": 2524, "種別": "三角点", "都道府県": "静岡県", "緯度": 35.36073, "経度": 138.127095 }, "geometry": { "type": "Point", "coordinates": [ 138.127094972, 35.360729806 ] } }
,
{ "type": "Feature", "properties": { "連番": 627, "索引番号": "588", "山名＜山頂名＞": "光岳", "山名よみ＜山頂名よみ＞": "てかりだけ", "標高値(m)": 2592, "種別": "三角点", "都道府県": "静岡県 長野県", "緯度": 35.338176, "経度": 138.083779 }, "geometry": { "type": "Point", "coordinates": [ 138.083778750, 35.338175528 ] } }
,
{ "type": "Feature", "properties": { "連番": 628, "索引番号": "589", "山名＜山頂名＞": "池口岳", "山名よみ＜山頂名よみ＞": "いけぐちだけ", "標高値(m)": 2392, "種別": "標高点", "都道府県": "長野県 静岡県", "緯度": 35.330208, "経度": 138.038327 }, "geometry": { "type": "Point", "coordinates": [ 138.038327222, 35.330207778 ] } }
,
{ "type": "Feature", "properties": { "連番": 629, "索引番号": "590", "山名＜山頂名＞": "白倉山", "山名よみ＜山頂名よみ＞": "しらくらやま", "標高値(m)": 1851, "種別": "標高点", "都道府県": "長野県 静岡県", "緯度": 35.301704, "経度": 137.9921 }, "geometry": { "type": "Point", "coordinates": [ 137.992100278, 35.301703612 ] } }
,
{ "type": "Feature", "properties": { "連番": 630, "索引番号": "591", "山名＜山頂名＞": "熊伏山", "山名よみ＜山頂名よみ＞": "くまぶしやま", "標高値(m)": 1654, "種別": "三角点", "都道府県": "長野県", "緯度": 35.263241, "経度": 137.894893 }, "geometry": { "type": "Point", "coordinates": [ 137.894893139, 35.263240583 ] } }
,
{ "type": "Feature", "properties": { "連番": 631, "索引番号": "592", "山名＜山頂名＞": "大無間山", "山名よみ＜山頂名よみ＞": "だいむけんざん", "標高値(m)": 2330, "種別": "三角点", "都道府県": "静岡県", "緯度": 35.255979, "経度": 138.161548 }, "geometry": { "type": "Point", "coordinates": [ 138.161547917, 35.255978750 ] } }
,
{ "type": "Feature", "properties": { "連番": 632, "索引番号": "593", "山名＜山頂名＞": "不動岳", "山名よみ＜山頂名よみ＞": "ふどうがたけ", "標高値(m)": 2172, "種別": "三角点", "都道府県": "静岡県", "緯度": 35.235462, "経度": 138.041108 }, "geometry": { "type": "Point", "coordinates": [ 138.041107583, 35.235462000 ] } }
,
{ "type": "Feature", "properties": { "連番": 633, "索引番号": "594", "山名＜山頂名＞": "黒法師岳", "山名よみ＜山頂名よみ＞": "くろぼうしだけ", "標高値(m)": 2068, "種別": "三角点", "都道府県": "静岡県", "緯度": 35.196168, "経度": 138.029391 }, "geometry": { "type": "Point", "coordinates": [ 138.029391472, 35.196167694 ] } }
,
{ "type": "Feature", "properties": { "連番": 634, "索引番号": "595", "山名＜山頂名＞": "蕎麦粒山", "山名よみ＜山頂名よみ＞": "そばつぶやま", "標高値(m)": 1627, "種別": "三角点", "都道府県": "静岡県", "緯度": 35.126094, "経度": 138.035381 }, "geometry": { "type": "Point", "coordinates": [ 138.035381389, 35.126093500 ] } }
,
{ "type": "Feature", "properties": { "連番": 635, "索引番号": "596", "山名＜山頂名＞": "高塚山", "山名よみ＜山頂名よみ＞": "たかつかやま", "標高値(m)": 1621, "種別": "三角点", "都道府県": "静岡県", "緯度": 35.115464, "経度": 138.003663 }, "geometry": { "type": "Point", "coordinates": [ 138.003662861, 35.115463972 ] } }
,
{ "type": "Feature", "properties": { "連番": 636, "索引番号": "597", "山名＜山頂名＞": "京丸山", "山名よみ＜山頂名よみ＞": "きょうまるやま", "標高値(m)": 1469, "種別": "三角点", "都道府県": "静岡県", "緯度": 35.096002, "経度": 137.965929 }, "geometry": { "type": "Point", "coordinates": [ 137.965928556, 35.096001972 ] } }
,
{ "type": "Feature", "properties": { "連番": 637, "索引番号": "598", "山名＜山頂名＞": "秋葉山", "山名よみ＜山頂名よみ＞": "あきはさん", "標高値(m)": 885, "種別": "標高点", "都道府県": "静岡県", "緯度": 34.981773, "経度": 137.866006 }, "geometry": { "type": "Point", "coordinates": [ 137.866006389, 34.981773333 ] } }
,
{ "type": "Feature", "properties": { "連番": 638, "索引番号": "599", "山名＜山頂名＞": "八高山", "山名よみ＜山頂名よみ＞": "はっこうさん", "標高値(m)": 832, "種別": "三角点", "都道府県": "静岡県", "緯度": 34.907436, "経度": 138.056682 }, "geometry": { "type": "Point", "coordinates": [ 138.056681500, 34.907435639 ] } }
,
{ "type": "Feature", "properties": { "連番": 639, "索引番号": "600", "山名＜山頂名＞": "笊ヶ岳", "山名よみ＜山頂名よみ＞": "ざるがたけ", "標高値(m)": 2629, "種別": "三角点", "都道府県": "山梨県 静岡県", "緯度": 35.424158, "経度": 138.25949 }, "geometry": { "type": "Point", "coordinates": [ 138.259490361, 35.424157917 ] } }
,
{ "type": "Feature", "properties": { "連番": 640, "索引番号": "601", "山名＜山頂名＞": "布引山", "山名よみ＜山頂名よみ＞": "ぬのびきやま", "標高値(m)": 2584, "種別": "三角点", "都道府県": "山梨県 静岡県", "緯度": 35.408473, "経度": 138.25823 }, "geometry": { "type": "Point", "coordinates": [ 138.258229889, 35.408473361 ] } }
,
{ "type": "Feature", "properties": { "連番": 641, "索引番号": "602", "山名＜山頂名＞": "青薙山", "山名よみ＜山頂名よみ＞": "あおなぎやま", "標高値(m)": 2406, "種別": "三角点", "都道府県": "静岡県", "緯度": 35.369769, "経度": 138.228743 }, "geometry": { "type": "Point", "coordinates": [ 138.228743361, 35.369769472 ] } }
,
{ "type": "Feature", "properties": { "連番": 642, "索引番号": "603", "山名＜山頂名＞": "身延山", "山名よみ＜山頂名よみ＞": "みのぶさん", "標高値(m)": 1153, "種別": "標高点", "都道府県": "山梨県", "緯度": 35.397436, "経度": 138.416295 }, "geometry": { "type": "Point", "coordinates": [ 138.416295000, 35.397435556 ] } }
,
{ "type": "Feature", "properties": { "連番": 643, "索引番号": "604", "山名＜山頂名＞": "七面山", "山名よみ＜山頂名よみ＞": "しちめんざん", "標高値(m)": 1989, "種別": "標高点", "都道府県": "山梨県", "緯度": 35.369212, "経度": 138.348906 }, "geometry": { "type": "Point", "coordinates": [ 138.348905555, 35.369211945 ] } }
,
{ "type": "Feature", "properties": { "連番": 644, "索引番号": "605", "山名＜山頂名＞": "山伏", "山名よみ＜山頂名よみ＞": "やんぶし", "標高値(m)": 2013, "種別": "三角点", "都道府県": "山梨県 静岡県", "緯度": 35.304335, "経度": 138.285269 }, "geometry": { "type": "Point", "coordinates": [ 138.285268556, 35.304335306 ] } }
,
{ "type": "Feature", "properties": { "連番": 645, "索引番号": "606", "山名＜山頂名＞": "十枚山", "山名よみ＜山頂名よみ＞": "じゅうまいざん", "標高値(m)": 1726, "種別": "標高点", "都道府県": "静岡県 山梨県", "緯度": 35.253666, "経度": 138.377944 }, "geometry": { "type": "Point", "coordinates": [ 138.377944167, 35.253665833 ] } }
,
{ "type": "Feature", "properties": { "連番": 646, "索引番号": "607", "山名＜山頂名＞": "篠井山", "山名よみ＜山頂名よみ＞": "しのいさん", "標高値(m)": 1394, "種別": "三角点", "都道府県": "山梨県", "緯度": 35.247721, "経度": 138.426477 }, "geometry": { "type": "Point", "coordinates": [ 138.426476667, 35.247721278 ] } }
,
{ "type": "Feature", "properties": { "連番": 647, "索引番号": "608", "山名＜山頂名＞": "高ドッキョウ", "山名よみ＜山頂名よみ＞": "たかどっきょう", "標高値(m)": 1133, "種別": "三角点", "都道府県": "山梨県 静岡県", "緯度": 35.178497, "経度": 138.438008 }, "geometry": { "type": "Point", "coordinates": [ 138.438007639, 35.178497083 ] } }
,
{ "type": "Feature", "properties": { "連番": 648, "索引番号": "609", "山名＜山頂名＞": "竜爪山", "山名よみ＜山頂名よみ＞": "りゅうそうざん", "標高値(m)": 1051, "種別": "標高点", "都道府県": "静岡県", "緯度": 35.088344, "経度": 138.40359 }, "geometry": { "type": "Point", "coordinates": [ 138.403590000, 35.088344167 ] } }
,
{ "type": "Feature", "properties": { "連番": 649, "索引番号": "610", "山名＜山頂名＞": "久能山", "山名よみ＜山頂名よみ＞": "くのうざん", "標高値(m)": 216, "種別": "標高点", "都道府県": "静岡県", "緯度": 34.966111, "経度": 138.468055 }, "geometry": { "type": "Point", "coordinates": [ 138.468055000, 34.966111111 ] } }
,
{ "type": "Feature", "properties": { "連番": 650, "索引番号": "611", "山名＜山頂名＞": "茶臼山", "山名よみ＜山頂名よみ＞": "ちゃうすやま", "標高値(m)": 1416, "種別": "三角点", "都道府県": "長野県 愛知県", "緯度": 35.227555, "経度": 137.655539 }, "geometry": { "type": "Point", "coordinates": [ 137.655539056, 35.227554944 ] } }
,
{ "type": "Feature", "properties": { "連番": 651, "索引番号": "612", "山名＜山頂名＞": "鷹ノ巣山", "山名よみ＜山頂名よみ＞": "たかのすやま", "標高値(m)": 1153, "種別": "三角点", "都道府県": "愛知県", "緯度": 35.152597, "経度": 137.494962 }, "geometry": { "type": "Point", "coordinates": [ 137.494961556, 35.152596694 ] } }
,
{ "type": "Feature", "properties": { "連番": 652, "索引番号": "613", "山名＜山頂名＞": "鳳来寺山", "山名よみ＜山頂名よみ＞": "ほうらいじさん", "標高値(m)": 695, "種別": "標高点", "都道府県": "愛知県", "緯度": 34.98402, "経度": 137.5828 }, "geometry": { "type": "Point", "coordinates": [ 137.582800278, 34.984020000 ] } }
,
{ "type": "Feature", "properties": { "連番": 653, "索引番号": "614", "山名＜山頂名＞": "本宮山", "山名よみ＜山頂名よみ＞": "ほんぐうさん", "標高値(m)": 789, "種別": "三角点", "都道府県": "愛知県", "緯度": 34.909795, "経度": 137.420576 }, "geometry": { "type": "Point", "coordinates": [ 137.420575639, 34.909794722 ] } }
,
{ "type": "Feature", "properties": { "連番": 654, "索引番号": "615", "山名＜山頂名＞": "猿投山", "山名よみ＜山頂名よみ＞": "さなげやま", "標高値(m)": 629, "種別": "三角点", "都道府県": "愛知県", "緯度": 35.205909, "経度": 137.166823 }, "geometry": { "type": "Point", "coordinates": [ 137.166823444, 35.205909472 ] } }
,
{ "type": "Feature", "properties": { "連番": 655, "索引番号": "616", "山名＜山頂名＞": "金華山", "山名よみ＜山頂名よみ＞": "きんかざん", "標高値(m)": 329, "種別": "三角点", "都道府県": "岐阜県", "緯度": 35.43344, "経度": 136.781498 }, "geometry": { "type": "Point", "coordinates": [ 136.781497639, 35.433440278 ] } }
,
{ "type": "Feature", "properties": { "連番": 656, "索引番号": "617", "山名＜山頂名＞": "宝立山", "山名よみ＜山頂名よみ＞": "ほうりゅうざん", "標高値(m)": 471, "種別": "標高点", "都道府県": "石川県", "緯度": 37.428571, "経度": 137.162548 }, "geometry": { "type": "Point", "coordinates": [ 137.162548333, 37.428571111 ] } }
,
{ "type": "Feature", "properties": { "連番": 657, "索引番号": "618", "山名＜山頂名＞": "鉢伏山", "山名よみ＜山頂名よみ＞": "はちぶせやま", "標高値(m)": 544, "種別": "三角点", "都道府県": "石川県", "緯度": 37.377754, "経度": 136.97092 }, "geometry": { "type": "Point", "coordinates": [ 136.970920250, 37.377753889 ] } }
,
{ "type": "Feature", "properties": { "連番": 658, "索引番号": "619", "山名＜山頂名＞": "石動山", "山名よみ＜山頂名よみ＞": "せきどうさん", "標高値(m)": 564, "種別": "標高点", "都道府県": "石川県", "緯度": 36.965562, "経度": 136.971012 }, "geometry": { "type": "Point", "coordinates": [ 136.971012222, 36.965561944 ] } }
,
{ "type": "Feature", "properties": { "連番": 659, "索引番号": "620", "山名＜山頂名＞": "宝達山", "山名よみ＜山頂名よみ＞": "ほうだつさん", "標高値(m)": 637, "種別": "三角点", "都道府県": "石川県", "緯度": 36.78192, "経度": 136.813035 }, "geometry": { "type": "Point", "coordinates": [ 136.813035111, 36.781919722 ] } }
,
{ "type": "Feature", "properties": { "連番": 660, "索引番号": "621", "山名＜山頂名＞": "二上山", "山名よみ＜山頂名よみ＞": "ふたがみやま", "標高値(m)": 274, "種別": "標高点", "都道府県": "富山県", "緯度": 36.790002, "経度": 137.015378 }, "geometry": { "type": "Point", "coordinates": [ 137.015378056, 36.790002222 ] } }
,
{ "type": "Feature", "properties": { "連番": 661, "索引番号": "622", "山名＜山頂名＞": "牛岳", "山名よみ＜山頂名よみ＞": "うしだけ", "標高値(m)": 987, "種別": "三角点", "都道府県": "富山県", "緯度": 36.541225, "経度": 137.031773 }, "geometry": { "type": "Point", "coordinates": [ 137.031772528, 36.541225306 ] } }
,
{ "type": "Feature", "properties": { "連番": 662, "索引番号": "623", "山名＜山頂名＞": "白木峰", "山名よみ＜山頂名よみ＞": "しろきみね", "標高値(m)": 1596, "種別": "標高点", "都道府県": "富山県 岐阜県", "緯度": 36.415461, "経度": 137.112128 }, "geometry": { "type": "Point", "coordinates": [ 137.112127778, 36.415460556 ] } }
,
{ "type": "Feature", "properties": { "連番": 663, "索引番号": "624", "山名＜山頂名＞": "金剛堂山", "山名よみ＜山頂名よみ＞": "こんごうどうざん", "標高値(m)": 1650, "種別": "標高点", "都道府県": "富山県", "緯度": 36.378888, "経度": 137.048888 }, "geometry": { "type": "Point", "coordinates": [ 137.048888055, 36.378888055 ] } }
,
{ "type": "Feature", "properties": { "連番": 664, "索引番号": "625", "山名＜山頂名＞": "人形山", "山名よみ＜山頂名よみ＞": "にんぎょうざん", "標高値(m)": 1726, "種別": "標高点", "都道府県": "岐阜県 富山県", "緯度": 36.349016, "経度": 136.939729 }, "geometry": { "type": "Point", "coordinates": [ 136.939728889, 36.349016111 ] } }
,
{ "type": "Feature", "properties": { "連番": 665, "索引番号": "626", "山名＜山頂名＞": "三ヶ辻山", "山名よみ＜山頂名よみ＞": "みつがつじやま", "標高値(m)": 1764, "種別": "三角点", "都道府県": "岐阜県", "緯度": 36.337995, "経度": 136.949927 }, "geometry": { "type": "Point", "coordinates": [ 136.949927417, 36.337994583 ] } }
,
{ "type": "Feature", "properties": { "連番": 666, "索引番号": "627", "山名＜山頂名＞": "猿ヶ馬場山", "山名よみ＜山頂名よみ＞": "さるがばばやま", "標高値(m)": 1875, "種別": "標高点", "都道府県": "岐阜県", "緯度": 36.225951, "経度": 136.942873 }, "geometry": { "type": "Point", "coordinates": [ 136.942872697, 36.225951361 ] } }
,
{ "type": "Feature", "properties": { "連番": 667, "索引番号": "628", "山名＜山頂名＞": "御前岳", "山名よみ＜山頂名よみ＞": "ごぜんだけ", "標高値(m)": 1816, "種別": "三角点", "都道府県": "岐阜県", "緯度": 36.198158, "経度": 136.96019 }, "geometry": { "type": "Point", "coordinates": [ 136.960190000, 36.198158361 ] } }
,
{ "type": "Feature", "properties": { "連番": 668, "索引番号": "629", "山名＜山頂名＞": "大雨見山", "山名よみ＜山頂名よみ＞": "おおあまみやま", "標高値(m)": 1336, "種別": "三角点", "都道府県": "岐阜県", "緯度": 36.253396, "経度": 137.298483 }, "geometry": { "type": "Point", "coordinates": [ 137.298482861, 36.253395639 ] } }
,
{ "type": "Feature", "properties": { "連番": 669, "索引番号": "630", "山名＜山頂名＞": "位山", "山名よみ＜山頂名よみ＞": "くらいやま", "標高値(m)": 1529, "種別": "三角点", "都道府県": "岐阜県", "緯度": 36.03823, "経度": 137.196696 }, "geometry": { "type": "Point", "coordinates": [ 137.196695750, 36.038230333 ] } }
,
{ "type": "Feature", "properties": { "連番": 670, "索引番号": "631", "山名＜山頂名＞": "川上岳", "山名よみ＜山頂名よみ＞": "かおれだけ", "標高値(m)": 1625, "種別": "三角点", "都道府県": "岐阜県", "緯度": 36.008214, "経度": 137.14958 }, "geometry": { "type": "Point", "coordinates": [ 137.149580000, 36.008213722 ] } }
,
{ "type": "Feature", "properties": { "連番": 671, "索引番号": "632", "山名＜山頂名＞": "鷲ヶ岳", "山名よみ＜山頂名よみ＞": "わしがたけ", "標高値(m)": 1671, "種別": "三角点", "都道府県": "岐阜県", "緯度": 35.940342, "経度": 136.971464 }, "geometry": { "type": "Point", "coordinates": [ 136.971464222, 35.940341639 ] } }
,
{ "type": "Feature", "properties": { "連番": 672, "索引番号": "633", "山名＜山頂名＞": "八乙女山", "山名よみ＜山頂名よみ＞": "やおとめやま", "標高値(m)": 756, "種別": "標高点", "都道府県": "富山県", "緯度": 36.540242, "経度": 136.983162 }, "geometry": { "type": "Point", "coordinates": [ 136.983161667, 36.540242223 ] } }
,
{ "type": "Feature", "properties": { "連番": 673, "索引番号": "634", "山名＜山頂名＞": "高清水山", "山名よみ＜山頂名よみ＞": "たかしょうずやま", "標高値(m)": 1145, "種別": "標高点", "都道府県": "富山県", "緯度": 36.477349, "経度": 136.942978 }, "geometry": { "type": "Point", "coordinates": [ 136.942978055, 36.477348611 ] } }
,
{ "type": "Feature", "properties": { "連番": 674, "索引番号": "635", "山名＜山頂名＞": "医王山＜奥医王山＞", "山名よみ＜山頂名よみ＞": "いおうぜん＜おくいおうぜん＞", "標高値(m)": 939, "種別": "三角点", "都道府県": "富山県 石川県", "緯度": 36.512764, "経度": 136.796013 }, "geometry": { "type": "Point", "coordinates": [ 136.796012556, 36.512763972 ] } }
,
{ "type": "Feature", "properties": { "連番": 675, "索引番号": "636", "山名＜山頂名＞": "口三方岳", "山名よみ＜山頂名よみ＞": "くちさんぼうだけ", "標高値(m)": 1269, "種別": "三角点", "都道府県": "石川県", "緯度": 36.373199, "経度": 136.715502 }, "geometry": { "type": "Point", "coordinates": [ 136.715501500, 36.373198694 ] } }
,
{ "type": "Feature", "properties": { "連番": 676, "索引番号": "637", "山名＜山頂名＞": "高三郎山", "山名よみ＜山頂名よみ＞": "たかさぶろうやま", "標高値(m)": 1445, "種別": "標高点", "都道府県": "石川県", "緯度": 36.371111, "経度": 136.773611 }, "geometry": { "type": "Point", "coordinates": [ 136.773611111, 36.371111111 ] } }
,
{ "type": "Feature", "properties": { "連番": 677, "索引番号": "638", "山名＜山頂名＞": "大門山", "山名よみ＜山頂名よみ＞": "だいもんざん", "標高値(m)": 1571, "種別": "三角点", "都道府県": "富山県 石川県", "緯度": 36.365221, "経度": 136.80369 }, "geometry": { "type": "Point", "coordinates": [ 136.803689694, 36.365220500 ] } }
,
{ "type": "Feature", "properties": { "連番": 678, "索引番号": "639", "山名＜山頂名＞": "大笠山", "山名よみ＜山頂名よみ＞": "おおがさやま", "標高値(m)": 1822, "種別": "三角点", "都道府県": "富山県 石川県", "緯度": 36.32045, "経度": 136.789588 }, "geometry": { "type": "Point", "coordinates": [ 136.789588444, 36.320449806 ] } }
,
{ "type": "Feature", "properties": { "連番": 679, "索引番号": "640", "山名＜山頂名＞": "笈ヶ岳", "山名よみ＜山頂名よみ＞": "おいずるがだけ", "標高値(m)": 1841, "種別": "三角点", "都道府県": "富山県 石川県 岐阜県", "緯度": 36.298515, "経度": 136.792193 }, "geometry": { "type": "Point", "coordinates": [ 136.792193361, 36.298514556 ] } }
,
{ "type": "Feature", "properties": { "連番": 680, "索引番号": "641", "山名＜山頂名＞": "三方岩岳", "山名よみ＜山頂名よみ＞": "さんぽういわだけ", "標高値(m)": 1736, "種別": "標高点", "都道府県": "石川県 岐阜県", "緯度": 36.258193, "経度": 136.844556 }, "geometry": { "type": "Point", "coordinates": [ 136.844556389, 36.258193055 ] } }
,
{ "type": "Feature", "properties": { "連番": 681, "索引番号": "642", "山名＜山頂名＞": "三方崩山", "山名よみ＜山頂名よみ＞": "さんぽうくずれやま", "標高値(m)": 2058, "種別": "三角点", "都道府県": "岐阜県", "緯度": 36.179001, "経度": 136.86015 }, "geometry": { "type": "Point", "coordinates": [ 136.860150222, 36.179000611 ] } }
,
{ "type": "Feature", "properties": { "連番": 682, "索引番号": "643", "山名＜山頂名＞": "七倉山", "山名よみ＜山頂名よみ＞": "ななくらやま", "標高値(m)": 2557, "種別": "標高点", "都道府県": "石川県", "緯度": 36.171286, "経度": 136.758842 }, "geometry": { "type": "Point", "coordinates": [ 136.758841945, 36.171285833 ] } }
,
{ "type": "Feature", "properties": { "連番": 683, "索引番号": "644", "山名＜山頂名＞": "白山＜御前峰＞", "山名よみ＜山頂名よみ＞": "はくさん＜ごぜんがみね＞", "標高値(m)": 2702, "種別": "三角点", "都道府県": "石川県 岐阜県", "緯度": 36.155063, "経度": 136.771449 }, "geometry": { "type": "Point", "coordinates": [ 136.771448833, 36.155063111 ] } }
,
{ "type": "Feature", "properties": { "連番": 684, "索引番号": "645", "山名＜山頂名＞": "白山釈迦岳", "山名よみ＜山頂名よみ＞": "はくさんしゃかだけ", "標高値(m)": 2053, "種別": "三角点", "都道府県": "石川県", "緯度": 36.152212, "経度": 136.735687 }, "geometry": { "type": "Point", "coordinates": [ 136.735687111, 36.152212111 ] } }
,
{ "type": "Feature", "properties": { "連番": 685, "索引番号": "646", "山名＜山頂名＞": "別山", "山名よみ＜山頂名よみ＞": "べっさん", "標高値(m)": 2399, "種別": "三角点", "都道府県": "石川県 岐阜県", "緯度": 36.105439, "経度": 136.765729 }, "geometry": { "type": "Point", "coordinates": [ 136.765728639, 36.105438778 ] } }
,
{ "type": "Feature", "properties": { "連番": 686, "索引番号": "647", "山名＜山頂名＞": "願教寺山", "山名よみ＜山頂名よみ＞": "がんきょうじさん", "標高値(m)": 1691, "種別": "三角点", "都道府県": "福井県 岐阜県", "緯度": 36.056929, "経度": 136.739761 }, "geometry": { "type": "Point", "coordinates": [ 136.739761417, 36.056929000 ] } }
,
{ "type": "Feature", "properties": { "連番": 687, "索引番号": "648", "山名＜山頂名＞": "野伏ヶ岳", "山名よみ＜山頂名よみ＞": "のふせがだけ", "標高値(m)": 1674, "種別": "三角点", "都道府県": "岐阜県 福井県", "緯度": 36.012843, "経度": 136.732391 }, "geometry": { "type": "Point", "coordinates": [ 136.732390861, 36.012842944 ] } }
,
{ "type": "Feature", "properties": { "連番": 688, "索引番号": "649", "山名＜山頂名＞": "大日ヶ岳", "山名よみ＜山頂名よみ＞": "だいにちがたけ", "標高値(m)": 1709, "種別": "三角点", "都道府県": "岐阜県", "緯度": 36.001366, "経度": 136.837818 }, "geometry": { "type": "Point", "coordinates": [ 136.837818194, 36.001365806 ] } }
,
{ "type": "Feature", "properties": { "連番": 689, "索引番号": "650", "山名＜山頂名＞": "赤兎山", "山名よみ＜山頂名よみ＞": "あかうさぎやま", "標高値(m)": 1628, "種別": "三角点", "都道府県": "福井県 石川県", "緯度": 36.06758, "経度": 136.66191 }, "geometry": { "type": "Point", "coordinates": [ 136.661909667, 36.067580167 ] } }
,
{ "type": "Feature", "properties": { "連番": 690, "索引番号": "651", "山名＜山頂名＞": "経ヶ岳", "山名よみ＜山頂名よみ＞": "きょうがだけ", "標高値(m)": 1625, "種別": "三角点", "都道府県": "福井県", "緯度": 36.046438, "経度": 136.621893 }, "geometry": { "type": "Point", "coordinates": [ 136.621892944, 36.046438278 ] } }
,
{ "type": "Feature", "properties": { "連番": 691, "索引番号": "652", "山名＜山頂名＞": "鷲走ヶ岳", "山名よみ＜山頂名よみ＞": "わっそがだけ", "標高値(m)": 1096, "種別": "三角点", "都道府県": "石川県", "緯度": 36.265868, "経度": 136.615529 }, "geometry": { "type": "Point", "coordinates": [ 136.615529278, 36.265867694 ] } }
,
{ "type": "Feature", "properties": { "連番": 692, "索引番号": "653", "山名＜山頂名＞": "大日山", "山名よみ＜山頂名よみ＞": "だいにちざん", "標高値(m)": 1368, "種別": "標高点", "都道府県": "石川県", "緯度": 36.162094, "経度": 136.493321 }, "geometry": { "type": "Point", "coordinates": [ 136.493320833, 36.162094166 ] } }
,
{ "type": "Feature", "properties": { "連番": 693, "索引番号": "654", "山名＜山頂名＞": "富士写ヶ岳", "山名よみ＜山頂名よみ＞": "ふじしゃがだけ", "標高値(m)": 942, "種別": "三角点", "都道府県": "石川県", "緯度": 36.188553, "経度": 136.363965 }, "geometry": { "type": "Point", "coordinates": [ 136.363965417, 36.188553194 ] } }
,
{ "type": "Feature", "properties": { "連番": 694, "索引番号": "655", "山名＜山頂名＞": "浄法寺山", "山名よみ＜山頂名よみ＞": "じょうほうじやま", "標高値(m)": 1053, "種別": "三角点", "都道府県": "福井県", "緯度": 36.124959, "経度": 136.392678 }, "geometry": { "type": "Point", "coordinates": [ 136.392678389, 36.124959111 ] } }
,
{ "type": "Feature", "properties": { "連番": 695, "索引番号": "656", "山名＜山頂名＞": "国見岳", "山名よみ＜山頂名よみ＞": "くにみだけ", "標高値(m)": 656, "種別": "三角点", "都道府県": "福井県", "緯度": 36.079266, "経度": 136.083957 }, "geometry": { "type": "Point", "coordinates": [ 136.083957167, 36.079265889 ] } }
,
{ "type": "Feature", "properties": { "連番": 696, "索引番号": "657", "山名＜山頂名＞": "日野山", "山名よみ＜山頂名よみ＞": "ひのさん", "標高値(m)": 794, "種別": "三角点", "都道府県": "福井県", "緯度": 35.859184, "経度": 136.207491 }, "geometry": { "type": "Point", "coordinates": [ 136.207490694, 35.859183611 ] } }
,
{ "type": "Feature", "properties": { "連番": 697, "索引番号": "658", "山名＜山頂名＞": "部子山", "山名よみ＜山頂名よみ＞": "へこさん", "標高値(m)": 1464, "種別": "三角点", "都道府県": "福井県", "緯度": 35.886133, "経度": 136.439201 }, "geometry": { "type": "Point", "coordinates": [ 136.439200639, 35.886133083 ] } }
,
{ "type": "Feature", "properties": { "連番": 698, "索引番号": "659", "山名＜山頂名＞": "荒島岳", "山名よみ＜山頂名よみ＞": "あらしまだけ", "標高値(m)": 1523, "種別": "三角点", "都道府県": "福井県", "緯度": 35.934289, "経度": 136.601273 }, "geometry": { "type": "Point", "coordinates": [ 136.601273139, 35.934289028 ] } }
,
{ "type": "Feature", "properties": { "連番": 699, "索引番号": "660", "山名＜山頂名＞": "平家岳", "山名よみ＜山頂名よみ＞": "へいけがだけ", "標高値(m)": 1441, "種別": "三角点", "都道府県": "福井県", "緯度": 35.809887, "経度": 136.718893 }, "geometry": { "type": "Point", "coordinates": [ 136.718893417, 35.809887250 ] } }
,
{ "type": "Feature", "properties": { "連番": 700, "索引番号": "661", "山名＜山頂名＞": "高賀山", "山名よみ＜山頂名よみ＞": "こうがさん", "標高値(m)": 1224, "種別": "三角点", "都道府県": "岐阜県", "緯度": 35.671819, "経度": 136.859303 }, "geometry": { "type": "Point", "coordinates": [ 136.859302583, 35.671818556 ] } }
,
{ "type": "Feature", "properties": { "連番": 701, "索引番号": "662", "山名＜山頂名＞": "屛風山", "山名よみ＜山頂名よみ＞": "びょうぶさん", "標高値(m)": 1354, "種別": "三角点", "都道府県": "福井県 岐阜県", "緯度": 35.796862, "経度": 136.6266 }, "geometry": { "type": "Point", "coordinates": [ 136.626599639, 35.796861778 ] } }
,
{ "type": "Feature", "properties": { "連番": 702, "索引番号": "663", "山名＜山頂名＞": "姥ヶ岳", "山名よみ＜山頂名よみ＞": "うばがたけ", "標高値(m)": 1453, "種別": "三角点", "都道府県": "福井県", "緯度": 35.809457, "経度": 136.505847 }, "geometry": { "type": "Point", "coordinates": [ 136.505847417, 35.809457389 ] } }
,
{ "type": "Feature", "properties": { "連番": 703, "索引番号": "664", "山名＜山頂名＞": "能郷白山（権現山）", "山名よみ＜山頂名よみ＞": "のうごうはくさん（ごんげんざん）", "標高値(m)": 1617, "種別": "三角点", "都道府県": "岐阜県", "緯度": 35.762394, "経度": 136.51403 }, "geometry": { "type": "Point", "coordinates": [ 136.514030361, 35.762393611 ] } }
,
{ "type": "Feature", "properties": { "連番": 704, "索引番号": "665", "山名＜山頂名＞": "冠山", "山名よみ＜山頂名よみ＞": "かんむりやま", "標高値(m)": 1256, "種別": "三角点", "都道府県": "福井県 岐阜県", "緯度": 35.779773, "経度": 136.409397 }, "geometry": { "type": "Point", "coordinates": [ 136.409397306, 35.779772611 ] } }
,
{ "type": "Feature", "properties": { "連番": 705, "索引番号": "666", "山名＜山頂名＞": "三周ヶ岳", "山名よみ＜山頂名よみ＞": "さんしゅうがだけ", "標高値(m)": 1292, "種別": "三角点", "都道府県": "岐阜県", "緯度": 35.683635, "経度": 136.300103 }, "geometry": { "type": "Point", "coordinates": [ 136.300102778, 35.683634667 ] } }
,
{ "type": "Feature", "properties": { "連番": 706, "索引番号": "667", "山名＜山頂名＞": "金糞岳", "山名よみ＜山頂名よみ＞": "かなくそだけ", "標高値(m)": 1317, "種別": "標高点", "都道府県": "岐阜県 滋賀県", "緯度": 35.55015, "経度": 136.337233 }, "geometry": { "type": "Point", "coordinates": [ 136.337233333, 35.550150278 ] } }
,
{ "type": "Feature", "properties": { "連番": 707, "索引番号": "668", "山名＜山頂名＞": "伊吹山", "山名よみ＜山頂名よみ＞": "いぶきやま", "標高値(m)": 1377, "種別": "三角点", "都道府県": "滋賀県", "緯度": 35.417836, "経度": 136.406346 }, "geometry": { "type": "Point", "coordinates": [ 136.406346028, 35.417835750 ] } }
,
{ "type": "Feature", "properties": { "連番": 708, "索引番号": "669", "山名＜山頂名＞": "霊仙山", "山名よみ＜山頂名よみ＞": "りょうぜんざん", "標高値(m)": 1094, "種別": "標高点", "都道府県": "滋賀県", "緯度": 35.27914, "経度": 136.381231 }, "geometry": { "type": "Point", "coordinates": [ 136.381230555, 35.279139722 ] } }
,
{ "type": "Feature", "properties": { "連番": 709, "索引番号": "670", "山名＜山頂名＞": "笙ヶ岳", "山名よみ＜山頂名よみ＞": "しょうがだけ", "標高値(m)": 908, "種別": "三角点", "都道府県": "岐阜県", "緯度": 35.28364, "経度": 136.511207 }, "geometry": { "type": "Point", "coordinates": [ 136.511206972, 35.283639528 ] } }
,
{ "type": "Feature", "properties": { "連番": 710, "索引番号": "671", "山名＜山頂名＞": "養老山", "山名よみ＜山頂名よみ＞": "ようろうさん", "標高値(m)": 859, "種別": "三角点", "都道府県": "岐阜県", "緯度": 35.263152, "経度": 136.523322 }, "geometry": { "type": "Point", "coordinates": [ 136.523322167, 35.263151917 ] } }
,
{ "type": "Feature", "properties": { "連番": 711, "索引番号": "672", "山名＜山頂名＞": "御池岳", "山名よみ＜山頂名よみ＞": "おいけだけ", "標高値(m)": 1247, "種別": "標高点", "都道府県": "滋賀県", "緯度": 35.178513, "経度": 136.414738 }, "geometry": { "type": "Point", "coordinates": [ 136.414738333, 35.178513056 ] } }
,
{ "type": "Feature", "properties": { "連番": 712, "索引番号": "673", "山名＜山頂名＞": "竜ヶ岳", "山名よみ＜山頂名よみ＞": "りゅうがだけ", "標高値(m)": 1099, "種別": "三角点", "都道府県": "滋賀県 三重県", "緯度": 35.119324, "経度": 136.445173 }, "geometry": { "type": "Point", "coordinates": [ 136.445172889, 35.119323944 ] } }
,
{ "type": "Feature", "properties": { "連番": 713, "索引番号": "674", "山名＜山頂名＞": "御在所山", "山名よみ＜山頂名よみ＞": "ございしょやま", "標高値(m)": 1212, "種別": "標高点", "都道府県": "滋賀県 三重県", "緯度": 35.020424, "経度": 136.418015 }, "geometry": { "type": "Point", "coordinates": [ 136.418015278, 35.020423611 ] } }
,
{ "type": "Feature", "properties": { "連番": 714, "索引番号": "675", "山名＜山頂名＞": "雨乞岳", "山名よみ＜山頂名よみ＞": "あまごいだけ", "標高値(m)": 1238, "種別": "三角点", "都道府県": "滋賀県", "緯度": 35.021075, "経度": 136.384118 }, "geometry": { "type": "Point", "coordinates": [ 136.384117556, 35.021075250 ] } }
,
{ "type": "Feature", "properties": { "連番": 715, "索引番号": "676", "山名＜山頂名＞": "高畑山", "山名よみ＜山頂名よみ＞": "たかはたやま", "標高値(m)": 773, "種別": "三角点", "都道府県": "三重県 滋賀県", "緯度": 34.889774, "経度": 136.320803 }, "geometry": { "type": "Point", "coordinates": [ 136.320802611, 34.889773944 ] } }
,
{ "type": "Feature", "properties": { "連番": 716, "索引番号": "677", "山名＜山頂名＞": "霊山", "山名よみ＜山頂名よみ＞": "れいさん", "標高値(m)": 765, "種別": "三角点", "都道府県": "三重県", "緯度": 34.817154, "経度": 136.260474 }, "geometry": { "type": "Point", "coordinates": [ 136.260474306, 34.817154333 ] } }
,
{ "type": "Feature", "properties": { "連番": 717, "索引番号": "678", "山名＜山頂名＞": "経が峰", "山名よみ＜山頂名よみ＞": "きょうがみね", "標高値(m)": 819, "種別": "三角点", "都道府県": "三重県", "緯度": 34.766521, "経度": 136.37444 }, "geometry": { "type": "Point", "coordinates": [ 136.374439972, 34.766520972 ] } }
,
{ "type": "Feature", "properties": { "連番": 718, "索引番号": "679", "山名＜山頂名＞": "笠取山", "山名よみ＜山頂名よみ＞": "かさとりやま", "標高値(m)": 842, "種別": "標高点", "都道府県": "三重県", "緯度": 34.733977, "経度": 136.296371 }, "geometry": { "type": "Point", "coordinates": [ 136.296371111, 34.733977222 ] } }
,
{ "type": "Feature", "properties": { "連番": 719, "索引番号": "680", "山名＜山頂名＞": "武奈ヶ岳", "山名よみ＜山頂名よみ＞": "ぶながだけ", "標高値(m)": 1214, "種別": "三角点", "都道府県": "滋賀県", "緯度": 35.264616, "経度": 135.896999 }, "geometry": { "type": "Point", "coordinates": [ 135.896998778, 35.264616306 ] } }
,
{ "type": "Feature", "properties": { "連番": 720, "索引番号": "681", "山名＜山頂名＞": "皆子山", "山名よみ＜山頂名よみ＞": "みなこやま", "標高値(m)": 971, "種別": "三角点", "都道府県": "京都府 滋賀県", "緯度": 35.202273, "経度": 135.835142 }, "geometry": { "type": "Point", "coordinates": [ 135.835142250, 35.202273361 ] } }
,
{ "type": "Feature", "properties": { "連番": 721, "索引番号": "682", "山名＜山頂名＞": "蓬莱山", "山名よみ＜山頂名よみ＞": "ほうらいさん", "標高値(m)": 1174, "種別": "三角点", "都道府県": "滋賀県", "緯度": 35.209539, "経度": 135.885735 }, "geometry": { "type": "Point", "coordinates": [ 135.885734556, 35.209539000 ] } }
,
{ "type": "Feature", "properties": { "連番": 722, "索引番号": "683", "山名＜山頂名＞": "比叡山＜大比叡＞", "山名よみ＜山頂名よみ＞": "ひえいざん＜だいひえい＞", "標高値(m)": 848, "種別": "三角点", "都道府県": "滋賀県 京都府", "緯度": 35.06583, "経度": 135.834449 }, "geometry": { "type": "Point", "coordinates": [ 135.834448972, 35.065830472 ] } }
,
{ "type": "Feature", "properties": { "連番": 723, "索引番号": "684", "山名＜山頂名＞": "音羽山", "山名よみ＜山頂名よみ＞": "おとわやま", "標高値(m)": 593, "種別": "三角点", "都道府県": "京都府", "緯度": 34.976851, "経度": 135.853004 }, "geometry": { "type": "Point", "coordinates": [ 135.853003944, 34.976851194 ] } }
,
{ "type": "Feature", "properties": { "連番": 724, "索引番号": "685", "山名＜山頂名＞": "三上山（近江富士）", "山名よみ＜山頂名よみ＞": "みかみやま（おうみふじ）", "標高値(m)": 432, "種別": "標高点", "都道府県": "滋賀県", "緯度": 35.050543, "経度": 136.037563 }, "geometry": { "type": "Point", "coordinates": [ 136.037562500, 35.050542500 ] } }
,
{ "type": "Feature", "properties": { "連番": 725, "索引番号": "686", "山名＜山頂名＞": "鷲峰山", "山名よみ＜山頂名よみ＞": "じゅうぶざん", "標高値(m)": 682, "種別": "標高点", "都道府県": "京都府", "緯度": 34.83049, "経度": 135.908502 }, "geometry": { "type": "Point", "coordinates": [ 135.908501666, 34.830490000 ] } }
,
{ "type": "Feature", "properties": { "連番": 726, "索引番号": "687", "山名＜山頂名＞": "笠置山", "山名よみ＜山頂名よみ＞": "かさぎやま", "標高値(m)": 324, "種別": "三角点", "都道府県": "京都府", "緯度": 34.751814, "経度": 135.950672 }, "geometry": { "type": "Point", "coordinates": [ 135.950671889, 34.751814417 ] } }
,
{ "type": "Feature", "properties": { "連番": 727, "索引番号": "688", "山名＜山頂名＞": "若草山（三笠山）", "山名よみ＜山頂名よみ＞": "わかくさやま（みかさやま）", "標高値(m)": 342, "種別": "三角点", "都道府県": "奈良県", "緯度": 34.691159, "経度": 135.854317 }, "geometry": { "type": "Point", "coordinates": [ 135.854317417, 34.691158694 ] } }
,
{ "type": "Feature", "properties": { "連番": 728, "索引番号": "689", "山名＜山頂名＞": "三輪山", "山名よみ＜山頂名よみ＞": "みわやま", "標高値(m)": 467, "種別": "三角点", "都道府県": "奈良県", "緯度": 34.535033, "経度": 135.866812 }, "geometry": { "type": "Point", "coordinates": [ 135.866811889, 34.535033111 ] } }
,
{ "type": "Feature", "properties": { "連番": 729, "索引番号": "690", "山名＜山頂名＞": "耳成山", "山名よみ＜山頂名よみ＞": "みみなしやま", "標高値(m)": 139, "種別": "三角点", "都道府県": "奈良県", "緯度": 34.514731, "経度": 135.80536 }, "geometry": { "type": "Point", "coordinates": [ 135.805360194, 34.514731278 ] } }
,
{ "type": "Feature", "properties": { "連番": 730, "索引番号": "691", "山名＜山頂名＞": "天香久山", "山名よみ＜山頂名よみ＞": "あまのかぐやま", "標高値(m)": 152, "種別": "標高点", "都道府県": "奈良県", "緯度": 34.495631, "経度": 135.818319 }, "geometry": { "type": "Point", "coordinates": [ 135.818319445, 34.495631111 ] } }
,
{ "type": "Feature", "properties": { "連番": 731, "索引番号": "692", "山名＜山頂名＞": "畝傍山", "山名よみ＜山頂名よみ＞": "うねびやま", "標高値(m)": 198, "種別": "三角点", "都道府県": "奈良県", "緯度": 34.492586, "経度": 135.784711 }, "geometry": { "type": "Point", "coordinates": [ 135.784711083, 34.492586139 ] } }
,
{ "type": "Feature", "properties": { "連番": 732, "索引番号": "693", "山名＜山頂名＞": "生駒山", "山名よみ＜山頂名よみ＞": "いこまやま", "標高値(m)": 642, "種別": "三角点", "都道府県": "大阪府 奈良県", "緯度": 34.678459, "経度": 135.678994 }, "geometry": { "type": "Point", "coordinates": [ 135.678994333, 34.678459250 ] } }
,
{ "type": "Feature", "properties": { "連番": 733, "索引番号": "694", "山名＜山頂名＞": "信貴山", "山名よみ＜山頂名よみ＞": "しぎさん", "標高値(m)": 437, "種別": "標高点", "都道府県": "奈良県", "緯度": 34.612698, "経度": 135.668339 }, "geometry": { "type": "Point", "coordinates": [ 135.668338612, 34.612698055 ] } }
,
{ "type": "Feature", "properties": { "連番": 734, "索引番号": "695", "山名＜山頂名＞": "二上山＜雄岳＞", "山名よみ＜山頂名よみ＞": "にじょうざん＜おだけ＞", "標高値(m)": 517, "種別": "標高点", "都道府県": "奈良県", "緯度": 34.525625, "経度": 135.677668 }, "geometry": { "type": "Point", "coordinates": [ 135.677667500, 34.525624723 ] } }
,
{ "type": "Feature", "properties": { "連番": 735, "索引番号": "696", "山名＜山頂名＞": "葛城山", "山名よみ＜山頂名よみ＞": "かつらぎさん", "標高値(m)": 958, "種別": "三角点", "都道府県": "奈良県 大阪府", "緯度": 34.456157, "経度": 135.682317 }, "geometry": { "type": "Point", "coordinates": [ 135.682316833, 34.456157028 ] } }
,
{ "type": "Feature", "properties": { "連番": 736, "索引番号": "697", "山名＜山頂名＞": "金剛山", "山名よみ＜山頂名よみ＞": "こんごうざん", "標高値(m)": 1125, "種別": "標高点", "都道府県": "奈良県", "緯度": 34.419446, "経度": 135.672945 }, "geometry": { "type": "Point", "coordinates": [ 135.672945278, 34.419446111 ] } }
,
{ "type": "Feature", "properties": { "連番": 737, "索引番号": "698", "山名＜山頂名＞": "岩湧山", "山名よみ＜山頂名よみ＞": "いわわきさん", "標高値(m)": 897, "種別": "三角点", "都道府県": "大阪府", "緯度": 34.374078, "経度": 135.551011 }, "geometry": { "type": "Point", "coordinates": [ 135.551010583, 34.374077944 ] } }
,
{ "type": "Feature", "properties": { "連番": 738, "索引番号": "699", "山名＜山頂名＞": "葛城山", "山名よみ＜山頂名よみ＞": "かつらぎさん", "標高値(m)": 858, "種別": "標高点", "都道府県": "大阪府 和歌山県", "緯度": 34.348009, "経度": 135.434375 }, "geometry": { "type": "Point", "coordinates": [ 135.434375000, 34.348009445 ] } }
,
{ "type": "Feature", "properties": { "連番": 739, "索引番号": "700", "山名＜山頂名＞": "俎石山", "山名よみ＜山頂名よみ＞": "そせきざん", "標高値(m)": 420, "種別": "三角点", "都道府県": "和歌山県 大阪府", "緯度": 34.308398, "経度": 135.207857 }, "geometry": { "type": "Point", "coordinates": [ 135.207857389, 34.308398139 ] } }
,
{ "type": "Feature", "properties": { "連番": 740, "索引番号": "701", "山名＜山頂名＞": "堀坂山", "山名よみ＜山頂名よみ＞": "ほっさかさん", "標高値(m)": 757, "種別": "三角点", "都道府県": "三重県", "緯度": 34.546535, "経度": 136.432892 }, "geometry": { "type": "Point", "coordinates": [ 136.432891583, 34.546534583 ] } }
,
{ "type": "Feature", "properties": { "連番": 741, "索引番号": "702", "山名＜山頂名＞": "尼ケ岳", "山名よみ＜山頂名よみ＞": "あまがだけ", "標高値(m)": 957, "種別": "三角点", "都道府県": "三重県", "緯度": 34.557587, "経度": 136.219675 }, "geometry": { "type": "Point", "coordinates": [ 136.219675083, 34.557586972 ] } }
,
{ "type": "Feature", "properties": { "連番": 742, "索引番号": "703", "山名＜山頂名＞": "倶留尊山", "山名よみ＜山頂名よみ＞": "くろそやま", "標高値(m)": 1037, "種別": "三角点", "都道府県": "三重県 奈良県", "緯度": 34.530913, "経度": 136.17031 }, "geometry": { "type": "Point", "coordinates": [ 136.170310333, 34.530913306 ] } }
,
{ "type": "Feature", "properties": { "連番": 743, "索引番号": "704", "山名＜山頂名＞": "局ヶ岳", "山名よみ＜山頂名よみ＞": "つぼねがだけ", "標高値(m)": 1029, "種別": "三角点", "都道府県": "三重県", "緯度": 34.460466, "経度": 136.327036 }, "geometry": { "type": "Point", "coordinates": [ 136.327035944, 34.460465639 ] } }
,
{ "type": "Feature", "properties": { "連番": 744, "索引番号": "705", "山名＜山頂名＞": "三峰山", "山名よみ＜山頂名よみ＞": "みうねやま", "標高値(m)": 1235, "種別": "三角点", "都道府県": "三重県 奈良県", "緯度": 34.448712, "経度": 136.206263 }, "geometry": { "type": "Point", "coordinates": [ 136.206262944, 34.448712000 ] } }
,
{ "type": "Feature", "properties": { "連番": 745, "索引番号": "706", "山名＜山頂名＞": "高見山", "山名よみ＜山頂名よみ＞": "たかみやま", "標高値(m)": 1248, "種別": "三角点", "都道府県": "三重県 奈良県", "緯度": 34.428659, "経度": 136.088468 }, "geometry": { "type": "Point", "coordinates": [ 136.088468472, 34.428659056 ] } }
,
{ "type": "Feature", "properties": { "連番": 746, "索引番号": "707", "山名＜山頂名＞": "竜門岳", "山名よみ＜山頂名よみ＞": "りゅうもんだけ", "標高値(m)": 904, "種別": "三角点", "都道府県": "奈良県", "緯度": 34.440632, "経度": 135.897684 }, "geometry": { "type": "Point", "coordinates": [ 135.897684139, 34.440631944 ] } }
,
{ "type": "Feature", "properties": { "連番": 747, "索引番号": "708", "山名＜山頂名＞": "朝熊ヶ岳", "山名よみ＜山頂名よみ＞": "あさまがたけ", "標高値(m)": 555, "種別": "標高点", "都道府県": "三重県", "緯度": 34.461151, "経度": 136.781584 }, "geometry": { "type": "Point", "coordinates": [ 136.781584167, 34.461151389 ] } }
,
{ "type": "Feature", "properties": { "連番": 748, "索引番号": "709", "山名＜山頂名＞": "七洞岳", "山名よみ＜山頂名よみ＞": "ななほらがたけ", "標高値(m)": 778, "種別": "三角点", "都道府県": "三重県", "緯度": 34.373058, "経度": 136.515752 }, "geometry": { "type": "Point", "coordinates": [ 136.515752250, 34.373057694 ] } }
,
{ "type": "Feature", "properties": { "連番": 749, "索引番号": "710", "山名＜山頂名＞": "迷岳", "山名よみ＜山頂名よみ＞": "まよいだけ", "標高値(m)": 1309, "種別": "三角点", "都道府県": "三重県", "緯度": 34.35013, "経度": 136.207531 }, "geometry": { "type": "Point", "coordinates": [ 136.207530806, 34.350129750 ] } }
,
{ "type": "Feature", "properties": { "連番": 750, "索引番号": "711", "山名＜山頂名＞": "国見山", "山名よみ＜山頂名よみ＞": "くにみやま", "標高値(m)": 1419, "種別": "三角点", "都道府県": "三重県 奈良県", "緯度": 34.375773, "経度": 136.086639 }, "geometry": { "type": "Point", "coordinates": [ 136.086639444, 34.375773417 ] } }
,
{ "type": "Feature", "properties": { "連番": 751, "索引番号": "712", "山名＜山頂名＞": "池木屋山", "山名よみ＜山頂名よみ＞": "いけごややま", "標高値(m)": 1396, "種別": "三角点", "都道府県": "三重県 奈良県", "緯度": 34.316079, "経度": 136.12945 }, "geometry": { "type": "Point", "coordinates": [ 136.129449944, 34.316078556 ] } }
,
{ "type": "Feature", "properties": { "連番": 752, "索引番号": "713", "山名＜山頂名＞": "白鬚岳", "山名よみ＜山頂名よみ＞": "しらひげだけ", "標高値(m)": 1378, "種別": "三角点", "都道府県": "奈良県", "緯度": 34.292932, "経度": 136.046943 }, "geometry": { "type": "Point", "coordinates": [ 136.046943472, 34.292931944 ] } }
,
{ "type": "Feature", "properties": { "連番": 753, "索引番号": "714", "山名＜山頂名＞": "大台ヶ原山＜日出ヶ岳＞", "山名よみ＜山頂名よみ＞": "おおだいがはらざん＜ひでがたけ＞", "標高値(m)": 1695, "種別": "三角点", "都道府県": "奈良県 三重県", "緯度": 34.185227, "経度": 136.109199 }, "geometry": { "type": "Point", "coordinates": [ 136.109199417, 34.185227333 ] } }
,
{ "type": "Feature", "properties": { "連番": 754, "索引番号": "715", "山名＜山頂名＞": "山上ヶ岳", "山名よみ＜山頂名よみ＞": "さんじょうがたけ", "標高値(m)": 1719, "種別": "三角点", "都道府県": "奈良県", "緯度": 34.25239, "経度": 135.941058 }, "geometry": { "type": "Point", "coordinates": [ 135.941057861, 34.252390444 ] } }
,
{ "type": "Feature", "properties": { "連番": 755, "索引番号": "716", "山名＜山頂名＞": "大普賢岳", "山名よみ＜山頂名よみ＞": "だいふげんだけ", "標高値(m)": 1780, "種別": "三角点", "都道府県": "奈良県", "緯度": 34.227853, "経度": 135.9628 }, "geometry": { "type": "Point", "coordinates": [ 135.962799694, 34.227852778 ] } }
,
{ "type": "Feature", "properties": { "連番": 756, "索引番号": "717", "山名＜山頂名＞": "弥山", "山名よみ＜山頂名よみ＞": "みせん", "標高値(m)": 1895, "種別": "標高点", "都道府県": "奈良県", "緯度": 34.180121, "経度": 135.909335 }, "geometry": { "type": "Point", "coordinates": [ 135.909335000, 34.180121389 ] } }
,
{ "type": "Feature", "properties": { "連番": 757, "索引番号": "718", "山名＜山頂名＞": "八経ヶ岳", "山名よみ＜山頂名よみ＞": "はっきょうがだけ", "標高値(m)": 1915, "種別": "三角点", "都道府県": "奈良県", "緯度": 34.173586, "経度": 135.90755 }, "geometry": { "type": "Point", "coordinates": [ 135.907549917, 34.173585722 ] } }
,
{ "type": "Feature", "properties": { "連番": 758, "索引番号": "719", "山名＜山頂名＞": "仏生嶽", "山名よみ＜山頂名よみ＞": "ぶっしょうがだけ", "標高値(m)": 1805, "種別": "三角点", "都道府県": "奈良県", "緯度": 34.134501, "経度": 135.91314 }, "geometry": { "type": "Point", "coordinates": [ 135.913140028, 34.134501028 ] } }
,
{ "type": "Feature", "properties": { "連番": 759, "索引番号": "720", "山名＜山頂名＞": "釈迦ヶ岳", "山名よみ＜山頂名よみ＞": "しゃかがだけ", "標高値(m)": 1800, "種別": "三角点", "都道府県": "奈良県", "緯度": 34.114308, "経度": 135.903126 }, "geometry": { "type": "Point", "coordinates": [ 135.903125639, 34.114308444 ] } }
,
{ "type": "Feature", "properties": { "連番": 760, "索引番号": "721", "山名＜山頂名＞": "涅槃岳", "山名よみ＜山頂名よみ＞": "ねはんだけ", "標高値(m)": 1376, "種別": "三角点", "都道府県": "奈良県", "緯度": 34.058235, "経度": 135.896903 }, "geometry": { "type": "Point", "coordinates": [ 135.896903194, 34.058235444 ] } }
,
{ "type": "Feature", "properties": { "連番": 761, "索引番号": "722", "山名＜山頂名＞": "笠捨山", "山名よみ＜山頂名よみ＞": "かさすてやま", "標高値(m)": 1353, "種別": "三角点", "都道府県": "奈良県", "緯度": 33.982804, "経度": 135.898319 }, "geometry": { "type": "Point", "coordinates": [ 135.898319417, 33.982803667 ] } }
,
{ "type": "Feature", "properties": { "連番": 762, "索引番号": "723", "山名＜山頂名＞": "玉置山", "山名よみ＜山頂名よみ＞": "たまきやま", "標高値(m)": 1077, "種別": "三角点", "都道府県": "奈良県", "緯度": 33.926584, "経度": 135.831617 }, "geometry": { "type": "Point", "coordinates": [ 135.831617139, 33.926584278 ] } }
,
{ "type": "Feature", "properties": { "連番": 763, "索引番号": "724", "山名＜山頂名＞": "高峰山", "山名よみ＜山頂名よみ＞": "たかみねさん", "標高値(m)": 1045, "種別": "三角点", "都道府県": "三重県", "緯度": 34.032003, "経度": 136.147211 }, "geometry": { "type": "Point", "coordinates": [ 136.147211417, 34.032003111 ] } }
,
{ "type": "Feature", "properties": { "連番": 764, "索引番号": "725", "山名＜山頂名＞": "子ノ泊山", "山名よみ＜山頂名よみ＞": "ねのとまりやま", "標高値(m)": 907, "種別": "三角点", "都道府県": "三重県", "緯度": 33.794579, "経度": 135.93046 }, "geometry": { "type": "Point", "coordinates": [ 135.930460444, 33.794578667 ] } }
,
{ "type": "Feature", "properties": { "連番": 765, "索引番号": "726", "山名＜山頂名＞": "龍門山", "山名よみ＜山頂名よみ＞": "りゅうもんざん", "標高値(m)": 756, "種別": "三角点", "都道府県": "和歌山県", "緯度": 34.238007, "経度": 135.411366 }, "geometry": { "type": "Point", "coordinates": [ 135.411365500, 34.238006806 ] } }
,
{ "type": "Feature", "properties": { "連番": 766, "索引番号": "727", "山名＜山頂名＞": "生石ヶ峰", "山名よみ＜山頂名よみ＞": "おいしがみね", "標高値(m)": 870, "種別": "三角点", "都道府県": "和歌山県", "緯度": 34.105074, "経度": 135.334158 }, "geometry": { "type": "Point", "coordinates": [ 135.334157917, 34.105073889 ] } }
,
{ "type": "Feature", "properties": { "連番": 767, "索引番号": "728", "山名＜山頂名＞": "白馬山", "山名よみ＜山頂名よみ＞": "しらまやま", "標高値(m)": 957, "種別": "三角点", "都道府県": "和歌山県", "緯度": 34.015793, "経度": 135.372249 }, "geometry": { "type": "Point", "coordinates": [ 135.372248500, 34.015792861 ] } }
,
{ "type": "Feature", "properties": { "連番": 768, "索引番号": "729", "山名＜山頂名＞": "伯母子岳", "山名よみ＜山頂名よみ＞": "おばこだけ", "標高値(m)": 1344, "種別": "標高点", "都道府県": "奈良県", "緯度": 34.077416, "経度": 135.650735 }, "geometry": { "type": "Point", "coordinates": [ 135.650735278, 34.077416389 ] } }
,
{ "type": "Feature", "properties": { "連番": 769, "索引番号": "730", "山名＜山頂名＞": "護摩壇山", "山名よみ＜山頂名よみ＞": "ごまだんざん", "標高値(m)": 1372, "種別": "標高点", "都道府県": "奈良県 和歌山県", "緯度": 34.057402, "経度": 135.567128 }, "geometry": { "type": "Point", "coordinates": [ 135.567127500, 34.057401944 ] } }
,
{ "type": "Feature", "properties": { "連番": 770, "索引番号": "731", "山名＜山頂名＞": "牛廻山", "山名よみ＜山頂名よみ＞": "うしまわしやま", "標高値(m)": 1207, "種別": "三角点", "都道府県": "奈良県 和歌山県", "緯度": 33.948995, "経度": 135.631278 }, "geometry": { "type": "Point", "coordinates": [ 135.631277944, 33.948995194 ] } }
,
{ "type": "Feature", "properties": { "連番": 771, "索引番号": "732", "山名＜山頂名＞": "冷水山", "山名よみ＜山頂名よみ＞": "ひやみずやま", "標高値(m)": 1262, "種別": "三角点", "都道府県": "奈良県", "緯度": 33.899102, "経度": 135.652818 }, "geometry": { "type": "Point", "coordinates": [ 135.652818278, 33.899101611 ] } }
,
{ "type": "Feature", "properties": { "連番": 772, "索引番号": "733", "山名＜山頂名＞": "大塔山", "山名よみ＜山頂名よみ＞": "おおとうざん", "標高値(m)": 1122, "種別": "三角点", "都道府県": "和歌山県", "緯度": 33.726858, "経度": 135.713839 }, "geometry": { "type": "Point", "coordinates": [ 135.713839028, 33.726858361 ] } }
,
{ "type": "Feature", "properties": { "連番": 773, "索引番号": "734", "山名＜山頂名＞": "法師山", "山名よみ＜山頂名よみ＞": "ほうしやま", "標高値(m)": 1120, "種別": "三角点", "都道府県": "和歌山県", "緯度": 33.725942, "経度": 135.665343 }, "geometry": { "type": "Point", "coordinates": [ 135.665342694, 33.725941833 ] } }
,
{ "type": "Feature", "properties": { "連番": 774, "索引番号": "735", "山名＜山頂名＞": "那智山＜烏帽子山＞", "山名よみ＜山頂名よみ＞": "なちさん＜えぼしやま＞", "標高値(m)": 909, "種別": "三角点", "都道府県": "和歌山県", "緯度": 33.696115, "経度": 135.900842 }, "geometry": { "type": "Point", "coordinates": [ 135.900842472, 33.696114778 ] } }
,
{ "type": "Feature", "properties": { "連番": 775, "索引番号": "736", "山名＜山頂名＞": "善司ノ森山", "山名よみ＜山頂名よみ＞": "ぜんじのもりやま", "標高値(m)": 591, "種別": "三角点", "都道府県": "和歌山県", "緯度": 33.593693, "経度": 135.546946 }, "geometry": { "type": "Point", "coordinates": [ 135.546945583, 33.593692500 ] } }
,
{ "type": "Feature", "properties": { "連番": 776, "索引番号": "737", "山名＜山頂名＞": "野坂岳", "山名よみ＜山頂名よみ＞": "のさかだけ", "標高値(m)": 913, "種別": "三角点", "都道府県": "福井県", "緯度": 35.589639, "経度": 136.024585 }, "geometry": { "type": "Point", "coordinates": [ 136.024584639, 35.589638500 ] } }
,
{ "type": "Feature", "properties": { "連番": 777, "索引番号": "738", "山名＜山頂名＞": "雲谷山", "山名よみ＜山頂名よみ＞": "くもだにやま", "標高値(m)": 786, "種別": "三角点", "都道府県": "福井県", "緯度": 35.557672, "経度": 135.945117 }, "geometry": { "type": "Point", "coordinates": [ 135.945117167, 35.557672139 ] } }
,
{ "type": "Feature", "properties": { "連番": 778, "索引番号": "739", "山名＜山頂名＞": "久須夜ヶ岳", "山名よみ＜山頂名よみ＞": "くすやがだけ", "標高値(m)": 618, "種別": "三角点", "都道府県": "福井県", "緯度": 35.557446, "経度": 135.733748 }, "geometry": { "type": "Point", "coordinates": [ 135.733748139, 35.557446167 ] } }
,
{ "type": "Feature", "properties": { "連番": 779, "索引番号": "740", "山名＜山頂名＞": "百里ヶ岳", "山名よみ＜山頂名よみ＞": "ひゃくりがだけ", "標高値(m)": 931, "種別": "三角点", "都道府県": "福井県 滋賀県", "緯度": 35.391788, "経度": 135.810096 }, "geometry": { "type": "Point", "coordinates": [ 135.810096472, 35.391788083 ] } }
,
{ "type": "Feature", "properties": { "連番": 780, "索引番号": "741", "山名＜山頂名＞": "飯盛山", "山名よみ＜山頂名よみ＞": "はんせいざん", "標高値(m)": 584, "種別": "三角点", "都道府県": "福井県", "緯度": 35.451902, "経度": 135.660108 }, "geometry": { "type": "Point", "coordinates": [ 135.660107806, 35.451902250 ] } }
,
{ "type": "Feature", "properties": { "連番": 781, "索引番号": "742", "山名＜山頂名＞": "青葉山", "山名よみ＜山頂名よみ＞": "あおばやま", "標高値(m)": 693, "種別": "標高点", "都道府県": "福井県", "緯度": 35.50525, "経度": 135.483784 }, "geometry": { "type": "Point", "coordinates": [ 135.483783611, 35.505250000 ] } }
,
{ "type": "Feature", "properties": { "連番": 782, "索引番号": "743", "山名＜山頂名＞": "頭巾山", "山名よみ＜山頂名よみ＞": "とうきんざん", "標高値(m)": 871, "種別": "三角点", "都道府県": "福井県 京都府", "緯度": 35.377385, "経度": 135.53445 }, "geometry": { "type": "Point", "coordinates": [ 135.534449722, 35.377384889 ] } }
,
{ "type": "Feature", "properties": { "連番": 783, "索引番号": "744", "山名＜山頂名＞": "長老ヶ岳", "山名よみ＜山頂名よみ＞": "ちょうろうがだけ", "標高値(m)": 917, "種別": "三角点", "都道府県": "京都府", "緯度": 35.303243, "経度": 135.473986 }, "geometry": { "type": "Point", "coordinates": [ 135.473986389, 35.303243167 ] } }
,
{ "type": "Feature", "properties": { "連番": 784, "索引番号": "745", "山名＜山頂名＞": "桟敷ヶ岳", "山名よみ＜山頂名よみ＞": "さじきがだけ", "標高値(m)": 896, "種別": "三角点", "都道府県": "京都府", "緯度": 35.159212, "経度": 135.717236 }, "geometry": { "type": "Point", "coordinates": [ 135.717236444, 35.159211583 ] } }
,
{ "type": "Feature", "properties": { "連番": 785, "索引番号": "746", "山名＜山頂名＞": "愛宕山", "山名よみ＜山頂名よみ＞": "あたごやま", "標高値(m)": 924, "種別": "標高点", "都道府県": "京都府", "緯度": 35.060005, "経度": 135.634252 }, "geometry": { "type": "Point", "coordinates": [ 135.634252308, 35.060005336 ] } }
,
{ "type": "Feature", "properties": { "連番": 786, "索引番号": "747", "山名＜山頂名＞": "ポンポン山", "山名よみ＜山頂名よみ＞": "ぽんぽんやま", "標高値(m)": 679, "種別": "三角点", "都道府県": "京都府 大阪府", "緯度": 34.935163, "経度": 135.623809 }, "geometry": { "type": "Point", "coordinates": [ 135.623808500, 34.935162917 ] } }
,
{ "type": "Feature", "properties": { "連番": 787, "索引番号": "748", "山名＜山頂名＞": "妙見山", "山名よみ＜山頂名よみ＞": "みょうけんさん", "標高値(m)": 660, "種別": "三角点", "都道府県": "大阪府 兵庫県", "緯度": 34.928916, "経度": 135.467347 }, "geometry": { "type": "Point", "coordinates": [ 135.467347306, 34.928915583 ] } }
,
{ "type": "Feature", "properties": { "連番": 788, "索引番号": "749", "山名＜山頂名＞": "歌垣山", "山名よみ＜山頂名よみ＞": "うたがきやま", "標高値(m)": 553, "種別": "三角点", "都道府県": "大阪府", "緯度": 34.974033, "経度": 135.476756 }, "geometry": { "type": "Point", "coordinates": [ 135.476756222, 34.974032722 ] } }
,
{ "type": "Feature", "properties": { "連番": 789, "索引番号": "750", "山名＜山頂名＞": "剣尾山", "山名よみ＜山頂名よみ＞": "けんびざん", "標高値(m)": 784, "種別": "標高点", "都道府県": "大阪府", "緯度": 35.00336, "経度": 135.403888 }, "geometry": { "type": "Point", "coordinates": [ 135.403888333, 35.003360000 ] } }
,
{ "type": "Feature", "properties": { "連番": 790, "索引番号": "751", "山名＜山頂名＞": "三嶽", "山名よみ＜山頂名よみ＞": "みたけ", "標高値(m)": 793, "種別": "三角点", "都道府県": "兵庫県", "緯度": 35.127264, "経度": 135.2449 }, "geometry": { "type": "Point", "coordinates": [ 135.244900417, 35.127263861 ] } }
,
{ "type": "Feature", "properties": { "連番": 791, "索引番号": "752", "山名＜山頂名＞": "白髪岳", "山名よみ＜山頂名よみ＞": "しらがたけ", "標高値(m)": 721, "種別": "三角点", "都道府県": "兵庫県", "緯度": 35.046008, "経度": 135.134825 }, "geometry": { "type": "Point", "coordinates": [ 135.134824750, 35.046007694 ] } }
,
{ "type": "Feature", "properties": { "連番": 792, "索引番号": "753", "山名＜山頂名＞": "太鼓山", "山名よみ＜山頂名よみ＞": "たいこやま", "標高値(m)": 683, "種別": "三角点", "都道府県": "京都府", "緯度": 35.695268, "経度": 135.204236 }, "geometry": { "type": "Point", "coordinates": [ 135.204236472, 35.695267750 ] } }
,
{ "type": "Feature", "properties": { "連番": 793, "索引番号": "754", "山名＜山頂名＞": "磯砂山", "山名よみ＜山頂名よみ＞": "いさなごさん", "標高値(m)": 661, "種別": "三角点", "都道府県": "京都府", "緯度": 35.548529, "経度": 135.038108 }, "geometry": { "type": "Point", "coordinates": [ 135.038108222, 35.548528750 ] } }
,
{ "type": "Feature", "properties": { "連番": 794, "索引番号": "755", "山名＜山頂名＞": "大江山（千丈ヶ嶽）", "山名よみ＜山頂名よみ＞": "おおえやま（せんじょうがたけ）", "標高値(m)": 832, "種別": "三角点", "都道府県": "京都府", "緯度": 35.453453, "経度": 135.106653 }, "geometry": { "type": "Point", "coordinates": [ 135.106653222, 35.453453278 ] } }
,
{ "type": "Feature", "properties": { "連番": 795, "索引番号": "756", "山名＜山頂名＞": "東床尾山", "山名よみ＜山頂名よみ＞": "ひがしとこのおさん", "標高値(m)": 839, "種別": "三角点", "都道府県": "兵庫県", "緯度": 35.421887, "経度": 134.915863 }, "geometry": { "type": "Point", "coordinates": [ 134.915862556, 35.421886639 ] } }
,
{ "type": "Feature", "properties": { "連番": 796, "索引番号": "757", "山名＜山頂名＞": "来日岳", "山名よみ＜山頂名よみ＞": "くるひだけ", "標高値(m)": 566, "種別": "三角点", "都道府県": "兵庫県", "緯度": 35.61195, "経度": 134.785454 }, "geometry": { "type": "Point", "coordinates": [ 134.785454472, 35.611950000 ] } }
,
{ "type": "Feature", "properties": { "連番": 797, "索引番号": "758", "山名＜山頂名＞": "六甲山", "山名よみ＜山頂名よみ＞": "ろっこうさん", "標高値(m)": 931, "種別": "三角点", "都道府県": "兵庫県", "緯度": 34.778004, "経度": 135.263741 }, "geometry": { "type": "Point", "coordinates": [ 135.263740806, 34.778004167 ] } }
,
{ "type": "Feature", "properties": { "連番": 798, "索引番号": "759", "山名＜山頂名＞": "摩耶山", "山名よみ＜山頂名よみ＞": "まやさん", "標高値(m)": 702, "種別": "標高点", "都道府県": "兵庫県", "緯度": 34.732933, "経度": 135.204328 }, "geometry": { "type": "Point", "coordinates": [ 135.204328055, 34.732933333 ] } }
,
{ "type": "Feature", "properties": { "連番": 799, "索引番号": "760", "山名＜山頂名＞": "妙見山", "山名よみ＜山頂名よみ＞": "みょうけんやま", "標高値(m)": 522, "種別": "標高点", "都道府県": "兵庫県", "緯度": 34.497243, "経度": 134.943495 }, "geometry": { "type": "Point", "coordinates": [ 134.943495000, 34.497243334 ] } }
,
{ "type": "Feature", "properties": { "連番": 800, "索引番号": "761", "山名＜山頂名＞": "諭鶴羽山", "山名よみ＜山頂名よみ＞": "ゆづるはさん", "標高値(m)": 608, "種別": "三角点", "都道府県": "兵庫県", "緯度": 34.234865, "経度": 134.814188 }, "geometry": { "type": "Point", "coordinates": [ 134.814188444, 34.234864556 ] } }
,
{ "type": "Feature", "properties": { "連番": 801, "索引番号": "762", "山名＜山頂名＞": "粟鹿山", "山名よみ＜山頂名よみ＞": "あわがやま", "標高値(m)": 962, "種別": "三角点", "都道府県": "兵庫県", "緯度": 35.272785, "経度": 134.915427 }, "geometry": { "type": "Point", "coordinates": [ 134.915427083, 35.272784556 ] } }
,
{ "type": "Feature", "properties": { "連番": 802, "索引番号": "763", "山名＜山頂名＞": "千ヶ峰", "山名よみ＜山頂名よみ＞": "せんがみね", "標高値(m)": 1005, "種別": "三角点", "都道府県": "兵庫県", "緯度": 35.144714, "経度": 134.883927 }, "geometry": { "type": "Point", "coordinates": [ 134.883926833, 35.144714361 ] } }
,
{ "type": "Feature", "properties": { "連番": 803, "索引番号": "764", "山名＜山頂名＞": "笠形山", "山名よみ＜山頂名よみ＞": "かさがたやま", "標高値(m)": 939, "種別": "三角点", "都道府県": "兵庫県", "緯度": 35.064159, "経度": 134.834717 }, "geometry": { "type": "Point", "coordinates": [ 134.834717444, 35.064159306 ] } }
,
{ "type": "Feature", "properties": { "連番": 804, "索引番号": "765", "山名＜山頂名＞": "久斗山", "山名よみ＜山頂名よみ＞": "くとやま", "標高値(m)": 650, "種別": "標高点", "都道府県": "兵庫県", "緯度": 35.621151, "経度": 134.562701 }, "geometry": { "type": "Point", "coordinates": [ 134.562701389, 35.621151389 ] } }
,
{ "type": "Feature", "properties": { "連番": 805, "索引番号": "766", "山名＜山頂名＞": "蘇武岳", "山名よみ＜山頂名よみ＞": "そぶがたけ", "標高値(m)": 1074, "種別": "三角点", "都道府県": "兵庫県", "緯度": 35.470792, "経度": 134.637965 }, "geometry": { "type": "Point", "coordinates": [ 134.637964917, 35.470791861 ] } }
,
{ "type": "Feature", "properties": { "連番": 806, "索引番号": "767", "山名＜山頂名＞": "妙見山", "山名よみ＜山頂名よみ＞": "みょうけんさん", "標高値(m)": 1139, "種別": "標高点", "都道府県": "兵庫県", "緯度": 35.41058, "経度": 134.64385 }, "geometry": { "type": "Point", "coordinates": [ 134.643850277, 35.410579722 ] } }
,
{ "type": "Feature", "properties": { "連番": 807, "索引番号": "768", "山名＜山頂名＞": "藤無山", "山名よみ＜山頂名よみ＞": "ふじなしやま", "標高値(m)": 1139, "種別": "三角点", "都道府県": "兵庫県", "緯度": 35.266677, "経度": 134.600501 }, "geometry": { "type": "Point", "coordinates": [ 134.600500528, 35.266677139 ] } }
,
{ "type": "Feature", "properties": { "連番": 808, "索引番号": "769", "山名＜山頂名＞": "段ヶ峰", "山名よみ＜山頂名よみ＞": "だんがみね", "標高値(m)": 1103, "種別": "三角点", "都道府県": "兵庫県", "緯度": 35.191576, "経度": 134.727417 }, "geometry": { "type": "Point", "coordinates": [ 134.727416639, 35.191576139 ] } }
,
{ "type": "Feature", "properties": { "連番": 809, "索引番号": "770", "山名＜山頂名＞": "雪彦山", "山名よみ＜山頂名よみ＞": "せっぴこさん", "標高値(m)": 915, "種別": "三角点", "都道府県": "兵庫県", "緯度": 35.072813, "経度": 134.651212 }, "geometry": { "type": "Point", "coordinates": [ 134.651212361, 35.072813472 ] } }
,
{ "type": "Feature", "properties": { "連番": 810, "索引番号": "771", "山名＜山頂名＞": "扇ノ山", "山名よみ＜山頂名よみ＞": "おうぎのせん", "標高値(m)": 1310, "種別": "三角点", "都道府県": "鳥取県", "緯度": 35.439806, "経度": 134.440891 }, "geometry": { "type": "Point", "coordinates": [ 134.440890694, 35.439805972 ] } }
,
{ "type": "Feature", "properties": { "連番": 811, "索引番号": "772", "山名＜山頂名＞": "鉢伏山", "山名よみ＜山頂名よみ＞": "はちぶせやま", "標高値(m)": 1222, "種別": "標高点", "都道府県": "兵庫県", "緯度": 35.395384, "経度": 134.53637 }, "geometry": { "type": "Point", "coordinates": [ 134.536370278, 35.395384444 ] } }
,
{ "type": "Feature", "properties": { "連番": 812, "索引番号": "773", "山名＜山頂名＞": "氷ノ山（須賀ノ山）", "山名よみ＜山頂名よみ＞": "ひょうのせん（すがのせん）", "標高値(m)": 1510, "種別": "三角点", "都道府県": "兵庫県 鳥取県", "緯度": 35.353959, "経度": 134.513842 }, "geometry": { "type": "Point", "coordinates": [ 134.513841611, 35.353959139 ] } }
,
{ "type": "Feature", "properties": { "連番": 813, "索引番号": "774", "山名＜山頂名＞": "三室山", "山名よみ＜山頂名よみ＞": "みむろやま", "標高値(m)": 1358, "種別": "三角点", "都道府県": "兵庫県 鳥取県", "緯度": 35.236695, "経度": 134.462814 }, "geometry": { "type": "Point", "coordinates": [ 134.462813639, 35.236694500 ] } }
,
{ "type": "Feature", "properties": { "連番": 814, "索引番号": "775", "山名＜山頂名＞": "東山", "山名よみ＜山頂名よみ＞": "とうせん", "標高値(m)": 1388, "種別": "三角点", "都道府県": "鳥取県", "緯度": 35.292274, "経度": 134.383007 }, "geometry": { "type": "Point", "coordinates": [ 134.383007139, 35.292274167 ] } }
,
{ "type": "Feature", "properties": { "連番": 815, "索引番号": "776", "山名＜山頂名＞": "沖ノ山", "山名よみ＜山頂名よみ＞": "おきのやま", "標高値(m)": 1318, "種別": "三角点", "都道府県": "鳥取県", "緯度": 35.248033, "経度": 134.356769 }, "geometry": { "type": "Point", "coordinates": [ 134.356768972, 35.248032694 ] } }
,
{ "type": "Feature", "properties": { "連番": 816, "索引番号": "777", "山名＜山頂名＞": "後山", "山名よみ＜山頂名よみ＞": "うしろやま", "標高値(m)": 1344, "種別": "三角点", "都道府県": "岡山県 兵庫県", "緯度": 35.18682, "経度": 134.411242 }, "geometry": { "type": "Point", "coordinates": [ 134.411242083, 35.186819778 ] } }
,
{ "type": "Feature", "properties": { "連番": 817, "索引番号": "778", "山名＜山頂名＞": "那岐山", "山名よみ＜山頂名よみ＞": "なぎさん", "標高値(m)": 1254, "種別": "測定点", "都道府県": "鳥取県 岡山県", "緯度": 35.171666, "経度": 134.180277 }, "geometry": { "type": "Point", "coordinates": [ 134.180276945, 35.171666112 ] } }
,
{ "type": "Feature", "properties": { "連番": 818, "索引番号": "779", "山名＜山頂名＞": "書写山", "山名よみ＜山頂名よみ＞": "しょしゃざん", "標高値(m)": 371, "種別": "標高点", "都道府県": "兵庫県", "緯度": 34.892477, "経度": 134.656452 }, "geometry": { "type": "Point", "coordinates": [ 134.656451667, 34.892477500 ] } }
,
{ "type": "Feature", "properties": { "連番": 819, "索引番号": "780", "山名＜山頂名＞": "白旗山", "山名よみ＜山頂名よみ＞": "しらはたやま", "標高値(m)": 440, "種別": "三角点", "都道府県": "兵庫県", "緯度": 34.908203, "経度": 134.380778 }, "geometry": { "type": "Point", "coordinates": [ 134.380778361, 34.908202722 ] } }
,
{ "type": "Feature", "properties": { "連番": 820, "索引番号": "781", "山名＜山頂名＞": "八塔寺山", "山名よみ＜山頂名よみ＞": "はっとうじさん", "標高値(m)": 538, "種別": "三角点", "都道府県": "岡山県", "緯度": 34.923179, "経度": 134.252183 }, "geometry": { "type": "Point", "coordinates": [ 134.252182917, 34.923178917 ] } }
,
{ "type": "Feature", "properties": { "連番": 821, "索引番号": "782", "山名＜山頂名＞": "金山", "山名よみ＜山頂名よみ＞": "かなやま", "標高値(m)": 499, "種別": "三角点", "都道府県": "岡山県", "緯度": 34.744738, "経度": 133.940744 }, "geometry": { "type": "Point", "coordinates": [ 133.940744333, 34.744737528 ] } }
,
{ "type": "Feature", "properties": { "連番": 822, "索引番号": "783", "山名＜山頂名＞": "大平山", "山名よみ＜山頂名よみ＞": "おおひらやま", "標高値(m)": 698, "種別": "三角点", "都道府県": "岡山県", "緯度": 34.899025, "経度": 133.706828 }, "geometry": { "type": "Point", "coordinates": [ 133.706827556, 34.899025028 ] } }
,
{ "type": "Feature", "properties": { "連番": 823, "索引番号": "784", "山名＜山頂名＞": "大満寺山", "山名よみ＜山頂名よみ＞": "だいまんじさん", "標高値(m)": 608, "種別": "三角点", "都道府県": "島根県", "緯度": 36.256773, "経度": 133.330531 }, "geometry": { "type": "Point", "coordinates": [ 133.330531000, 36.256773250 ] } }
,
{ "type": "Feature", "properties": { "連番": 824, "索引番号": "785", "山名＜山頂名＞": "焼火山", "山名よみ＜山頂名よみ＞": "たくひやま", "標高値(m)": 452, "種別": "三角点", "都道府県": "島根県", "緯度": 36.074766, "経度": 133.031865 }, "geometry": { "type": "Point", "coordinates": [ 133.031864556, 36.074765833 ] } }
,
{ "type": "Feature", "properties": { "連番": 825, "索引番号": "786", "山名＜山頂名＞": "朝日山", "山名よみ＜山頂名よみ＞": "あさひやま", "標高値(m)": 344, "種別": "標高点", "都道府県": "島根県", "緯度": 35.507875, "経度": 132.976412 }, "geometry": { "type": "Point", "coordinates": [ 132.976412222, 35.507875278 ] } }
,
{ "type": "Feature", "properties": { "連番": 826, "索引番号": "787", "山名＜山頂名＞": "鼻高山", "山名よみ＜山頂名よみ＞": "はなたかせん", "標高値(m)": 536, "種別": "三角点", "都道府県": "島根県", "緯度": 35.412608, "経度": 132.75264 }, "geometry": { "type": "Point", "coordinates": [ 132.752639667, 35.412607694 ] } }
,
{ "type": "Feature", "properties": { "連番": 827, "索引番号": "788", "山名＜山頂名＞": "高鉢山", "山名よみ＜山頂名よみ＞": "たかはちやま", "標高値(m)": 1203, "種別": "標高点", "都道府県": "鳥取県", "緯度": 35.360327, "経度": 134.051146 }, "geometry": { "type": "Point", "coordinates": [ 134.051146388, 35.360326944 ] } }
,
{ "type": "Feature", "properties": { "連番": 828, "索引番号": "789", "山名＜山頂名＞": "花知ヶ仙", "山名よみ＜山頂名よみ＞": "はなちがせん", "標高値(m)": 1247, "種別": "三角点", "都道府県": "岡山県", "緯度": 35.259528, "経度": 133.974965 }, "geometry": { "type": "Point", "coordinates": [ 133.974965444, 35.259528167 ] } }
,
{ "type": "Feature", "properties": { "連番": 829, "索引番号": "790", "山名＜山頂名＞": "津黒山", "山名よみ＜山頂名よみ＞": "つぐろせん", "標高値(m)": 1118, "種別": "三角点", "都道府県": "岡山県", "緯度": 35.251808, "経度": 133.814994 }, "geometry": { "type": "Point", "coordinates": [ 133.814994472, 35.251807722 ] } }
,
{ "type": "Feature", "properties": { "連番": 830, "索引番号": "791", "山名＜山頂名＞": "蒜山＜上蒜山＞", "山名よみ＜山頂名よみ＞": "ひるぜん＜かみひるぜん＞", "標高値(m)": 1202, "種別": "標高点", "都道府県": "鳥取県 岡山県", "緯度": 35.324978, "経度": 133.663636 }, "geometry": { "type": "Point", "coordinates": [ 133.663636111, 35.324978333 ] } }
,
{ "type": "Feature", "properties": { "連番": 831, "索引番号": "792", "山名＜山頂名＞": "矢筈ヶ山", "山名よみ＜山頂名よみ＞": "やはずがせん", "標高値(m)": 1358, "種別": "三角点", "都道府県": "鳥取県", "緯度": 35.386725, "経度": 133.580902 }, "geometry": { "type": "Point", "coordinates": [ 133.580902000, 35.386725389 ] } }
,
{ "type": "Feature", "properties": { "連番": 832, "索引番号": "793", "山名＜山頂名＞": "大山＜剣ヶ峰＞", "山名よみ＜山頂名よみ＞": "だいせん＜けんがみね＞", "標高値(m)": 1729, "種別": "標高点", "都道府県": "鳥取県", "緯度": 35.371204, "経度": 133.546356 }, "geometry": { "type": "Point", "coordinates": [ 133.546355833, 35.371203889 ] } }
,
{ "type": "Feature", "properties": { "連番": 833, "索引番号": "794", "山名＜山頂名＞": "烏ヶ山", "山名よみ＜山頂名よみ＞": "からすがせん", "標高値(m)": 1448, "種別": "標高点", "都道府県": "鳥取県", "緯度": 35.355788, "経度": 133.570446 }, "geometry": { "type": "Point", "coordinates": [ 133.570446389, 35.355787500 ] } }
,
{ "type": "Feature", "properties": { "連番": 834, "索引番号": "795", "山名＜山頂名＞": "毛無山", "山名よみ＜山頂名よみ＞": "けなしがせん", "標高値(m)": 1218, "種別": "三角点", "都道府県": "鳥取県 岡山県", "緯度": 35.235685, "経度": 133.514697 }, "geometry": { "type": "Point", "coordinates": [ 133.514697194, 35.235684722 ] } }
,
{ "type": "Feature", "properties": { "連番": 835, "索引番号": "796", "山名＜山頂名＞": "宝仏山", "山名よみ＜山頂名よみ＞": "ほうぶつせん", "標高値(m)": 1005, "種別": "標高点", "都道府県": "鳥取県", "緯度": 35.229824, "経度": 133.470074 }, "geometry": { "type": "Point", "coordinates": [ 133.470073611, 35.229824444 ] } }
,
{ "type": "Feature", "properties": { "連番": 836, "索引番号": "797", "山名＜山頂名＞": "星山", "山名よみ＜山頂名よみ＞": "ほしやま", "標高値(m)": 1030, "種別": "三角点", "都道府県": "岡山県", "緯度": 35.142068, "経度": 133.677359 }, "geometry": { "type": "Point", "coordinates": [ 133.677359472, 35.142067639 ] } }
,
{ "type": "Feature", "properties": { "連番": 837, "索引番号": "798", "山名＜山頂名＞": "花見山", "山名よみ＜山頂名よみ＞": "はなみやま", "標高値(m)": 1188, "種別": "三角点", "都道府県": "鳥取県 岡山県", "緯度": 35.152385, "経度": 133.40122 }, "geometry": { "type": "Point", "coordinates": [ 133.401219528, 35.152384972 ] } }
,
{ "type": "Feature", "properties": { "連番": 838, "索引番号": "799", "山名＜山頂名＞": "大倉山", "山名よみ＜山頂名よみ＞": "おおくらやま", "標高値(m)": 1112, "種別": "三角点", "都道府県": "鳥取県", "緯度": 35.133731, "経度": 133.355216 }, "geometry": { "type": "Point", "coordinates": [ 133.355215694, 35.133731056 ] } }
,
{ "type": "Feature", "properties": { "連番": 839, "索引番号": "800", "山名＜山頂名＞": "船通山", "山名よみ＜山頂名よみ＞": "せんつうざん", "標高値(m)": 1142, "種別": "三角点", "都道府県": "島根県 鳥取県", "緯度": 35.155909, "経度": 133.178625 }, "geometry": { "type": "Point", "coordinates": [ 133.178625139, 35.155908833 ] } }
,
{ "type": "Feature", "properties": { "連番": 840, "索引番号": "801", "山名＜山頂名＞": "道後山", "山名よみ＜山頂名よみ＞": "どうごやま", "標高値(m)": 1271, "種別": "標高点", "都道府県": "広島県 鳥取県", "緯度": 35.069504, "経度": 133.232894 }, "geometry": { "type": "Point", "coordinates": [ 133.232893611, 35.069503611 ] } }
,
{ "type": "Feature", "properties": { "連番": 841, "索引番号": "802-1", "山名＜山頂名＞": "比婆山＜立烏帽子山＞", "山名よみ＜山頂名よみ＞": "ひばやま＜たてえぼしやま＞", "標高値(m)": 1299, "種別": "標高点", "都道府県": "広島県", "緯度": 35.051964, "経度": 133.06552 }, "geometry": { "type": "Point", "coordinates": [ 133.065520278, 35.051964444 ] } }
,
{ "type": "Feature", "properties": { "連番": 842, "索引番号": "802-2", "山名＜山頂名＞": "比婆山＜烏帽子山＞", "山名よみ＜山頂名よみ＞": "ひばやま＜えぼしやま＞", "標高値(m)": 1225, "種別": "三角点", "都道府県": "広島県 島根県", "緯度": 35.070007, "経度": 133.052312 }, "geometry": { "type": "Point", "coordinates": [ 133.052312444, 35.070006806 ] } }
,
{ "type": "Feature", "properties": { "連番": 843, "索引番号": "803", "山名＜山頂名＞": "猿政山", "山名よみ＜山頂名よみ＞": "さるまさやま", "標高値(m)": 1267, "種別": "三角点", "都道府県": "島根県 広島県", "緯度": 35.081313, "経度": 132.967776 }, "geometry": { "type": "Point", "coordinates": [ 132.967775778, 35.081312611 ] } }
,
{ "type": "Feature", "properties": { "連番": 844, "索引番号": "804", "山名＜山頂名＞": "大万木山", "山名よみ＜山頂名よみ＞": "おおよろぎさん", "標高値(m)": 1218, "種別": "三角点", "都道府県": "島根県 広島県", "緯度": 35.087547, "経度": 132.854546 }, "geometry": { "type": "Point", "coordinates": [ 132.854545528, 35.087547194 ] } }
,
{ "type": "Feature", "properties": { "連番": 845, "索引番号": "805", "山名＜山頂名＞": "琴引山（弥山）", "山名よみ＜山頂名よみ＞": "ことびきさん（みせん）", "標高値(m)": 1013, "種別": "三角点", "都道府県": "島根県", "緯度": 35.048183, "経度": 132.78249 }, "geometry": { "type": "Point", "coordinates": [ 132.782490000, 35.048182806 ] } }
,
{ "type": "Feature", "properties": { "連番": 846, "索引番号": "806", "山名＜山頂名＞": "三瓶山＜男三瓶山＞", "山名よみ＜山頂名よみ＞": "さんべさん＜おさんべさん＞", "標高値(m)": 1126, "種別": "三角点", "都道府県": "島根県", "緯度": 35.140558, "経度": 132.621536 }, "geometry": { "type": "Point", "coordinates": [ 132.621535556, 35.140557611 ] } }
,
{ "type": "Feature", "properties": { "連番": 847, "索引番号": "807", "山名＜山頂名＞": "大江高山", "山名よみ＜山頂名よみ＞": "おおえたかやま", "標高値(m)": 808, "種別": "三角点", "都道府県": "島根県", "緯度": 35.063907, "経度": 132.428679 }, "geometry": { "type": "Point", "coordinates": [ 132.428678750, 35.063907278 ] } }
,
{ "type": "Feature", "properties": { "連番": 848, "索引番号": "808", "山名＜山頂名＞": "星居山", "山名よみ＜山頂名よみ＞": "ほしのこやま", "標高値(m)": 834, "種別": "三角点", "都道府県": "広島県", "緯度": 34.748152, "経度": 133.221715 }, "geometry": { "type": "Point", "coordinates": [ 133.221714556, 34.748152083 ] } }
,
{ "type": "Feature", "properties": { "連番": 849, "索引番号": "809", "山名＜山頂名＞": "岳山", "山名よみ＜山頂名よみ＞": "だけやま", "標高値(m)": 741, "種別": "標高点", "都道府県": "広島県", "緯度": 34.648976, "経度": 133.156782 }, "geometry": { "type": "Point", "coordinates": [ 133.156781666, 34.648976111 ] } }
,
{ "type": "Feature", "properties": { "連番": 850, "索引番号": "810", "山名＜山頂名＞": "龍王山", "山名よみ＜山頂名よみ＞": "りゅうおうざん", "標高値(m)": 665, "種別": "三角点", "都道府県": "広島県", "緯度": 34.45576, "経度": 133.083416 }, "geometry": { "type": "Point", "coordinates": [ 133.083415917, 34.455759889 ] } }
,
{ "type": "Feature", "properties": { "連番": 851, "索引番号": "811", "山名＜山頂名＞": "鷹ノ巣山", "山名よみ＜山頂名よみ＞": "たかのすざん", "標高値(m)": 922, "種別": "三角点", "都道府県": "広島県", "緯度": 34.565994, "経度": 132.746014 }, "geometry": { "type": "Point", "coordinates": [ 132.746014111, 34.565994361 ] } }
,
{ "type": "Feature", "properties": { "連番": 852, "索引番号": "812", "山名＜山頂名＞": "白木山", "山名よみ＜山頂名よみ＞": "しらきやま", "標高値(m)": 889, "種別": "三角点", "都道府県": "広島県", "緯度": 34.521261, "経度": 132.575438 }, "geometry": { "type": "Point", "coordinates": [ 132.575438444, 34.521261250 ] } }
,
{ "type": "Feature", "properties": { "連番": 853, "索引番号": "813", "山名＜山頂名＞": "呉娑々宇山", "山名よみ＜山頂名よみ＞": "ごさそうさん", "標高値(m)": 682, "種別": "三角点", "都道府県": "広島県", "緯度": 34.422894, "経度": 132.54785 }, "geometry": { "type": "Point", "coordinates": [ 132.547850333, 34.422894083 ] } }
,
{ "type": "Feature", "properties": { "連番": 854, "索引番号": "814", "山名＜山頂名＞": "野呂山＜膳棚山＞", "山名よみ＜山頂名よみ＞": "のろさん＜ぜんだなやま＞", "標高値(m)": 839, "種別": "三角点", "都道府県": "広島県", "緯度": 34.262293, "経度": 132.666197 }, "geometry": { "type": "Point", "coordinates": [ 132.666196778, 34.262292528 ] } }
,
{ "type": "Feature", "properties": { "連番": 855, "索引番号": "815", "山名＜山頂名＞": "冠山", "山名よみ＜山頂名よみ＞": "かんざん", "標高値(m)": 863, "種別": "標高点", "都道府県": "島根県", "緯度": 34.917493, "経度": 132.501852 }, "geometry": { "type": "Point", "coordinates": [ 132.501851667, 34.917492777 ] } }
,
{ "type": "Feature", "properties": { "連番": 856, "索引番号": "816", "山名＜山頂名＞": "阿佐山", "山名よみ＜山頂名よみ＞": "あさやま", "標高値(m)": 1218, "種別": "三角点", "都道府県": "島根県 広島県", "緯度": 34.785932, "経度": 132.381411 }, "geometry": { "type": "Point", "coordinates": [ 132.381410861, 34.785932111 ] } }
,
{ "type": "Feature", "properties": { "連番": 857, "索引番号": "817", "山名＜山頂名＞": "天狗石山", "山名よみ＜山頂名よみ＞": "てんぐいしやま", "標高値(m)": 1192, "種別": "三角点", "都道府県": "島根県 広島県", "緯度": 34.792234, "経度": 132.342657 }, "geometry": { "type": "Point", "coordinates": [ 132.342656750, 34.792234194 ] } }
,
{ "type": "Feature", "properties": { "連番": 858, "索引番号": "818", "山名＜山頂名＞": "雲月山", "山名よみ＜山頂名よみ＞": "うんげつやま", "標高値(m)": 911, "種別": "三角点", "都道府県": "島根県 広島県", "緯度": 34.802109, "経度": 132.23876 }, "geometry": { "type": "Point", "coordinates": [ 132.238759778, 34.802108917 ] } }
,
{ "type": "Feature", "properties": { "連番": 859, "索引番号": "819", "山名＜山頂名＞": "大佐山", "山名よみ＜山頂名よみ＞": "おおさやま", "標高値(m)": 1068, "種別": "三角点", "都道府県": "島根県 広島県", "緯度": 34.747718, "経度": 132.201303 }, "geometry": { "type": "Point", "coordinates": [ 132.201303028, 34.747718000 ] } }
,
{ "type": "Feature", "properties": { "連番": 860, "索引番号": "820", "山名＜山頂名＞": "臥龍山（刈尾山）", "山名よみ＜山頂名よみ＞": "がりゅうざん（かりおやま）", "標高値(m)": 1223, "種別": "三角点", "都道府県": "広島県", "緯度": 34.690121, "経度": 132.196763 }, "geometry": { "type": "Point", "coordinates": [ 132.196762806, 34.690120639 ] } }
,
{ "type": "Feature", "properties": { "連番": 861, "索引番号": "821", "山名＜山頂名＞": "深入山", "山名よみ＜山頂名よみ＞": "しんにゅうざん", "標高値(m)": 1152, "種別": "三角点", "都道府県": "広島県", "緯度": 34.649929, "経度": 132.206797 }, "geometry": { "type": "Point", "coordinates": [ 132.206796528, 34.649929167 ] } }
,
{ "type": "Feature", "properties": { "連番": 862, "索引番号": "822", "山名＜山頂名＞": "恐羅漢山", "山名よみ＜山頂名よみ＞": "おそらかんざん", "標高値(m)": 1346, "種別": "三角点", "都道府県": "島根県 広島県", "緯度": 34.595463, "経度": 132.129674 }, "geometry": { "type": "Point", "coordinates": [ 132.129673889, 34.595462889 ] } }
,
{ "type": "Feature", "properties": { "連番": 863, "索引番号": "823", "山名＜山頂名＞": "十方山", "山名よみ＜山頂名よみ＞": "じっぽうざん", "標高値(m)": 1328, "種別": "標高点", "都道府県": "広島県", "緯度": 34.565042, "経度": 132.142161 }, "geometry": { "type": "Point", "coordinates": [ 132.142160764, 34.565042454 ] } }
,
{ "type": "Feature", "properties": { "連番": 864, "索引番号": "824", "山名＜山頂名＞": "大峯山", "山名よみ＜山頂名よみ＞": "おおみねやま", "標高値(m)": 1049, "種別": "測定点", "都道府県": "広島県", "緯度": 34.415768, "経度": 132.216933 }, "geometry": { "type": "Point", "coordinates": [ 132.216932778, 34.415768333 ] } }
,
{ "type": "Feature", "properties": { "連番": 865, "索引番号": "825", "山名＜山頂名＞": "冠山", "山名よみ＜山頂名よみ＞": "かんむりやま", "標高値(m)": 1339, "種別": "三角点", "都道府県": "広島県", "緯度": 34.468731, "経度": 132.076098 }, "geometry": { "type": "Point", "coordinates": [ 132.076098306, 34.468731250 ] } }
,
{ "type": "Feature", "properties": { "連番": 866, "索引番号": "826", "山名＜山頂名＞": "寂地山", "山名よみ＜山頂名よみ＞": "じゃくちさん", "標高値(m)": 1337, "種別": "標高点", "都道府県": "山口県 島根県", "緯度": 34.467264, "経度": 132.054434 }, "geometry": { "type": "Point", "coordinates": [ 132.054434444, 34.467263611 ] } }
,
{ "type": "Feature", "properties": { "連番": 867, "索引番号": "827", "山名＜山頂名＞": "安蔵寺山", "山名よみ＜山頂名よみ＞": "あぞうじやま", "標高値(m)": 1263, "種別": "三角点", "都道府県": "島根県", "緯度": 34.477126, "経度": 131.967229 }, "geometry": { "type": "Point", "coordinates": [ 131.967228611, 34.477126167 ] } }
,
{ "type": "Feature", "properties": { "連番": 868, "索引番号": "828", "山名＜山頂名＞": "小五郎山", "山名よみ＜山頂名よみ＞": "こごろうさん", "標高値(m)": 1162, "種別": "三角点", "都道府県": "山口県", "緯度": 34.416817, "経度": 132.00858 }, "geometry": { "type": "Point", "coordinates": [ 132.008579778, 34.416817083 ] } }
,
{ "type": "Feature", "properties": { "連番": 869, "索引番号": "829", "山名＜山頂名＞": "羅漢山", "山名よみ＜山頂名よみ＞": "らかんざん", "標高値(m)": 1109, "種別": "三角点", "都道府県": "山口県", "緯度": 34.355584, "経度": 132.067231 }, "geometry": { "type": "Point", "coordinates": [ 132.067231139, 34.355583611 ] } }
,
{ "type": "Feature", "properties": { "連番": 870, "索引番号": "830", "山名＜山頂名＞": "鈴ノ大谷山", "山名よみ＜山頂名よみ＞": "すずのおおたにやま", "標高値(m)": 1036, "種別": "三角点", "都道府県": "島根県", "緯度": 34.376647, "経度": 131.839182 }, "geometry": { "type": "Point", "coordinates": [ 131.839181528, 34.376646500 ] } }
,
{ "type": "Feature", "properties": { "連番": 871, "索引番号": "831", "山名＜山頂名＞": "平家ヶ岳", "山名よみ＜山頂名よみ＞": "へいけがだけ", "標高値(m)": 1066, "種別": "三角点", "都道府県": "島根県 山口県", "緯度": 34.318392, "経度": 131.899699 }, "geometry": { "type": "Point", "coordinates": [ 131.899698806, 34.318391500 ] } }
,
{ "type": "Feature", "properties": { "連番": 872, "索引番号": "832", "山名＜山頂名＞": "馬糞ヶ岳", "山名よみ＜山頂名よみ＞": "ばふんがだけ", "標高値(m)": 985, "種別": "三角点", "都道府県": "山口県", "緯度": 34.250621, "経度": 131.896392 }, "geometry": { "type": "Point", "coordinates": [ 131.896392167, 34.250620556 ] } }
,
{ "type": "Feature", "properties": { "連番": 873, "索引番号": "833", "山名＜山頂名＞": "莇ヶ岳", "山名よみ＜山頂名よみ＞": "あざみがだけ", "標高値(m)": 1004, "種別": "三角点", "都道府県": "山口県", "緯度": 34.332474, "経度": 131.777774 }, "geometry": { "type": "Point", "coordinates": [ 131.777773500, 34.332474444 ] } }
,
{ "type": "Feature", "properties": { "連番": 874, "索引番号": "834", "山名＜山頂名＞": "青野山", "山名よみ＜山頂名よみ＞": "あおのやま", "標高値(m)": 907, "種別": "三角点", "都道府県": "島根県", "緯度": 34.462208, "経度": 131.798081 }, "geometry": { "type": "Point", "coordinates": [ 131.798080694, 34.462207611 ] } }
,
{ "type": "Feature", "properties": { "連番": 875, "索引番号": "835", "山名＜山頂名＞": "十種ヶ峰", "山名よみ＜山頂名よみ＞": "とくさがみね", "標高値(m)": 988, "種別": "三角点", "都道府県": "山口県 島根県", "緯度": 34.438334, "経度": 131.695282 }, "geometry": { "type": "Point", "coordinates": [ 131.695282333, 34.438334028 ] } }
,
{ "type": "Feature", "properties": { "連番": 876, "索引番号": "836", "山名＜山頂名＞": "高山", "山名よみ＜山頂名よみ＞": "こうやま", "標高値(m)": 533, "種別": "三角点", "都道府県": "山口県", "緯度": 34.652091, "経度": 131.613406 }, "geometry": { "type": "Point", "coordinates": [ 131.613406444, 34.652091028 ] } }
,
{ "type": "Feature", "properties": { "連番": 877, "索引番号": "837", "山名＜山頂名＞": "西鳳翩山", "山名よみ＜山頂名よみ＞": "にしほうべんざん", "標高値(m)": 742, "種別": "三角点", "都道府県": "山口県", "緯度": 34.2108, "経度": 131.409425 }, "geometry": { "type": "Point", "coordinates": [ 131.409424889, 34.210799722 ] } }
,
{ "type": "Feature", "properties": { "連番": 878, "索引番号": "838", "山名＜山頂名＞": "大平山", "山名よみ＜山頂名よみ＞": "おおひらやま", "標高値(m)": 631, "種別": "三角点", "都道府県": "山口県", "緯度": 34.073422, "経度": 131.630339 }, "geometry": { "type": "Point", "coordinates": [ 131.630338528, 34.073421750 ] } }
,
{ "type": "Feature", "properties": { "連番": 879, "索引番号": "839", "山名＜山頂名＞": "桂木山", "山名よみ＜山頂名よみ＞": "かつらぎさん", "標高値(m)": 701, "種別": "三角点", "都道府県": "山口県", "緯度": 34.305399, "経度": 131.302829 }, "geometry": { "type": "Point", "coordinates": [ 131.302828667, 34.305399278 ] } }
,
{ "type": "Feature", "properties": { "連番": 880, "索引番号": "840", "山名＜山頂名＞": "花尾山", "山名よみ＜山頂名よみ＞": "はなおやま", "標高値(m)": 669, "種別": "三角点", "都道府県": "山口県", "緯度": 34.283882, "経度": 131.221028 }, "geometry": { "type": "Point", "coordinates": [ 131.221028250, 34.283882028 ] } }
,
{ "type": "Feature", "properties": { "連番": 881, "索引番号": "841", "山名＜山頂名＞": "天井ヶ岳", "山名よみ＜山頂名よみ＞": "てんじょうがだけ", "標高値(m)": 691, "種別": "三角点", "都道府県": "山口県", "緯度": 34.311004, "経度": 131.042886 }, "geometry": { "type": "Point", "coordinates": [ 131.042886444, 34.311003722 ] } }
,
{ "type": "Feature", "properties": { "連番": 882, "索引番号": "842", "山名＜山頂名＞": "狗留孫山（御岳）", "山名よみ＜山頂名よみ＞": "くるそんざん（おだけ）", "標高値(m)": 616, "種別": "三角点", "都道府県": "山口県", "緯度": 34.214638, "経度": 130.976289 }, "geometry": { "type": "Point", "coordinates": [ 130.976289417, 34.214637583 ] } }
,
{ "type": "Feature", "properties": { "連番": 883, "索引番号": "843", "山名＜山頂名＞": "竜王山", "山名よみ＜山頂名よみ＞": "りゅうおうざん", "標高値(m)": 613, "種別": "三角点", "都道府県": "山口県", "緯度": 34.068408, "経度": 130.935859 }, "geometry": { "type": "Point", "coordinates": [ 130.935858611, 34.068408361 ] } }
,
{ "type": "Feature", "properties": { "連番": 884, "索引番号": "844", "山名＜山頂名＞": "嶮岨山＜星ヶ城山＞", "山名よみ＜山頂名よみ＞": "けんそざん＜ほしがじょうさん＞", "標高値(m)": 816, "種別": "三角点", "都道府県": "香川県", "緯度": 34.51535, "経度": 134.31748 }, "geometry": { "type": "Point", "coordinates": [ 134.317480250, 34.515350222 ] } }
,
{ "type": "Feature", "properties": { "連番": 885, "索引番号": "845", "山名＜山頂名＞": "熊ヶ峰", "山名よみ＜山頂名よみ＞": "くまがみね", "標高値(m)": 437, "種別": "三角点", "都道府県": "広島県", "緯度": 34.433416, "経度": 133.368204 }, "geometry": { "type": "Point", "coordinates": [ 133.368204083, 34.433415722 ] } }
,
{ "type": "Feature", "properties": { "連番": 886, "索引番号": "846", "山名＜山頂名＞": "鷲ケ頭山", "山名よみ＜山頂名よみ＞": "わしがとうざん", "標高値(m)": 436, "種別": "三角点", "都道府県": "愛媛県", "緯度": 34.23914, "経度": 133.021401 }, "geometry": { "type": "Point", "coordinates": [ 133.021400583, 34.239140278 ] } }
,
{ "type": "Feature", "properties": { "連番": 887, "索引番号": "847", "山名＜山頂名＞": "弥山", "山名よみ＜山頂名よみ＞": "みせん", "標高値(m)": 535, "種別": "測定点", "都道府県": "広島県", "緯度": 34.279431, "経度": 132.319531 }, "geometry": { "type": "Point", "coordinates": [ 132.319531111, 34.279430834 ] } }
,
{ "type": "Feature", "properties": { "連番": 888, "索引番号": "848", "山名＜山頂名＞": "皇座山", "山名よみ＜山頂名よみ＞": "おおざさん", "標高値(m)": 526, "種別": "三角点", "都道府県": "山口県", "緯度": 33.853123, "経度": 132.142361 }, "geometry": { "type": "Point", "coordinates": [ 132.142360639, 33.853122750 ] } }
,
{ "type": "Feature", "properties": { "連番": 889, "索引番号": "849", "山名＜山頂名＞": "五剣山（八栗山）", "山名よみ＜山頂名よみ＞": "ごけんざん（やくりやま）", "標高値(m)": 375, "種別": "標高点", "都道府県": "香川県", "緯度": 34.360989, "経度": 134.141445 }, "geometry": { "type": "Point", "coordinates": [ 134.141445278, 34.360988889 ] } }
,
{ "type": "Feature", "properties": { "連番": 890, "索引番号": "850", "山名＜山頂名＞": "大平山", "山名よみ＜山頂名よみ＞": "おおひらやま", "標高値(m)": 479, "種別": "三角点", "都道府県": "香川県", "緯度": 34.329854, "経度": 133.952363 }, "geometry": { "type": "Point", "coordinates": [ 133.952363472, 34.329854444 ] } }
,
{ "type": "Feature", "properties": { "連番": 891, "索引番号": "851", "山名＜山頂名＞": "飯野山（讃岐富士）", "山名よみ＜山頂名よみ＞": "いいのやま（さぬきふじ）", "標高値(m)": 422, "種別": "三角点", "都道府県": "香川県", "緯度": 34.274387, "経度": 133.845875 }, "geometry": { "type": "Point", "coordinates": [ 133.845875389, 34.274387083 ] } }
,
{ "type": "Feature", "properties": { "連番": 892, "索引番号": "852", "山名＜山頂名＞": "象頭山＜大麻山＞", "山名よみ＜山頂名よみ＞": "ぞうずさん＜おおさやま＞", "標高値(m)": 616, "種別": "三角点", "都道府県": "香川県", "緯度": 34.196627, "経度": 133.788494 }, "geometry": { "type": "Point", "coordinates": [ 133.788493806, 34.196627111 ] } }
,
{ "type": "Feature", "properties": { "連番": 893, "索引番号": "853", "山名＜山頂名＞": "矢筈山", "山名よみ＜山頂名よみ＞": "やはずやま", "標高値(m)": 789, "種別": "標高点", "都道府県": "香川県", "緯度": 34.194245, "経度": 134.196816 }, "geometry": { "type": "Point", "coordinates": [ 134.196815555, 34.194244722 ] } }
,
{ "type": "Feature", "properties": { "連番": 894, "索引番号": "854", "山名＜山頂名＞": "大滝山", "山名よみ＜山頂名よみ＞": "おおたきやま", "標高値(m)": 946, "種別": "標高点", "都道府県": "香川県 徳島県", "緯度": 34.123149, "経度": 134.127065 }, "geometry": { "type": "Point", "coordinates": [ 134.127064722, 34.123148889 ] } }
,
{ "type": "Feature", "properties": { "連番": 895, "索引番号": "855", "山名＜山頂名＞": "竜王山", "山名よみ＜山頂名よみ＞": "りゅうおうざん", "標高値(m)": 1060, "種別": "三角点", "都道府県": "徳島県 香川県", "緯度": 34.115455, "経度": 134.048205 }, "geometry": { "type": "Point", "coordinates": [ 134.048205389, 34.115454667 ] } }
,
{ "type": "Feature", "properties": { "連番": 896, "索引番号": "856", "山名＜山頂名＞": "大川山", "山名よみ＜山頂名よみ＞": "だいせんざん", "標高値(m)": 1043, "種別": "三角点", "都道府県": "徳島県 香川県", "緯度": 34.115143, "経度": 133.939649 }, "geometry": { "type": "Point", "coordinates": [ 133.939648889, 34.115143444 ] } }
,
{ "type": "Feature", "properties": { "連番": 897, "索引番号": "857", "山名＜山頂名＞": "雲辺寺山", "山名よみ＜山頂名よみ＞": "うんぺんじさん", "標高値(m)": 927, "種別": "標高点", "都道府県": "香川県 徳島県", "緯度": 34.034983, "経度": 133.722791 }, "geometry": { "type": "Point", "coordinates": [ 133.722791389, 34.034983333 ] } }
,
{ "type": "Feature", "properties": { "連番": 898, "索引番号": "858", "山名＜山頂名＞": "東三方ヶ森", "山名よみ＜山頂名よみ＞": "ひがしさんぽうがもり", "標高値(m)": 1233, "種別": "三角点", "都道府県": "愛媛県", "緯度": 33.902786, "経度": 132.959708 }, "geometry": { "type": "Point", "coordinates": [ 132.959708361, 33.902786222 ] } }
,
{ "type": "Feature", "properties": { "連番": 899, "索引番号": "859", "山名＜山頂名＞": "高縄山", "山名よみ＜山頂名よみ＞": "たかなわさん", "標高値(m)": 986, "種別": "三角点", "都道府県": "愛媛県", "緯度": 33.94572, "経度": 132.850039 }, "geometry": { "type": "Point", "coordinates": [ 132.850038722, 33.945720083 ] } }
,
{ "type": "Feature", "properties": { "連番": 900, "索引番号": "860", "山名＜山頂名＞": "眉山", "山名よみ＜山頂名よみ＞": "びざん", "標高値(m)": 290, "種別": "標高点", "都道府県": "徳島県", "緯度": 34.060846, "経度": 134.516423 }, "geometry": { "type": "Point", "coordinates": [ 134.516422778, 34.060845833 ] } }
,
{ "type": "Feature", "properties": { "連番": 901, "索引番号": "861", "山名＜山頂名＞": "中津峰山", "山名よみ＜山頂名よみ＞": "なかつみねやま", "標高値(m)": 773, "種別": "三角点", "都道府県": "徳島県", "緯度": 33.962425, "経度": 134.509465 }, "geometry": { "type": "Point", "coordinates": [ 134.509464806, 33.962424806 ] } }
,
{ "type": "Feature", "properties": { "連番": 902, "索引番号": "862", "山名＜山頂名＞": "太竜寺山", "山名よみ＜山頂名よみ＞": "たいりゅうじやま", "標高値(m)": 618, "種別": "標高点", "都道府県": "徳島県", "緯度": 33.874092, "経度": 134.519785 }, "geometry": { "type": "Point", "coordinates": [ 134.519785000, 33.874091667 ] } }
,
{ "type": "Feature", "properties": { "連番": 903, "索引番号": "863", "山名＜山頂名＞": "高越山", "山名よみ＜山頂名よみ＞": "こうつざん", "標高値(m)": 1133, "種別": "標高点", "都道府県": "徳島県", "緯度": 34.017291, "経度": 134.19596 }, "geometry": { "type": "Point", "coordinates": [ 134.195959722, 34.017291111 ] } }
,
{ "type": "Feature", "properties": { "連番": 904, "索引番号": "864", "山名＜山頂名＞": "雲早山", "山名よみ＜山頂名よみ＞": "くもそうやま", "標高値(m)": 1496, "種別": "三角点", "都道府県": "徳島県", "緯度": 33.905736, "経度": 134.294771 }, "geometry": { "type": "Point", "coordinates": [ 134.294771444, 33.905735917 ] } }
,
{ "type": "Feature", "properties": { "連番": 905, "索引番号": "865", "山名＜山頂名＞": "八面山", "山名よみ＜山頂名よみ＞": "やつらやま", "標高値(m)": 1312, "種別": "三角点", "都道府県": "徳島県", "緯度": 33.923431, "経度": 134.09984 }, "geometry": { "type": "Point", "coordinates": [ 134.099839639, 33.923431222 ] } }
,
{ "type": "Feature", "properties": { "連番": 906, "索引番号": "866-1", "山名＜山頂名＞": "剣山", "山名よみ＜山頂名よみ＞": "つるぎさん", "標高値(m)": 1955, "種別": "三角点", "都道府県": "徳島県", "緯度": 33.853576, "経度": 134.094281 }, "geometry": { "type": "Point", "coordinates": [ 134.094280528, 33.853576139 ] } }
,
{ "type": "Feature", "properties": { "連番": 907, "索引番号": "866-2", "山名＜山頂名＞": "剣山＜丸笹山＞", "山名よみ＜山頂名よみ＞": "つるぎさん＜まるざさやま＞", "標高値(m)": 1712, "種別": "三角点", "都道府県": "徳島県", "緯度": 33.874221, "経度": 134.089867 }, "geometry": { "type": "Point", "coordinates": [ 134.089867194, 33.874220667 ] } }
,
{ "type": "Feature", "properties": { "連番": 908, "索引番号": "867", "山名＜山頂名＞": "塔丸", "山名よみ＜山頂名よみ＞": "とうのまる", "標高値(m)": 1713, "種別": "三角点", "都道府県": "徳島県", "緯度": 33.866938, "経度": 134.039254 }, "geometry": { "type": "Point", "coordinates": [ 134.039254222, 33.866938444 ] } }
,
{ "type": "Feature", "properties": { "連番": 909, "索引番号": "868", "山名＜山頂名＞": "矢筈山", "山名よみ＜山頂名よみ＞": "やはずさん", "標高値(m)": 1849, "種別": "三角点", "都道府県": "徳島県", "緯度": 33.925053, "経度": 133.974905 }, "geometry": { "type": "Point", "coordinates": [ 133.974905083, 33.925053194 ] } }
,
{ "type": "Feature", "properties": { "連番": 910, "索引番号": "869", "山名＜山頂名＞": "中津山", "山名よみ＜山頂名よみ＞": "なかつざん", "標高値(m)": 1447, "種別": "三角点", "都道府県": "徳島県", "緯度": 33.924625, "経度": 133.844098 }, "geometry": { "type": "Point", "coordinates": [ 133.844097750, 33.924624667 ] } }
,
{ "type": "Feature", "properties": { "連番": 911, "索引番号": "870", "山名＜山頂名＞": "国見山", "山名よみ＜山頂名よみ＞": "くにみざん", "標高値(m)": 1409, "種別": "三角点", "都道府県": "徳島県", "緯度": 33.907541, "経度": 133.784674 }, "geometry": { "type": "Point", "coordinates": [ 133.784674278, 33.907541083 ] } }
,
{ "type": "Feature", "properties": { "連番": 912, "索引番号": "871", "山名＜山頂名＞": "天狗塚", "山名よみ＜山頂名よみ＞": "てんぐづか", "標高値(m)": 1812, "種別": "標高点", "都道府県": "徳島県", "緯度": 33.826902, "経度": 133.943338 }, "geometry": { "type": "Point", "coordinates": [ 133.943337628, 33.826901907 ] } }
,
{ "type": "Feature", "properties": { "連番": 913, "索引番号": "872", "山名＜山頂名＞": "三嶺", "山名よみ＜山頂名よみ＞": "さんれい", "標高値(m)": 1894, "種別": "三角点", "都道府県": "徳島県 高知県", "緯度": 33.839401, "経度": 133.987666 }, "geometry": { "type": "Point", "coordinates": [ 133.987665556, 33.839401444 ] } }
,
{ "type": "Feature", "properties": { "連番": 914, "索引番号": "873", "山名＜山頂名＞": "白髪山", "山名よみ＜山頂名よみ＞": "しらがやま", "標高値(m)": 1770, "種別": "三角点", "都道府県": "高知県", "緯度": 33.810133, "経度": 133.992926 }, "geometry": { "type": "Point", "coordinates": [ 133.992926028, 33.810133389 ] } }
,
{ "type": "Feature", "properties": { "連番": 915, "索引番号": "874", "山名＜山頂名＞": "石立山", "山名よみ＜山頂名よみ＞": "いしたてざん", "標高値(m)": 1708, "種別": "三角点", "都道府県": "徳島県 高知県", "緯度": 33.784833, "経度": 134.054874 }, "geometry": { "type": "Point", "coordinates": [ 134.054873611, 33.784833361 ] } }
,
{ "type": "Feature", "properties": { "連番": 916, "索引番号": "875", "山名＜山頂名＞": "梶ヶ森", "山名よみ＜山頂名よみ＞": "かじがもり", "標高値(m)": 1400, "種別": "三角点", "都道府県": "高知県", "緯度": 33.759191, "経度": 133.75152 }, "geometry": { "type": "Point", "coordinates": [ 133.751520139, 33.759190750 ] } }
,
{ "type": "Feature", "properties": { "連番": 917, "索引番号": "876", "山名＜山頂名＞": "甚吉森", "山名よみ＜山頂名よみ＞": "じんきちもり", "標高値(m)": 1423, "種別": "三角点", "都道府県": "徳島県 高知県", "緯度": 33.694814, "経度": 134.110066 }, "geometry": { "type": "Point", "coordinates": [ 134.110065667, 33.694814222 ] } }
,
{ "type": "Feature", "properties": { "連番": 918, "索引番号": "877", "山名＜山頂名＞": "天狗森", "山名よみ＜山頂名よみ＞": "てんぐもり", "標高値(m)": 1295, "種別": "三角点", "都道府県": "高知県", "緯度": 33.6188, "経度": 134.067874 }, "geometry": { "type": "Point", "coordinates": [ 134.067873639, 33.618799722 ] } }
,
{ "type": "Feature", "properties": { "連番": 919, "索引番号": "878", "山名＜山頂名＞": "鐘ヶ龍森", "山名よみ＜山頂名よみ＞": "かねがりゅうもり", "標高値(m)": 1125, "種別": "三角点", "都道府県": "高知県", "緯度": 33.547023, "経度": 134.082042 }, "geometry": { "type": "Point", "coordinates": [ 134.082042167, 33.547023333 ] } }
,
{ "type": "Feature", "properties": { "連番": 920, "索引番号": "879", "山名＜山頂名＞": "工石山", "山名よみ＜山頂名よみ＞": "くいしやま", "標高値(m)": 1516, "種別": "三角点", "都道府県": "高知県", "緯度": 33.855616, "経度": 133.579965 }, "geometry": { "type": "Point", "coordinates": [ 133.579964917, 33.855615667 ] } }
,
{ "type": "Feature", "properties": { "連番": 921, "索引番号": "880", "山名＜山頂名＞": "白髪山", "山名よみ＜山頂名よみ＞": "しらがやま", "標高値(m)": 1469, "種別": "三角点", "都道府県": "高知県", "緯度": 33.81599, "経度": 133.590702 }, "geometry": { "type": "Point", "coordinates": [ 133.590702222, 33.815989750 ] } }
,
{ "type": "Feature", "properties": { "連番": 922, "索引番号": "881", "山名＜山頂名＞": "稲叢山", "山名よみ＜山頂名よみ＞": "いなむらやま", "標高値(m)": 1506, "種別": "三角点", "都道府県": "高知県", "緯度": 33.747025, "経度": 133.359302 }, "geometry": { "type": "Point", "coordinates": [ 133.359301944, 33.747025361 ] } }
,
{ "type": "Feature", "properties": { "連番": 923, "索引番号": "882", "山名＜山頂名＞": "工石山", "山名よみ＜山頂名よみ＞": "くいしやま", "標高値(m)": 1177, "種別": "標高点", "都道府県": "高知県", "緯度": 33.669911, "経度": 133.505893 }, "geometry": { "type": "Point", "coordinates": [ 133.505892961, 33.669910829 ] } }
,
{ "type": "Feature", "properties": { "連番": 924, "索引番号": "883", "山名＜山頂名＞": "赤星山", "山名よみ＜山頂名よみ＞": "あかぼしやま", "標高値(m)": 1453, "種別": "三角点", "都道府県": "愛媛県", "緯度": 33.919376, "経度": 133.457936 }, "geometry": { "type": "Point", "coordinates": [ 133.457935944, 33.919376000 ] } }
,
{ "type": "Feature", "properties": { "連番": 925, "索引番号": "884", "山名＜山頂名＞": "東赤石山", "山名よみ＜山頂名よみ＞": "ひがしあかいしやま", "標高値(m)": 1710, "種別": "標高点", "都道府県": "愛媛県", "緯度": 33.87526, "経度": 133.373874 }, "geometry": { "type": "Point", "coordinates": [ 133.373873773, 33.875260321 ] } }
,
{ "type": "Feature", "properties": { "連番": 926, "索引番号": "885", "山名＜山頂名＞": "笹ヶ峰", "山名よみ＜山頂名よみ＞": "ささがみね", "標高値(m)": 1860, "種別": "三角点", "都道府県": "愛媛県 高知県", "緯度": 33.828111, "経度": 133.274591 }, "geometry": { "type": "Point", "coordinates": [ 133.274590750, 33.828111056 ] } }
,
{ "type": "Feature", "properties": { "連番": 927, "索引番号": "886", "山名＜山頂名＞": "伊予富士", "山名よみ＜山頂名よみ＞": "いよふじ", "標高値(m)": 1756, "種別": "三角点", "都道府県": "愛媛県 高知県", "緯度": 33.788003, "経度": 133.248041 }, "geometry": { "type": "Point", "coordinates": [ 133.248041083, 33.788002667 ] } }
,
{ "type": "Feature", "properties": { "連番": 928, "索引番号": "887", "山名＜山頂名＞": "瓶ヶ森", "山名よみ＜山頂名よみ＞": "かめがもり", "標高値(m)": 1896, "種別": "三角点", "都道府県": "愛媛県", "緯度": 33.794607, "経度": 133.193258 }, "geometry": { "type": "Point", "coordinates": [ 133.193257722, 33.794607250 ] } }
,
{ "type": "Feature", "properties": { "連番": 929, "索引番号": "888", "山名＜山頂名＞": "石鎚山＜天狗岳＞", "山名よみ＜山頂名よみ＞": "いしづちさん＜てんぐだけ＞", "標高値(m)": 1982, "種別": "標高点", "都道府県": "愛媛県", "緯度": 33.76777, "経度": 133.115086 }, "geometry": { "type": "Point", "coordinates": [ 133.115086111, 33.767769722 ] } }
,
{ "type": "Feature", "properties": { "連番": 930, "索引番号": "889", "山名＜山頂名＞": "二ノ森", "山名よみ＜山頂名よみ＞": "にのもり", "標高値(m)": 1930, "種別": "三角点", "都道府県": "愛媛県", "緯度": 33.758541, "経度": 133.093777 }, "geometry": { "type": "Point", "coordinates": [ 133.093776944, 33.758541028 ] } }
,
{ "type": "Feature", "properties": { "連番": 931, "索引番号": "890", "山名＜山頂名＞": "筒上山", "山名よみ＜山頂名よみ＞": "つつじょうざん", "標高値(m)": 1860, "種別": "三角点", "都道府県": "愛媛県 高知県", "緯度": 33.731951, "経度": 133.161135 }, "geometry": { "type": "Point", "coordinates": [ 133.161134694, 33.731951472 ] } }
,
{ "type": "Feature", "properties": { "連番": 932, "索引番号": "891", "山名＜山頂名＞": "石墨山", "山名よみ＜山頂名よみ＞": "いしずみさん", "標高値(m)": 1456, "種別": "三角点", "都道府県": "愛媛県", "緯度": 33.733786, "経度": 132.984648 }, "geometry": { "type": "Point", "coordinates": [ 132.984648139, 33.733785806 ] } }
,
{ "type": "Feature", "properties": { "連番": 933, "索引番号": "892", "山名＜山頂名＞": "障子山", "山名よみ＜山頂名よみ＞": "しょうじやま", "標高値(m)": 885, "種別": "三角点", "都道府県": "愛媛県", "緯度": 33.705328, "経度": 132.765228 }, "geometry": { "type": "Point", "coordinates": [ 132.765228417, 33.705327556 ] } }
,
{ "type": "Feature", "properties": { "連番": 934, "索引番号": "893", "山名＜山頂名＞": "壺神山", "山名よみ＜山頂名よみ＞": "つぼがみやま", "標高値(m)": 971, "種別": "三角点", "都道府県": "愛媛県", "緯度": 33.605567, "経度": 132.554612 }, "geometry": { "type": "Point", "coordinates": [ 132.554612444, 33.605567444 ] } }
,
{ "type": "Feature", "properties": { "連番": 935, "索引番号": "894", "山名＜山頂名＞": "出石山", "山名よみ＜山頂名よみ＞": "いずしやま", "標高値(m)": 812, "種別": "標高点", "都道府県": "愛媛県", "緯度": 33.534926, "経度": 132.465243 }, "geometry": { "type": "Point", "coordinates": [ 132.465242777, 33.534925833 ] } }
,
{ "type": "Feature", "properties": { "連番": 936, "索引番号": "895", "山名＜山頂名＞": "神南山", "山名よみ＜山頂名よみ＞": "かんなんざん", "標高値(m)": 710, "種別": "三角点", "都道府県": "愛媛県", "緯度": 33.517433, "経度": 132.632889 }, "geometry": { "type": "Point", "coordinates": [ 132.632889000, 33.517433333 ] } }
,
{ "type": "Feature", "properties": { "連番": 937, "索引番号": "896", "山名＜山頂名＞": "御在所山", "山名よみ＜山頂名よみ＞": "ございしょやま", "標高値(m)": 915, "種別": "標高点", "都道府県": "愛媛県", "緯度": 33.343979, "経度": 132.755822 }, "geometry": { "type": "Point", "coordinates": [ 132.755822222, 33.343978611 ] } }
,
{ "type": "Feature", "properties": { "連番": 938, "索引番号": "897", "山名＜山頂名＞": "笠取山", "山名よみ＜山頂名よみ＞": "かさとりやま", "標高値(m)": 1562, "種別": "三角点", "都道府県": "愛媛県", "緯度": 33.555494, "経度": 132.922506 }, "geometry": { "type": "Point", "coordinates": [ 132.922505861, 33.555494083 ] } }
,
{ "type": "Feature", "properties": { "連番": 939, "索引番号": "898", "山名＜山頂名＞": "明神山（中津山）", "山名よみ＜山頂名よみ＞": "みょうじんさん（なかつさん）", "標高値(m)": 1541, "種別": "三角点", "都道府県": "愛媛県 高知県", "緯度": 33.575552, "経度": 133.046646 }, "geometry": { "type": "Point", "coordinates": [ 133.046645583, 33.575551722 ] } }
,
{ "type": "Feature", "properties": { "連番": 940, "索引番号": "899", "山名＜山頂名＞": "不入山", "山名よみ＜山頂名よみ＞": "いらずやま", "標高値(m)": 1336, "種別": "三角点", "都道府県": "高知県", "緯度": 33.440779, "経度": 133.063174 }, "geometry": { "type": "Point", "coordinates": [ 133.063174389, 33.440778667 ] } }
,
{ "type": "Feature", "properties": { "連番": 941, "索引番号": "900", "山名＜山頂名＞": "蟠蛇森", "山名よみ＜山頂名よみ＞": "ばんだもり", "標高値(m)": 770, "種別": "三角点", "都道府県": "高知県", "緯度": 33.441107, "経度": 133.259548 }, "geometry": { "type": "Point", "coordinates": [ 133.259547806, 33.441106667 ] } }
,
{ "type": "Feature", "properties": { "連番": 942, "索引番号": "901", "山名＜山頂名＞": "鈴ヶ森", "山名よみ＜山頂名よみ＞": "すずがもり", "標高値(m)": 1054, "種別": "三角点", "都道府県": "高知県", "緯度": 33.356285, "経度": 133.051017 }, "geometry": { "type": "Point", "coordinates": [ 133.051017306, 33.356285278 ] } }
,
{ "type": "Feature", "properties": { "連番": 943, "索引番号": "902", "山名＜山頂名＞": "五在所ノ峯", "山名よみ＜山頂名よみ＞": "ございしょのみね", "標高値(m)": 658, "種別": "三角点", "都道府県": "高知県", "緯度": 33.177287, "経度": 133.150743 }, "geometry": { "type": "Point", "coordinates": [ 133.150742722, 33.177286833 ] } }
,
{ "type": "Feature", "properties": { "連番": 944, "索引番号": "903", "山名＜山頂名＞": "堂が森", "山名よみ＜山頂名よみ＞": "どうがもり", "標高値(m)": 857, "種別": "三角点", "都道府県": "高知県", "緯度": 33.159873, "経度": 132.876657 }, "geometry": { "type": "Point", "coordinates": [ 132.876657194, 33.159873194 ] } }
,
{ "type": "Feature", "properties": { "連番": 945, "索引番号": "904", "山名＜山頂名＞": "高月山", "山名よみ＜山頂名よみ＞": "たかつきやま", "標高値(m)": 1229, "種別": "三角点", "都道府県": "愛媛県", "緯度": 33.208681, "経度": 132.634642 }, "geometry": { "type": "Point", "coordinates": [ 132.634642222, 33.208681472 ] } }
,
{ "type": "Feature", "properties": { "連番": 946, "索引番号": "905", "山名＜山頂名＞": "三本杭", "山名よみ＜山頂名よみ＞": "さんぼんぐい", "標高値(m)": 1226, "種別": "三角点", "都道府県": "愛媛県", "緯度": 33.188324, "経度": 132.635416 }, "geometry": { "type": "Point", "coordinates": [ 132.635416194, 33.188324111 ] } }
,
{ "type": "Feature", "properties": { "連番": 947, "索引番号": "906", "山名＜山頂名＞": "篠山", "山名よみ＜山頂名よみ＞": "ささやま", "標高値(m)": 1065, "種別": "三角点", "都道府県": "愛媛県 高知県", "緯度": 33.055727, "経度": 132.659067 }, "geometry": { "type": "Point", "coordinates": [ 132.659066694, 33.055726750 ] } }
,
{ "type": "Feature", "properties": { "連番": 948, "索引番号": "907", "山名＜山頂名＞": "今ノ山", "山名よみ＜山頂名よみ＞": "いまのやま", "標高値(m)": 868, "種別": "標高点", "都道府県": "高知県", "緯度": 32.857521, "経度": 132.850118 }, "geometry": { "type": "Point", "coordinates": [ 132.850118334, 32.857521111 ] } }
,
{ "type": "Feature", "properties": { "連番": 949, "索引番号": "908", "山名＜山頂名＞": "足立山（霧ヶ岳）", "山名よみ＜山頂名よみ＞": "あだちやま（きりがたけ）", "標高値(m)": 598, "種別": "三角点", "都道府県": "福岡県", "緯度": 33.859516, "経度": 130.91722 }, "geometry": { "type": "Point", "coordinates": [ 130.917220306, 33.859515917 ] } }
,
{ "type": "Feature", "properties": { "連番": 950, "索引番号": "909", "山名＜山頂名＞": "貫山", "山名よみ＜山頂名よみ＞": "ぬきさん", "標高値(m)": 712, "種別": "三角点", "都道府県": "福岡県", "緯度": 33.780687, "経度": 130.909361 }, "geometry": { "type": "Point", "coordinates": [ 130.909360611, 33.780686722 ] } }
,
{ "type": "Feature", "properties": { "連番": 951, "索引番号": "910", "山名＜山頂名＞": "福智山", "山名よみ＜山頂名よみ＞": "ふくちやま", "標高値(m)": 900, "種別": "三角点", "都道府県": "福岡県", "緯度": 33.742247, "経度": 130.803889 }, "geometry": { "type": "Point", "coordinates": [ 130.803888611, 33.742246583 ] } }
,
{ "type": "Feature", "properties": { "連番": 952, "索引番号": "911", "山名＜山頂名＞": "犬ヶ岳", "山名よみ＜山頂名よみ＞": "いぬがたけ", "標高値(m)": 1131, "種別": "三角点", "都道府県": "大分県 福岡県", "緯度": 33.512212, "経度": 131.001717 }, "geometry": { "type": "Point", "coordinates": [ 131.001717472, 33.512212333 ] } }
,
{ "type": "Feature", "properties": { "連番": 953, "索引番号": "912", "山名＜山頂名＞": "英彦山", "山名よみ＜山頂名よみ＞": "ひこさん", "標高値(m)": 1199, "種別": "三角点", "都道府県": "福岡県 大分県", "緯度": 33.476247, "経度": 130.925973 }, "geometry": { "type": "Point", "coordinates": [ 130.925972944, 33.476247361 ] } }
,
{ "type": "Feature", "properties": { "連番": 954, "索引番号": "913", "山名＜山頂名＞": "馬見山", "山名よみ＜山頂名よみ＞": "うまみやま", "標高値(m)": 978, "種別": "三角点", "都道府県": "福岡県", "緯度": 33.486462, "経度": 130.767889 }, "geometry": { "type": "Point", "coordinates": [ 130.767888778, 33.486461556 ] } }
,
{ "type": "Feature", "properties": { "連番": 955, "索引番号": "914", "山名＜山頂名＞": "犬鳴山（熊ヶ城）", "山名よみ＜山頂名よみ＞": "いぬなきやま（くまがじょう）", "標高値(m)": 583, "種別": "三角点", "都道府県": "福岡県", "緯度": 33.687241, "経度": 130.54924 }, "geometry": { "type": "Point", "coordinates": [ 130.549239528, 33.687240833 ] } }
,
{ "type": "Feature", "properties": { "連番": 956, "索引番号": "915", "山名＜山頂名＞": "三郡山", "山名よみ＜山頂名よみ＞": "さんぐんざん", "標高値(m)": 936, "種別": "三角点", "都道府県": "福岡県", "緯度": 33.555536, "経度": 130.583767 }, "geometry": { "type": "Point", "coordinates": [ 130.583766778, 33.555535611 ] } }
,
{ "type": "Feature", "properties": { "連番": 957, "索引番号": "916", "山名＜山頂名＞": "基山", "山名よみ＜山頂名よみ＞": "きざん", "標高値(m)": 404, "種別": "三角点", "都道府県": "佐賀県", "緯度": 33.44271, "経度": 130.510173 }, "geometry": { "type": "Point", "coordinates": [ 130.510173194, 33.442709667 ] } }
,
{ "type": "Feature", "properties": { "連番": 958, "索引番号": "917", "山名＜山頂名＞": "脊振山", "山名よみ＜山頂名よみ＞": "せふりさん", "標高値(m)": 1054, "種別": "三角点", "都道府県": "福岡県 佐賀県", "緯度": 33.43644, "経度": 130.368623 }, "geometry": { "type": "Point", "coordinates": [ 130.368622917, 33.436440028 ] } }
,
{ "type": "Feature", "properties": { "連番": 959, "索引番号": "918", "山名＜山頂名＞": "浮嶽", "山名よみ＜山頂名よみ＞": "うきだけ", "標高値(m)": 805, "種別": "三角点", "都道府県": "福岡県 佐賀県", "緯度": 33.469965, "経度": 130.099226 }, "geometry": { "type": "Point", "coordinates": [ 130.099225528, 33.469965222 ] } }
,
{ "type": "Feature", "properties": { "連番": 960, "索引番号": "919", "山名＜山頂名＞": "天山", "山名よみ＜山頂名よみ＞": "てんざん", "標高値(m)": 1046, "種別": "三角点", "都道府県": "佐賀県", "緯度": 33.338886, "経度": 130.142897 }, "geometry": { "type": "Point", "coordinates": [ 130.142897278, 33.338886417 ] } }
,
{ "type": "Feature", "properties": { "連番": 961, "索引番号": "920", "山名＜山頂名＞": "両子山", "山名よみ＜山頂名よみ＞": "ふたごさん", "標高値(m)": 720, "種別": "三角点", "都道府県": "大分県", "緯度": 33.58312, "経度": 131.601541 }, "geometry": { "type": "Point", "coordinates": [ 131.601540639, 33.583120444 ] } }
,
{ "type": "Feature", "properties": { "連番": 962, "索引番号": "921", "山名＜山頂名＞": "鹿嵐山", "山名よみ＜山頂名よみ＞": "かならせやま", "標高値(m)": 758, "種別": "三角点", "都道府県": "大分県", "緯度": 33.434588, "経度": 131.252756 }, "geometry": { "type": "Point", "coordinates": [ 131.252755667, 33.434587500 ] } }
,
{ "type": "Feature", "properties": { "連番": 963, "索引番号": "922", "山名＜山頂名＞": "鶴見岳", "山名よみ＜山頂名よみ＞": "つるみだけ", "標高値(m)": 1375, "種別": "標高点", "都道府県": "大分県", "緯度": 33.286621, "経度": 131.429751 }, "geometry": { "type": "Point", "coordinates": [ 131.429750555, 33.286620556 ] } }
,
{ "type": "Feature", "properties": { "連番": 964, "索引番号": "923", "山名＜山頂名＞": "由布岳（豊後富士）", "山名よみ＜山頂名よみ＞": "ゆふだけ（ぶんごふじ）", "標高値(m)": 1583, "種別": "三角点", "都道府県": "大分県", "緯度": 33.282267, "経度": 131.390233 }, "geometry": { "type": "Point", "coordinates": [ 131.390233389, 33.282266806 ] } }
,
{ "type": "Feature", "properties": { "連番": 965, "索引番号": "924", "山名＜山頂名＞": "万年山", "山名よみ＜山頂名よみ＞": "はねやま", "標高値(m)": 1140, "種別": "三角点", "都道府県": "大分県", "緯度": 33.23135, "経度": 131.130589 }, "geometry": { "type": "Point", "coordinates": [ 131.130589000, 33.231349889 ] } }
,
{ "type": "Feature", "properties": { "連番": 966, "索引番号": "925", "山名＜山頂名＞": "涌蓋山", "山名よみ＜山頂名よみ＞": "わいたざん", "標高値(m)": 1499, "種別": "三角点", "都道府県": "大分県", "緯度": 33.139941, "経度": 131.164344 }, "geometry": { "type": "Point", "coordinates": [ 131.164344028, 33.139941389 ] } }
,
{ "type": "Feature", "properties": { "連番": 967, "索引番号": "926-1", "山名＜山頂名＞": "くじゅう連山＜中岳＞", "山名よみ＜山頂名よみ＞": "くじゅうれんざん＜なかだけ＞", "標高値(m)": 1791, "種別": "標高点", "都道府県": "大分県", "緯度": 33.085955, "経度": 131.249001 }, "geometry": { "type": "Point", "coordinates": [ 131.249001389, 33.085954722 ] } }
,
{ "type": "Feature", "properties": { "連番": 968, "索引番号": "926-2", "山名＜山頂名＞": "くじゅう連山＜黒岳＞", "山名よみ＜山頂名よみ＞": "くじゅうれんざん＜くろだけ＞", "標高値(m)": 1587, "種別": "標高点", "都道府県": "大分県", "緯度": 33.105963, "経度": 131.292913 }, "geometry": { "type": "Point", "coordinates": [ 131.292913056, 33.105963055 ] } }
,
{ "type": "Feature", "properties": { "連番": 969, "索引番号": "926-3", "山名＜山頂名＞": "くじゅう連山＜大船山＞", "山名よみ＜山頂名よみ＞": "くじゅうれんざん＜たいせんざん＞", "標高値(m)": 1786, "種別": "三角点", "都道府県": "大分県", "緯度": 33.095024, "経度": 131.28069 }, "geometry": { "type": "Point", "coordinates": [ 131.280689556, 33.095024278 ] } }
,
{ "type": "Feature", "properties": { "連番": 970, "索引番号": "926-4", "山名＜山頂名＞": "くじゅう連山＜三俣山＞", "山名よみ＜山頂名よみ＞": "くじゅうれんざん＜みまたやま＞", "標高値(m)": 1744, "種別": "三角点", "都道府県": "大分県", "緯度": 33.104003, "経度": 131.246516 }, "geometry": { "type": "Point", "coordinates": [ 131.246516028, 33.104002611 ] } }
,
{ "type": "Feature", "properties": { "連番": 971, "索引番号": "926-5", "山名＜山頂名＞": "くじゅう連山＜星生山＞", "山名よみ＜山頂名よみ＞": "くじゅうれんざん＜ほっしょうざん＞", "標高値(m)": 1762, "種別": "標高点", "都道府県": "大分県", "緯度": 33.090768, "経度": 131.232687 }, "geometry": { "type": "Point", "coordinates": [ 131.232687222, 33.090768333 ] } }
,
{ "type": "Feature", "properties": { "連番": 972, "索引番号": "926-6", "山名＜山頂名＞": "くじゅう連山＜久住山＞", "山名よみ＜山頂名よみ＞": "くじゅうれんざん＜くじゅうさん＞", "標高値(m)": 1786, "種別": "三角点", "都道府県": "大分県", "緯度": 33.082187, "経度": 131.240871 }, "geometry": { "type": "Point", "coordinates": [ 131.240870639, 33.082187139 ] } }
,
{ "type": "Feature", "properties": { "連番": 973, "索引番号": "927-1", "山名＜山頂名＞": "阿蘇山＜高岳＞", "山名よみ＜山頂名よみ＞": "あそさん＜たかだけ＞", "標高値(m)": 1592, "種別": "三角点", "都道府県": "熊本県", "緯度": 32.884318, "経度": 131.103918 }, "geometry": { "type": "Point", "coordinates": [ 131.103917833, 32.884318194 ] } }
,
{ "type": "Feature", "properties": { "連番": 974, "索引番号": "927-2", "山名＜山頂名＞": "阿蘇山＜根子岳＞", "山名よみ＜山頂名よみ＞": "あそさん＜ねこだけ＞", "標高値(m)": 1433, "種別": "標高点", "都道府県": "熊本県", "緯度": 32.883527, "経度": 131.144371 }, "geometry": { "type": "Point", "coordinates": [ 131.144370556, 32.883527222 ] } }
,
{ "type": "Feature", "properties": { "連番": 975, "索引番号": "927-3", "山名＜山頂名＞": "阿蘇山＜中岳＞", "山名よみ＜山頂名よみ＞": "あそさん＜なかだけ＞", "標高値(m)": 1506, "種別": "標高点", "都道府県": "熊本県", "緯度": 32.883528, "経度": 131.097001 }, "geometry": { "type": "Point", "coordinates": [ 131.097000834, 32.883527500 ] } }
,
{ "type": "Feature", "properties": { "連番": 976, "索引番号": "927-4", "山名＜山頂名＞": "阿蘇山＜杵島岳＞", "山名よみ＜山頂名よみ＞": "あそさん＜きしまだけ＞", "標高値(m)": 1326, "種別": "標高点", "都道府県": "熊本県", "緯度": 32.892701, "経度": 131.057898 }, "geometry": { "type": "Point", "coordinates": [ 131.057897875, 32.892700840 ] } }
,
{ "type": "Feature", "properties": { "連番": 977, "索引番号": "927-5", "山名＜山頂名＞": "阿蘇山＜烏帽子岳＞", "山名よみ＜山頂名よみ＞": "あそさん＜えぼしだけ＞", "標高値(m)": 1337, "種別": "三角点", "都道府県": "熊本県", "緯度": 32.873679, "経度": 131.058014 }, "geometry": { "type": "Point", "coordinates": [ 131.058014250, 32.873678528 ] } }
,
{ "type": "Feature", "properties": { "連番": 978, "索引番号": "928", "山名＜山頂名＞": "鷹取山", "山名よみ＜山頂名よみ＞": "たかとりやま", "標高値(m)": 801, "種別": "三角点", "都道府県": "福岡県", "緯度": 33.303028, "経度": 130.722822 }, "geometry": { "type": "Point", "coordinates": [ 130.722821778, 33.303028417 ] } }
,
{ "type": "Feature", "properties": { "連番": 979, "索引番号": "929", "山名＜山頂名＞": "釈迦岳", "山名よみ＜山頂名よみ＞": "しゃかだけ", "標高値(m)": 1231, "種別": "標高点", "都道府県": "大分県", "緯度": 33.187593, "経度": 130.889012 }, "geometry": { "type": "Point", "coordinates": [ 130.889012500, 33.187593056 ] } }
,
{ "type": "Feature", "properties": { "連番": 980, "索引番号": "930", "山名＜山頂名＞": "酒呑童子山", "山名よみ＜山頂名よみ＞": "しゅてんどうじやま", "標高値(m)": 1181, "種別": "三角点", "都道府県": "大分県", "緯度": 33.097007, "経度": 130.908413 }, "geometry": { "type": "Point", "coordinates": [ 130.908413472, 33.097007361 ] } }
,
{ "type": "Feature", "properties": { "連番": 981, "索引番号": "931", "山名＜山頂名＞": "国見山", "山名よみ＜山頂名よみ＞": "くにみやま", "標高値(m)": 1018, "種別": "三角点", "都道府県": "熊本県", "緯度": 33.105431, "経度": 130.817547 }, "geometry": { "type": "Point", "coordinates": [ 130.817546806, 33.105430889 ] } }
,
{ "type": "Feature", "properties": { "連番": 982, "索引番号": "932", "山名＜山頂名＞": "筒ヶ岳", "山名よみ＜山頂名よみ＞": "つつがたけ", "標高値(m)": 501, "種別": "三角点", "都道府県": "熊本県", "緯度": 32.984633, "経度": 130.527365 }, "geometry": { "type": "Point", "coordinates": [ 130.527364556, 32.984632944 ] } }
,
{ "type": "Feature", "properties": { "連番": 983, "索引番号": "933", "山名＜山頂名＞": "金峰山", "山名よみ＜山頂名よみ＞": "きんぼうざん", "標高値(m)": 665, "種別": "三角点", "都道府県": "熊本県", "緯度": 32.814034, "経度": 130.639004 }, "geometry": { "type": "Point", "coordinates": [ 130.639004417, 32.814033750 ] } }
,
{ "type": "Feature", "properties": { "連番": 984, "索引番号": "934", "山名＜山頂名＞": "黒髪山", "山名よみ＜山頂名よみ＞": "くろかみざん", "標高値(m)": 516, "種別": "標高点", "都道府県": "佐賀県", "緯度": 33.214177, "経度": 129.901689 }, "geometry": { "type": "Point", "coordinates": [ 129.901688612, 33.214176945 ] } }
,
{ "type": "Feature", "properties": { "連番": 985, "索引番号": "935", "山名＜山頂名＞": "国見山", "山名よみ＜山頂名よみ＞": "くにみやま", "標高値(m)": 776, "種別": "三角点", "都道府県": "長崎県", "緯度": 33.236889, "経度": 129.812839 }, "geometry": { "type": "Point", "coordinates": [ 129.812838639, 33.236888750 ] } }
,
{ "type": "Feature", "properties": { "連番": 986, "索引番号": "936", "山名＜山頂名＞": "虚空蔵山（虚空蔵岳）", "山名よみ＜山頂名よみ＞": "こくぞうざん（こくぞうたけ）", "標高値(m)": 608, "種別": "三角点", "都道府県": "長崎県", "緯度": 33.090457, "経度": 129.921333 }, "geometry": { "type": "Point", "coordinates": [ 129.921333111, 33.090457306 ] } }
,
{ "type": "Feature", "properties": { "連番": 987, "索引番号": "937-1", "山名＜山頂名＞": "多良岳＜経ヶ岳＞", "山名よみ＜山頂名よみ＞": "たらだけ＜きょうがだけ＞", "標高値(m)": 1076, "種別": "三角点", "都道府県": "佐賀県 長崎県", "緯度": 32.987528, "経度": 130.076281 }, "geometry": { "type": "Point", "coordinates": [ 130.076280944, 32.987528028 ] } }
,
{ "type": "Feature", "properties": { "連番": 988, "索引番号": "937-2", "山名＜山頂名＞": "多良岳", "山名よみ＜山頂名よみ＞": "たらだけ", "標高値(m)": 996, "種別": "標高点", "都道府県": "佐賀県", "緯度": 32.975491, "経度": 130.092539 }, "geometry": { "type": "Point", "coordinates": [ 130.092539167, 32.975490556 ] } }
,
{ "type": "Feature", "properties": { "連番": 989, "索引番号": "937-3", "山名＜山頂名＞": "多良岳＜五家原岳＞", "山名よみ＜山頂名よみ＞": "たらだけ＜ごかはらだけ＞", "標高値(m)": 1057, "種別": "三角点", "都道府県": "長崎県", "緯度": 32.958044, "経度": 130.076548 }, "geometry": { "type": "Point", "coordinates": [ 130.076547667, 32.958043806 ] } }
,
{ "type": "Feature", "properties": { "連番": 990, "索引番号": "938-1", "山名＜山頂名＞": "雲仙岳＜普賢岳＞", "山名よみ＜山頂名よみ＞": "うんぜんだけ＜ふげんだけ＞", "標高値(m)": 1359, "種別": "三角点", "都道府県": "長崎県", "緯度": 32.759909, "経度": 130.292147 }, "geometry": { "type": "Point", "coordinates": [ 130.292147250, 32.759908583 ] } }
,
{ "type": "Feature", "properties": { "連番": 991, "索引番号": "938-2", "山名＜山頂名＞": "雲仙岳＜平成新山＞", "山名よみ＜山頂名よみ＞": "うんぜんだけ＜へいせいしんざん＞", "標高値(m)": 1483, "種別": "標高点", "都道府県": "長崎県", "緯度": 32.761257, "経度": 130.298849 }, "geometry": { "type": "Point", "coordinates": [ 130.298848611, 32.761256667 ] } }
,
{ "type": "Feature", "properties": { "連番": 992, "索引番号": "939", "山名＜山頂名＞": "長浦岳", "山名よみ＜山頂名よみ＞": "ながうらだけ", "標高値(m)": 561, "種別": "三角点", "都道府県": "長崎県", "緯度": 32.913531, "経度": 129.744841 }, "geometry": { "type": "Point", "coordinates": [ 129.744841194, 32.913530583 ] } }
,
{ "type": "Feature", "properties": { "連番": 993, "索引番号": "940", "山名＜山頂名＞": "八郎岳", "山名よみ＜山頂名よみ＞": "はちろうだけ", "標高値(m)": 590, "種別": "三角点", "都道府県": "長崎県", "緯度": 32.670216, "経度": 129.856522 }, "geometry": { "type": "Point", "coordinates": [ 129.856522417, 32.670216083 ] } }
,
{ "type": "Feature", "properties": { "連番": 994, "索引番号": "941", "山名＜山頂名＞": "御岳＜雄岳＞", "山名よみ＜山頂名よみ＞": "みたけ＜おたけ＞", "標高値(m)": 479, "種別": "標高点", "都道府県": "長崎県", "緯度": 34.572366, "経度": 129.381747 }, "geometry": { "type": "Point", "coordinates": [ 129.381747223, 34.572366111 ] } }
,
{ "type": "Feature", "properties": { "連番": 995, "索引番号": "942", "山名＜山頂名＞": "白嶽", "山名よみ＜山頂名よみ＞": "しらたけ", "標高値(m)": 518, "種別": "標高点", "都道府県": "長崎県", "緯度": 34.26391, "経度": 129.249595 }, "geometry": { "type": "Point", "coordinates": [ 129.249595278, 34.263909722 ] } }
,
{ "type": "Feature", "properties": { "連番": 996, "索引番号": "943", "山名＜山頂名＞": "有明山", "山名よみ＜山頂名よみ＞": "ありあけやま", "標高値(m)": 558, "種別": "三角点", "都道府県": "長崎県", "緯度": 34.204406, "経度": 129.265008 }, "geometry": { "type": "Point", "coordinates": [ 129.265007917, 34.204405833 ] } }
,
{ "type": "Feature", "properties": { "連番": 997, "索引番号": "944", "山名＜山頂名＞": "矢立山", "山名よみ＜山頂名よみ＞": "やたてやま", "標高値(m)": 648, "種別": "三角点", "都道府県": "長崎県", "緯度": 34.177379, "経度": 129.226116 }, "geometry": { "type": "Point", "coordinates": [ 129.226115694, 34.177379083 ] } }
,
{ "type": "Feature", "properties": { "連番": 998, "索引番号": "945", "山名＜山頂名＞": "山王山（雄嶽）", "山名よみ＜山頂名よみ＞": "さんのうざん（おんたけ）", "標高値(m)": 439, "種別": "三角点", "都道府県": "長崎県", "緯度": 32.933462, "経度": 129.052939 }, "geometry": { "type": "Point", "coordinates": [ 129.052938500, 32.933462444 ] } }
,
{ "type": "Feature", "properties": { "連番": 999, "索引番号": "946", "山名＜山頂名＞": "父ヶ岳", "山名よみ＜山頂名よみ＞": "ててがだけ", "標高値(m)": 460, "種別": "三角点", "都道府県": "長崎県", "緯度": 32.698195, "経度": 128.681048 }, "geometry": { "type": "Point", "coordinates": [ 128.681048250, 32.698195139 ] } }
,
{ "type": "Feature", "properties": { "連番": 1000, "索引番号": "947", "山名＜山頂名＞": "佩楯山", "山名よみ＜山頂名よみ＞": "はいだてさん", "標高値(m)": 754, "種別": "三角点", "都道府県": "大分県", "緯度": 32.953095, "経度": 131.645749 }, "geometry": { "type": "Point", "coordinates": [ 131.645748889, 32.953094917 ] } }
,
{ "type": "Feature", "properties": { "連番": 1001, "索引番号": "948", "山名＜山頂名＞": "傾山", "山名よみ＜山頂名よみ＞": "かたむきやま", "標高値(m)": 1605, "種別": "測定点", "都道府県": "大分県", "緯度": 32.839, "経度": 131.475911 }, "geometry": { "type": "Point", "coordinates": [ 131.475911111, 32.839000000 ] } }
,
{ "type": "Feature", "properties": { "連番": 1002, "索引番号": "949", "山名＜山頂名＞": "大崩山", "山名よみ＜山頂名よみ＞": "おおくえやま", "標高値(m)": 1644, "種別": "測定点", "都道府県": "宮崎県", "緯度": 32.737774, "経度": 131.513389 }, "geometry": { "type": "Point", "coordinates": [ 131.513388611, 32.737774445 ] } }
,
{ "type": "Feature", "properties": { "連番": 1003, "索引番号": "950", "山名＜山頂名＞": "行縢山", "山名よみ＜山頂名よみ＞": "むかばきやま", "標高値(m)": 830, "種別": "三角点", "都道府県": "宮崎県", "緯度": 32.625935, "経度": 131.572272 }, "geometry": { "type": "Point", "coordinates": [ 131.572271500, 32.625935361 ] } }
,
{ "type": "Feature", "properties": { "連番": 1004, "索引番号": "951", "山名＜山頂名＞": "祖母山", "山名よみ＜山頂名よみ＞": "そぼさん", "標高値(m)": 1756, "種別": "三角点", "都道府県": "大分県 宮崎県", "緯度": 32.828131, "経度": 131.347045 }, "geometry": { "type": "Point", "coordinates": [ 131.347044972, 32.828131250 ] } }
,
{ "type": "Feature", "properties": { "連番": 1005, "索引番号": "952", "山名＜山頂名＞": "古祖母山", "山名よみ＜山頂名よみ＞": "ふるそぼさん", "標高値(m)": 1633, "種別": "三角点", "都道府県": "大分県 宮崎県", "緯度": 32.802729, "経度": 131.364321 }, "geometry": { "type": "Point", "coordinates": [ 131.364320639, 32.802729444 ] } }
,
{ "type": "Feature", "properties": { "連番": 1006, "索引番号": "953", "山名＜山頂名＞": "諸塚山", "山名よみ＜山頂名よみ＞": "もろつかやま", "標高値(m)": 1341, "種別": "三角点", "都道府県": "宮崎県", "緯度": 32.634592, "経度": 131.287423 }, "geometry": { "type": "Point", "coordinates": [ 131.287423389, 32.634591944 ] } }
,
{ "type": "Feature", "properties": { "連番": 1007, "索引番号": "954", "山名＜山頂名＞": "向坂山", "山名よみ＜山頂名よみ＞": "むこうざかやま", "標高値(m)": 1685, "種別": "三角点", "都道府県": "熊本県 宮崎県", "緯度": 32.579622, "経度": 131.104868 }, "geometry": { "type": "Point", "coordinates": [ 131.104868167, 32.579621750 ] } }
,
{ "type": "Feature", "properties": { "連番": 1008, "索引番号": "955", "山名＜山頂名＞": "国見岳", "山名よみ＜山頂名よみ＞": "くにみだけ", "標高値(m)": 1739, "種別": "三角点", "都道府県": "熊本県 宮崎県", "緯度": 32.547131, "経度": 131.018363 }, "geometry": { "type": "Point", "coordinates": [ 131.018362750, 32.547131111 ] } }
,
{ "type": "Feature", "properties": { "連番": 1009, "索引番号": "956", "山名＜山頂名＞": "上福根山", "山名よみ＜山頂名よみ＞": "かみふくねやま", "標高値(m)": 1646, "種別": "三角点", "都道府県": "熊本県", "緯度": 32.473426, "経度": 130.946812 }, "geometry": { "type": "Point", "coordinates": [ 130.946812389, 32.473426333 ] } }
,
{ "type": "Feature", "properties": { "連番": 1010, "索引番号": "957", "山名＜山頂名＞": "江代山（津野岳）", "山名よみ＜山頂名よみ＞": "えしろやま（つのだけ）", "標高値(m)": 1607, "種別": "三角点", "都道府県": "熊本県 宮崎県", "緯度": 32.370442, "経度": 131.076072 }, "geometry": { "type": "Point", "coordinates": [ 131.076071861, 32.370441944 ] } }
,
{ "type": "Feature", "properties": { "連番": 1011, "索引番号": "958", "山名＜山頂名＞": "市房山", "山名よみ＜山頂名よみ＞": "いちふさやま", "標高値(m)": 1720, "種別": "三角点", "都道府県": "熊本県 宮崎県", "緯度": 32.311682, "経度": 131.101036 }, "geometry": { "type": "Point", "coordinates": [ 131.101036417, 32.311682028 ] } }
,
{ "type": "Feature", "properties": { "連番": 1012, "索引番号": "959", "山名＜山頂名＞": "石堂山", "山名よみ＜山頂名よみ＞": "いしどうやま", "標高値(m)": 1547, "種別": "三角点", "都道府県": "宮崎県", "緯度": 32.300192, "経度": 131.167673 }, "geometry": { "type": "Point", "coordinates": [ 131.167672806, 32.300191583 ] } }
,
{ "type": "Feature", "properties": { "連番": 1013, "索引番号": "960", "山名＜山頂名＞": "尾鈴山", "山名よみ＜山頂名よみ＞": "おすずやま", "標高値(m)": 1405, "種別": "三角点", "都道府県": "宮崎県", "緯度": 32.299301, "経度": 131.426587 }, "geometry": { "type": "Point", "coordinates": [ 131.426586639, 32.299300972 ] } }
,
{ "type": "Feature", "properties": { "連番": 1014, "索引番号": "961", "山名＜山頂名＞": "仰烏帽子山", "山名よみ＜山頂名よみ＞": "のけえぼしやま", "標高値(m)": 1302, "種別": "三角点", "都道府県": "熊本県", "緯度": 32.371428, "経度": 130.777717 }, "geometry": { "type": "Point", "coordinates": [ 130.777716944, 32.371428000 ] } }
,
{ "type": "Feature", "properties": { "連番": 1015, "索引番号": "962", "山名＜山頂名＞": "白髪岳", "山名よみ＜山頂名よみ＞": "しらがたけ", "標高値(m)": 1417, "種別": "三角点", "都道府県": "熊本県", "緯度": 32.150399, "経度": 130.943371 }, "geometry": { "type": "Point", "coordinates": [ 130.943371306, 32.150398750 ] } }
,
{ "type": "Feature", "properties": { "連番": 1016, "索引番号": "963", "山名＜山頂名＞": "国見山", "山名よみ＜山頂名よみ＞": "くにみやま", "標高値(m)": 969, "種別": "三角点", "都道府県": "熊本県", "緯度": 32.187845, "経度": 130.614181 }, "geometry": { "type": "Point", "coordinates": [ 130.614181194, 32.187845194 ] } }
,
{ "type": "Feature", "properties": { "連番": 1017, "索引番号": "964", "山名＜山頂名＞": "矢筈岳", "山名よみ＜山頂名よみ＞": "やはずだけ", "標高値(m)": 687, "種別": "三角点", "都道府県": "熊本県 鹿児島県", "緯度": 32.122915, "経度": 130.400678 }, "geometry": { "type": "Point", "coordinates": [ 130.400677667, 32.122915000 ] } }
,
{ "type": "Feature", "properties": { "連番": 1018, "索引番号": "965", "山名＜山頂名＞": "紫尾山（上宮山）", "山名よみ＜山頂名よみ＞": "しびさん（じょうぐうざん）", "標高値(m)": 1067, "種別": "標高点", "都道府県": "鹿児島県", "緯度": 31.980835, "経度": 130.367641 }, "geometry": { "type": "Point", "coordinates": [ 130.367640556, 31.980835278 ] } }
,
{ "type": "Feature", "properties": { "連番": 1019, "索引番号": "966", "山名＜山頂名＞": "鰐塚山", "山名よみ＜山頂名よみ＞": "わにつかやま", "標高値(m)": 1118, "種別": "三角点", "都道府県": "宮崎県", "緯度": 31.768866, "経度": 131.269503 }, "geometry": { "type": "Point", "coordinates": [ 131.269502556, 31.768866000 ] } }
,
{ "type": "Feature", "properties": { "連番": 1020, "索引番号": "967-1", "山名＜山頂名＞": "霧島山＜韓国岳＞", "山名よみ＜山頂名よみ＞": "きりしまやま＜からくにだけ＞", "標高値(m)": 1700, "種別": "三角点", "都道府県": "宮崎県 鹿児島県", "緯度": 31.93417, "経度": 130.861577 }, "geometry": { "type": "Point", "coordinates": [ 130.861576667, 31.934170472 ] } }
,
{ "type": "Feature", "properties": { "連番": 1021, "索引番号": "967-2", "山名＜山頂名＞": "霧島山＜新燃岳＞", "山名よみ＜山頂名よみ＞": "きりしまやま＜しんもえだけ＞", "標高値(m)": 1421, "種別": "標高点", "都道府県": "宮崎県 鹿児島県", "緯度": 31.909582, "経度": 130.886395 }, "geometry": { "type": "Point", "coordinates": [ 130.886395000, 31.909582223 ] } }
,
{ "type": "Feature", "properties": { "連番": 1022, "索引番号": "967-3", "山名＜山頂名＞": "霧島山＜高千穂峰＞", "山名よみ＜山頂名よみ＞": "きりしまやま＜たかちほのみね＞", "標高値(m)": 1573, "種別": "三角点", "都道府県": "宮崎県", "緯度": 31.886257, "経度": 130.918939 }, "geometry": { "type": "Point", "coordinates": [ 130.918939111, 31.886256583 ] } }
,
{ "type": "Feature", "properties": { "連番": 1023, "索引番号": "968-1", "山名＜山頂名＞": "高隈山＜大箆柄岳＞", "山名よみ＜山頂名よみ＞": "たかくまやま＜おおのがらだけ＞", "標高値(m)": 1236, "種別": "三角点", "都道府県": "鹿児島県", "緯度": 31.486212, "経度": 130.818538 }, "geometry": { "type": "Point", "coordinates": [ 130.818537722, 31.486211694 ] } }
,
{ "type": "Feature", "properties": { "連番": 1024, "索引番号": "968-2", "山名＜山頂名＞": "高隈山＜御岳＞", "山名よみ＜山頂名よみ＞": "たかくまやま＜おんたけ＞", "標高値(m)": 1182, "種別": "三角点", "都道府県": "鹿児島県", "緯度": 31.460302, "経度": 130.820618 }, "geometry": { "type": "Point", "coordinates": [ 130.820618306, 31.460301861 ] } }
,
{ "type": "Feature", "properties": { "連番": 1025, "索引番号": "969", "山名＜山頂名＞": "甫与志岳", "山名よみ＜山頂名よみ＞": "ほよしだけ", "標高値(m)": 967, "種別": "三角点", "都道府県": "鹿児島県", "緯度": 31.264171, "経度": 130.990121 }, "geometry": { "type": "Point", "coordinates": [ 130.990121389, 31.264171417 ] } }
,
{ "type": "Feature", "properties": { "連番": 1026, "索引番号": "970", "山名＜山頂名＞": "稲尾岳", "山名よみ＜山頂名よみ＞": "いなおだけ", "標高値(m)": 930, "種別": "標高点", "都道府県": "鹿児島県", "緯度": 31.123479, "経度": 130.884683 }, "geometry": { "type": "Point", "coordinates": [ 130.884682778, 31.123478888 ] } }
,
{ "type": "Feature", "properties": { "連番": 1027, "索引番号": "971", "山名＜山頂名＞": "御岳（北岳）", "山名よみ＜山頂名よみ＞": "おんたけ（きただけ）", "標高値(m)": 1117, "種別": "標高点", "都道府県": "鹿児島県", "緯度": 31.592626, "経度": 130.656638 }, "geometry": { "type": "Point", "coordinates": [ 130.656638056, 31.592626389 ] } }
,
{ "type": "Feature", "properties": { "連番": 1028, "索引番号": "972", "山名＜山頂名＞": "八重山", "山名よみ＜山頂名よみ＞": "やえやま", "標高値(m)": 677, "種別": "三角点", "都道府県": "鹿児島県", "緯度": 31.734508, "経度": 130.448447 }, "geometry": { "type": "Point", "coordinates": [ 130.448446861, 31.734508417 ] } }
,
{ "type": "Feature", "properties": { "連番": 1029, "索引番号": "973", "山名＜山頂名＞": "冠岳（西岳）", "山名よみ＜山頂名よみ＞": "かんむりだけ（にしだけ）", "標高値(m)": 516, "種別": "三角点", "都道府県": "鹿児島県", "緯度": 31.748703, "経度": 130.331238 }, "geometry": { "type": "Point", "coordinates": [ 130.331238472, 31.748703194 ] } }
,
{ "type": "Feature", "properties": { "連番": 1030, "索引番号": "974", "山名＜山頂名＞": "熊ヶ岳", "山名よみ＜山頂名よみ＞": "くまがだけ", "標高値(m)": 590, "種別": "三角点", "都道府県": "鹿児島県", "緯度": 31.455293, "経度": 130.463887 }, "geometry": { "type": "Point", "coordinates": [ 130.463887139, 31.455292667 ] } }
,
{ "type": "Feature", "properties": { "連番": 1031, "索引番号": "975", "山名＜山頂名＞": "金峯山", "山名よみ＜山頂名よみ＞": "きんぽうざん", "標高値(m)": 636, "種別": "三角点", "都道府県": "鹿児島県", "緯度": 31.467668, "経度": 130.382944 }, "geometry": { "type": "Point", "coordinates": [ 130.382944000, 31.467667917 ] } }
,
{ "type": "Feature", "properties": { "連番": 1032, "索引番号": "976", "山名＜山頂名＞": "野間岳", "山名よみ＜山頂名よみ＞": "のまだけ", "標高値(m)": 591, "種別": "三角点", "都道府県": "鹿児島県", "緯度": 31.40452, "経度": 130.158222 }, "geometry": { "type": "Point", "coordinates": [ 130.158222056, 31.404520306 ] } }
,
{ "type": "Feature", "properties": { "連番": 1033, "索引番号": "977", "山名＜山頂名＞": "開聞岳", "山名よみ＜山頂名よみ＞": "かいもんだけ", "標高値(m)": 924, "種別": "測定点", "都道府県": "鹿児島県", "緯度": 31.179926, "経度": 130.528406 }, "geometry": { "type": "Point", "coordinates": [ 130.528405833, 31.179925555 ] } }
,
{ "type": "Feature", "properties": { "連番": 1034, "索引番号": "978", "山名＜山頂名＞": "倉岳", "山名よみ＜山頂名よみ＞": "くらたけ", "標高値(m)": 682, "種別": "三角点", "都道府県": "熊本県", "緯度": 32.427784, "経度": 130.326985 }, "geometry": { "type": "Point", "coordinates": [ 130.326984972, 32.427784472 ] } }
,
{ "type": "Feature", "properties": { "連番": 1035, "索引番号": "979", "山名＜山頂名＞": "角山", "山名よみ＜山頂名よみ＞": "かどやま", "標高値(m)": 526, "種別": "三角点", "都道府県": "熊本県", "緯度": 32.399331, "経度": 130.093892 }, "geometry": { "type": "Point", "coordinates": [ 130.093892083, 32.399331000 ] } }
,
{ "type": "Feature", "properties": { "連番": 1036, "索引番号": "980", "山名＜山頂名＞": "尾岳", "山名よみ＜山頂名よみ＞": "おたけ", "標高値(m)": 604, "種別": "三角点", "都道府県": "鹿児島県", "緯度": 31.723184, "経度": 129.739338 }, "geometry": { "type": "Point", "coordinates": [ 129.739337722, 31.723184306 ] } }
,
{ "type": "Feature", "properties": { "連番": 1037, "索引番号": "981", "山名＜山頂名＞": "天女ヶ倉", "山名よみ＜山頂名よみ＞": "あまめがくら", "標高値(m)": 238, "種別": "三角点", "都道府県": "鹿児島県", "緯度": 30.743587, "経度": 131.053398 }, "geometry": { "type": "Point", "coordinates": [ 131.053397972, 30.743587194 ] } }
,
{ "type": "Feature", "properties": { "連番": 1038, "索引番号": "982", "山名＜山頂名＞": "硫黄岳", "山名よみ＜山頂名よみ＞": "いおうだけ", "標高値(m)": 704, "種別": "三角点", "都道府県": "鹿児島県", "緯度": 30.793004, "経度": 130.305254 }, "geometry": { "type": "Point", "coordinates": [ 130.305254472, 30.793003611 ] } }
,
{ "type": "Feature", "properties": { "連番": 1039, "索引番号": "983", "山名＜山頂名＞": "櫓岳", "山名よみ＜山頂名よみ＞": "やぐらだけ", "標高値(m)": 621, "種別": "三角点", "都道府県": "鹿児島県", "緯度": 30.828329, "経度": 129.937494 }, "geometry": { "type": "Point", "coordinates": [ 129.937494333, 30.828329389 ] } }
,
{ "type": "Feature", "properties": { "連番": 1040, "索引番号": "984", "山名＜山頂名＞": "古岳", "山名よみ＜山頂名よみ＞": "ふるだけ", "標高値(m)": 657, "種別": "標高点", "都道府県": "鹿児島県", "緯度": 30.443215, "経度": 130.217344 }, "geometry": { "type": "Point", "coordinates": [ 130.217343889, 30.443215277 ] } }
,
{ "type": "Feature", "properties": { "連番": 1041, "索引番号": "985", "山名＜山頂名＞": "宮之浦岳", "山名よみ＜山頂名よみ＞": "みやのうらだけ", "標高値(m)": 1936, "種別": "測定点", "都道府県": "鹿児島県", "緯度": 30.335951, "経度": 130.504287 }, "geometry": { "type": "Point", "coordinates": [ 130.504287500, 30.335950556 ] } }
,
{ "type": "Feature", "properties": { "連番": 1042, "索引番号": "986", "山名＜山頂名＞": "永田岳", "山名よみ＜山頂名よみ＞": "ながただけ", "標高値(m)": 1886, "種別": "標高点", "都道府県": "鹿児島県", "緯度": 30.34287, "経度": 130.49244 }, "geometry": { "type": "Point", "coordinates": [ 130.492440000, 30.342870000 ] } }
,
{ "type": "Feature", "properties": { "連番": 1043, "索引番号": "987", "山名＜山頂名＞": "モッチョム岳", "山名よみ＜山頂名よみ＞": "もっちょむだけ", "標高値(m)": 940, "種別": "標高点", "都道府県": "鹿児島県", "緯度": 30.256697, "経度": 130.564221 }, "geometry": { "type": "Point", "coordinates": [ 130.564221111, 30.256696945 ] } }
,
{ "type": "Feature", "properties": { "連番": 1044, "索引番号": "988", "山名＜山頂名＞": "前岳", "山名よみ＜山頂名よみ＞": "まえだけ", "標高値(m)": 628, "種別": "三角点", "都道府県": "鹿児島県", "緯度": 29.968026, "経度": 129.925441 }, "geometry": { "type": "Point", "coordinates": [ 129.925440528, 29.968026306 ] } }
,
{ "type": "Feature", "properties": { "連番": 1045, "索引番号": "989", "山名＜山頂名＞": "御岳", "山名よみ＜山頂名よみ＞": "おたけ", "標高値(m)": 979, "種別": "三角点", "都道府県": "鹿児島県", "緯度": 29.859296, "経度": 129.856983 }, "geometry": { "type": "Point", "coordinates": [ 129.856982833, 29.859296417 ] } }
,
{ "type": "Feature", "properties": { "連番": 1046, "索引番号": "990", "山名＜山頂名＞": "御岳", "山名よみ＜山頂名よみ＞": "おたけ", "標高値(m)": 497, "種別": "三角点", "都道府県": "鹿児島県", "緯度": 29.903088, "経度": 129.541639 }, "geometry": { "type": "Point", "coordinates": [ 129.541638694, 29.903088361 ] } }
,
{ "type": "Feature", "properties": { "連番": 1047, "索引番号": "991", "山名＜山頂名＞": "御岳", "山名よみ＜山頂名よみ＞": "おたけ", "標高値(m)": 796, "種別": "標高点", "都道府県": "鹿児島県", "緯度": 29.638415, "経度": 129.71389 }, "geometry": { "type": "Point", "coordinates": [ 129.713890444, 29.638415366 ] } }
,
{ "type": "Feature", "properties": { "連番": 1048, "索引番号": "992", "山名＜山頂名＞": "御岳", "山名よみ＜山頂名よみ＞": "みたけ", "標高値(m)": 584, "種別": "三角点", "都道府県": "鹿児島県", "緯度": 29.464976, "経度": 129.594734 }, "geometry": { "type": "Point", "coordinates": [ 129.594734139, 29.464975917 ] } }
,
{ "type": "Feature", "properties": { "連番": 1049, "索引番号": "993", "山名＜山頂名＞": "イマキラ岳", "山名よみ＜山頂名よみ＞": "いまきらだけ", "標高値(m)": 292, "種別": "三角点", "都道府県": "鹿児島県", "緯度": 29.144466, "経度": 129.208053 }, "geometry": { "type": "Point", "coordinates": [ 129.208053028, 29.144466278 ] } }
,
{ "type": "Feature", "properties": { "連番": 1050, "索引番号": "994", "山名＜山頂名＞": "[横当島]", "山名よみ＜山頂名よみ＞": "[よこあてじま]", "標高値(m)": 495, "種別": "三角点", "都道府県": "鹿児島県", "緯度": 28.800775, "経度": 128.99477 }, "geometry": { "type": "Point", "coordinates": [ 128.994770083, 28.800775417 ] } }
,
{ "type": "Feature", "properties": { "連番": 1051, "索引番号": "995", "山名＜山頂名＞": "湯湾岳", "山名よみ＜山頂名よみ＞": "ゆわんだけ", "標高値(m)": 694, "種別": "三角点", "都道府県": "鹿児島県", "緯度": 28.296088, "経度": 129.32116 }, "geometry": { "type": "Point", "coordinates": [ 129.321160250, 28.296088222 ] } }
,
{ "type": "Feature", "properties": { "連番": 1052, "索引番号": "996", "山名＜山頂名＞": "井之川岳", "山名よみ＜山頂名よみ＞": "いのかわだけ", "標高値(m)": 645, "種別": "三角点", "都道府県": "鹿児島県", "緯度": 27.778702, "経度": 128.983155 }, "geometry": { "type": "Point", "coordinates": [ 128.983154833, 27.778701917 ] } }
,
{ "type": "Feature", "properties": { "連番": 1053, "索引番号": "997", "山名＜山頂名＞": "大山", "山名よみ＜山頂名よみ＞": "おおやま", "標高値(m)": 240, "種別": "三角点", "都道府県": "鹿児島県", "緯度": 27.369144, "経度": 128.5667 }, "geometry": { "type": "Point", "coordinates": [ 128.566699639, 27.369144111 ] } }
,
{ "type": "Feature", "properties": { "連番": 1054, "索引番号": "998", "山名＜山頂名＞": "与那覇岳", "山名よみ＜山頂名よみ＞": "よなはだけ", "標高値(m)": 503, "種別": "標高点", "都道府県": "沖縄県", "緯度": 26.717044, "経度": 128.218696 }, "geometry": { "type": "Point", "coordinates": [ 128.218696199, 26.717044371 ] } }
,
{ "type": "Feature", "properties": { "連番": 1055, "索引番号": "999", "山名＜山頂名＞": "八重岳", "山名よみ＜山頂名よみ＞": "やえだけ", "標高値(m)": 453, "種別": "三角点", "都道府県": "沖縄県", "緯度": 26.635498, "経度": 127.928346 }, "geometry": { "type": "Point", "coordinates": [ 127.928346361, 26.635498389 ] } }
,
{ "type": "Feature", "properties": { "連番": 1056, "索引番号": "1000", "山名＜山頂名＞": "恩納岳", "山名よみ＜山頂名よみ＞": "おんなだけ", "標高値(m)": 363, "種別": "三角点", "都道府県": "沖縄県", "緯度": 26.479362, "経度": 127.874742 }, "geometry": { "type": "Point", "coordinates": [ 127.874742056, 26.479362250 ] } }
,
{ "type": "Feature", "properties": { "連番": 1057, "索引番号": "1001", "山名＜山頂名＞": "於茂登岳", "山名よみ＜山頂名よみ＞": "おもとだけ", "標高値(m)": 526, "種別": "測定点", "都道府県": "沖縄県", "緯度": 24.427171, "経度": 124.183264 }, "geometry": { "type": "Point", "coordinates": [ 124.183264166, 24.427170834 ] } }
,
{ "type": "Feature", "properties": { "連番": 1058, "索引番号": "1002", "山名＜山頂名＞": "古見岳", "山名よみ＜山頂名よみ＞": "こみだけ", "標高値(m)": 470, "種別": "三角点", "都道府県": "沖縄県", "緯度": 24.359226, "経度": 123.891176 }, "geometry": { "type": "Point", "coordinates": [ 123.891176472, 24.359225861 ] } }
,
{ "type": "Feature", "properties": { "連番": 1059, "索引番号": "1003", "山名＜山頂名＞": "宇良部岳", "山名よみ＜山頂名よみ＞": "うらぶだけ", "標高値(m)": 231, "種別": "三角点", "都道府県": "沖縄県", "緯度": 24.452912, "経度": 123.005502 }, "geometry": { "type": "Point", "coordinates": [ 123.005502194, 24.452911528 ] } }
]
}
